id,name,host_id,host_name,neighbourhood_group,neighbourhood,latitude,longitude,room_type,price,minimum_nights,number_of_reviews,last_review,reviews_per_month,calculated_host_listings_count,availability_365,number_of_reviews_ltm,license,month_year,last_scraped,days_since_last_review
1209850299627879424,Central City Rm lounge & office,515270819,Shala,Christchurch City,Central Ward,-43.52442138294538,172.63407703489065,Private room,,1.0,0,,,1,364,0,,2026-5,2026-09-17,
1647321048742690824,"It’s a beautiful cozy, sunny and modern house.",752895797,Mausmi,Christchurch City,Halswell Ward,-43.57572754486418,172.5461325162095,Private room,131.0,1.0,0,,,1,364,0,,2026-5,2026-09-17,
1270593837281972114,Alpha Eco Trip One-Bedroom House,179297759,Peng,Christchurch City,Riccarton Ward,-43.5385502,172.5789156,Entire home/apt,170.0,1.0,0,,,19,364,0,,2026-5,2026-09-17,
1699892176358928909,Stylish CBD Townhouse | Sleeps 6 | Free Parking,49642171,Lily-SimplyHost,Christchurch City,Central Ward,-43.52135,172.63613,Entire home/apt,267.0,1.0,0,,,97,343,0,,2026-5,2026-09-17,
1168534896490432814,Haka House - Twin Room Ensuite,565751605,Haka House Hostel Christchurch,Christchurch City,Central Ward,-43.53220549068963,172.62982281234088,Private room,158.0,1.0,1,2025-02-23,0.06,10,245,0,,2026-5,2026-09-17,571.0
838702289225495288,Gem in Papanui Christchurch,191831593,William,Christchurch City,Papanui Ward,-43.49008,172.61445,Entire home/apt,285.0,3.0,32,2026-05-09,0.77,2,279,9,,2026-5,2026-09-17,131.0
1320855602184109413,A fabulous place on riccarton,669030702,Anh Khoa,Christchurch City,Riccarton Ward,-43.5286,172.56931,Entire home/apt,220.0,1.0,0,,,1,362,0,,2026-5,2026-09-17,
19317417,Enchanting Garden House,128288659,Nicola,Christchurch City,Innes Ward,-43.50574,172.64142,Private room,125.0,1.0,180,2026-08-01,4.16,1,280,59,,2026-5,2026-09-17,47.0
11698497,Westmorland 3 bedroom Apartment,62170065,Maree,Christchurch City,Halswell Ward,-43.58115,172.59828,Entire home/apt,101.0,28.0,54,2025-04-14,0.43,1,105,0,,2026-5,2026-09-17,521.0
1632879210123100783,River view and close to the city centre,747769980,Lynda Abrahams,Christchurch City,Linwood Ward,-43.51928160000001,172.6764591,Entire home/apt,153.0,2.0,8,2026-07-22,1.57,1,314,8,,2026-5,2026-09-17,57.0
1693736509382293718,Penthouse Suite,1693736181308154860,Phillip,Christchurch City,Central Ward,-43.5248348,172.6339237,Entire home/apt,466.0,1.0,0,,,1,196,0,,2026-5,2026-09-17,
552170024764779150,Executive City Pad Free Basement Park CBD 3 Mins,45768555,Hasslefree Accommodation,Christchurch City,Central Ward,-43.53391,172.62885,Entire home/apt,233.0,1.0,211,2026-08-12,3.86,65,302,48,,2026-5,2026-09-17,36.0
1211335509157903882,Spacious 4 Bed Family Home,49642171,Lily-SimplyHost,Christchurch City,Halswell Ward,-43.55986,172.56137,Entire home/apt,356.0,1.0,34,2026-07-23,1.44,97,316,12,,2026-5,2026-09-17,56.0
1543101218053494425,Urban Loft Near Westfield Mall | Walk Everywhere,551181197,Paula Kat Charlotte,Christchurch City,Riccarton Ward,-43.5347972,172.5991005,Entire home/apt,225.0,1.0,57,2026-07-28,5.96,177,240,57,,2026-5,2026-09-17,51.0
1737526007209267681,"Warm, sunny, comfortable convenience",441548977,Kevin,Christchurch City,Innes Ward,-43.50131531127837,172.63581401349182,Entire home/apt,157.0,1.0,0,,,1,175,0,,2026-5,2026-09-17,
1679272478507344603,Relax in this modern and cozy two-level townhouse,740880205,Try William,Christchurch City,Linwood Ward,-43.54178,172.65708,Private room,263.0,1.0,0,,,1,364,0,,2026-5,2026-09-17,
1544511870211763185,"Modern Studio in City Centre,1 min walk to Stadium",54786858,Harmeet,Christchurch City,Central Ward,-43.53116,172.64681,Entire home/apt,95.0,1.0,4,2026-05-09,0.53,5,357,4,,2026-5,2026-09-17,131.0
38964908,Near city centre!,298456605,Tony,Christchurch City,Burwood Ward,-43.51721,172.68845,Private room,,1.0,13,2026-07-02,0.24,5,0,4,,2026-5,2026-09-17,77.0
1625925531745799802,Paradise in the city,151588101,Vanessa,Christchurch City,Harewood Ward,-43.4520028,172.6169367,Private room,212.0,1.0,2,2026-03-21,0.35,2,147,2,,2026-5,2026-09-17,180.0
1672084525596342369,Quiet Comfort Near It All,74811135,Maggie,Christchurch City,Heathcote Ward,-43.55269756380339,172.65023496825444,Entire home/apt,292.0,1.0,3,2026-07-17,1.18,46,273,3,,2026-5,2026-09-17,62.0
1300417823818401975,Central City Apartment with Lift Access,482671075,Care Property Stays,Christchurch City,Central Ward,-43.52956851517966,172.64255425450045,Entire home/apt,176.0,1.0,69,2026-07-24,3.51,184,209,45,,2026-5,2026-09-17,55.0
1394694262014140975,"Luxury 2 Bed, 2 Bath CBD Retreat with Parking",531001980,Eric,Christchurch City,Central Ward,-43.5265134226296,172.6391980995416,Entire home/apt,266.0,1.0,20,2026-08-02,1.28,1,292,14,,2026-5,2026-09-17,46.0
1394499573327862639,Cinema. Parking. GamesRoom. 6 ensuites. Central,653922876,Majestic Stays,Christchurch City,Central Ward,-43.52893349816466,172.65280536512535,Entire home/apt,742.0,1.0,19,2026-08-01,1.19,3,224,13,,2026-5,2026-09-17,47.0
10282667,Brickledown Cottage in Central location......,52886843,Jo,Christchurch City,Central Ward,-43.53154,172.65214,Entire home/apt,270.0,2.0,460,2026-07-06,3.59,1,238,48,,2026-5,2026-09-17,73.0
45081468,Modern Central City Sunny Apartment,363885946,Rebecca,Christchurch City,Central Ward,-43.53336,172.64166,Entire home/apt,241.0,2.0,251,2026-08-10,3.46,1,74,45,,2026-5,2026-09-17,38.0
1110632902620872303,"* Rest Easy in CBD – 2 BRM, Free Park, Fast WiFi",43367626,Sharon,Christchurch City,Central Ward,-43.52645,172.63608,Entire home/apt,277.0,1.0,19,2025-12-22,0.73,18,80,1,,2026-5,2026-09-17,269.0
45264895,5 Large Bedroom Villas Suitable for 10People (CBD),182871907,Mei & Steven,Christchurch City,Central Ward,-43.52995,172.64517,Entire home/apt,821.0,1.0,68,2026-07-04,1.02,2,257,16,,2026-5,2026-09-17,75.0
1734584950708983114,City Town House Whero,245835178,Melanie,Christchurch City,Central Ward,-43.54666,172.62864,Private room,58.0,1.0,1,2026-08-08,1.0,4,60,1,,2026-5,2026-09-17,40.0
1515671309075690122,Central Christchurch Apartment with Parking,551181197,Paula Kat Charlotte,Christchurch City,Central Ward,-43.5341003,172.6423406,Entire home/apt,206.0,1.0,15,2026-06-21,1.39,177,264,15,,2026-5,2026-09-17,88.0
787778775400488819,Beating Heart of Christchurch,202585247,Ohana,Christchurch City,Central Ward,-43.5366847,172.6407056,Entire home/apt,323.0,1.0,246,2026-08-08,5.56,155,94,45,,2026-5,2026-09-17,40.0
737321545556426893,Peaceful and warm home with large garden,146049472,Jaz,Christchurch City,Papanui Ward,-43.5018249,172.6252404,Entire home/apt,,2.0,1,2023-01-02,0.02,1,0,0,,2026-5,2026-09-17,1354.0
779850772856780347,City Townhouse,421969456,Tracey,Christchurch City,Central Ward,-43.5196776,172.6375982,Entire home/apt,551.0,1.0,1,2023-02-26,0.02,2,2,0,,2026-5,2026-09-17,1299.0
1600892187256132244,Queen Cozy bed and room to relax in Christchruch,129005683,Rakesh,Christchurch City,Burwood Ward,-43.495665646691755,172.68725221831963,Private room,65.0,1.0,25,2026-08-10,3.75,2,322,25,,2026-5,2026-09-17,38.0
993870335455542325,Parklands Pad,425092691,Zach,Christchurch City,Coastal Ward,-43.47551,172.69936,Entire home/apt,139.0,1.0,46,2026-03-23,1.33,1,72,4,,2026-5,2026-09-17,178.0
889207356562732871,Sea Side Paradise - Beach Across,514180659,Lux Property Care,Christchurch City,Coastal Ward,-43.503667500739965,172.729149374205,Entire home/apt,208.0,1.0,180,2026-08-02,4.57,3,355,28,,2026-5,2026-09-17,46.0
9734677,"Spacious bedroom, en suit and patio",50228570,Mark,Christchurch City,Banks Peninsula Ward,-43.67916,172.65324,Private room,107.0,2.0,5,2017-02-15,0.04,1,360,0,,2026-5,2026-09-17,3501.0
1344442943703340823,Mill Cottage with Spa and Sauna,675767196,Maree,Christchurch City,Banks Peninsula Ward,-43.8010250016617,172.97953954973758,Entire home/apt,411.0,2.0,39,2026-07-10,2.11,1,162,16,,2026-5,2026-09-17,69.0
1272718399011169311,Grand Hotel & Bar Akaroa - Triple Room En-suite,599729683,Grand Hotel Akaroa,Christchurch City,Banks Peninsula Ward,-43.799554442635696,172.96998607185148,Private room,180.0,1.0,3,2026-07-11,0.2,6,353,2,,2026-5,2026-09-17,68.0
784860907340643953,Parkside Retreat/5mins to airport/Self-Checkin,57576452,Vicky & Vincent,Christchurch City,Waimairi Ward,-43.5000452,172.564801,Entire home/apt,99.0,1.0,550,2026-07-24,12.41,1,191,147,,2026-5,2026-09-17,55.0
1424217811733648920,Home Sweet Home NZ,696102587,Joseph,Christchurch City,Hornby Ward,-43.52174139103217,172.52392370498652,Private room,58.0,1.0,1,2025-08-25,0.08,1,2,1,,2026-5,2026-09-17,388.0
1300965825517285048,Beachfront Tranquility in Tikao Bay,179889874,Kaye,Christchurch City,Banks Peninsula Ward,-43.79532,172.91627,Entire home/apt,360.0,2.0,29,2026-07-11,1.41,1,293,15,,2026-5,2026-09-17,68.0
23025099,Akaroa Sunshine Views and Spa Pool !!,161209435,Annie,Christchurch City,Banks Peninsula Ward,-43.80869,172.97298,Entire home/apt,316.0,2.0,169,2026-07-13,1.63,1,86,7,,2026-5,2026-09-17,66.0
1014092687628570125,Spacious Sunny Cottage Close to Airport,122745656,Catherine,Christchurch City,Waimairi Ward,-43.49792,172.56779,Entire home/apt,187.0,1.0,64,2026-07-24,1.94,1,268,31,,2026-5,2026-09-17,55.0
1279925285982766248,6 Guests Family Home 7 Minutes to Airport,86216394,Min,Christchurch City,Waimairi Ward,-43.51581,172.56005,Entire home/apt,263.0,1.0,95,2026-07-17,4.47,42,143,52,,2026-5,2026-09-17,62.0
25789624,Warm room in modern home,86632390,Trish,Christchurch City,Burwood Ward,-43.47943,172.67865,Private room,85.0,1.0,488,2026-08-01,4.92,1,320,34,,2026-5,2026-09-17,47.0
734995752873045157,"Quirky, Original and Unique - 1980s Dome House",24205506,"Mayie, Judi And Karen At Bookahome",Christchurch City,Waimairi Ward,-43.50411,172.56882,Entire home/apt,170.0,2.0,60,2026-07-17,1.35,81,315,27,,2026-5,2026-09-17,62.0
47980156,Garden Cottage,2352013,Natalie-Rose,Christchurch City,Harewood Ward,-43.510724,172.4977578,Entire home/apt,243.0,2.0,111,2026-07-21,1.65,1,267,26,,2026-5,2026-09-17,58.0
1354774335327608889,Bellbird Bach - Akaroa,678384663,Lisa,Christchurch City,Banks Peninsula Ward,-43.814656563622194,172.96278591367258,Entire home/apt,338.0,1.0,20,2026-04-24,1.21,1,283,17,,2026-5,2026-09-17,146.0
44367152,"Enjoy this magical place,  best views in the bay",302229457,Kimberley,Christchurch City,Banks Peninsula Ward,-43.81169,172.90853,Entire home/apt,422.0,2.0,192,2026-06-01,2.64,1,151,14,,2026-5,2026-09-17,108.0
972834252356958965,Libeau Cottage - Akaroa Holiday Home,145244100,Bachcare,Christchurch City,Banks Peninsula Ward,-43.80246,172.97515,Entire home/apt,,2.0,5,2026-01-13,0.17,1231,365,2,,2026-5,2026-09-17,247.0
20221439,"Two storey estuary house, mins walk to beach.",59688721,Colleen & Shelley,Christchurch City,Coastal Ward,-43.548,172.7459,Entire home/apt,113.0,2.0,28,2025-02-27,0.27,3,222,0,,2026-5,2026-09-17,567.0
811632799967618759,Modern 2BR Townhouse • Free Parking • Near CBD •,280740015,Amy,Christchurch City,Central Ward,-43.51769,172.65613,Entire home/apt,247.0,2.0,9,2024-07-29,0.23,1,219,0,,2026-5,2026-09-17,780.0
1161836416891565693,Cosy house Christchurch,194158366,Gaye,Christchurch City,Papanui Ward,-43.48746580473131,172.61610321700573,Entire home/apt,377.0,2.0,24,2026-04-26,0.96,1,234,14,,2026-5,2026-09-17,144.0
1570117563613342632,Central Stay: 1 Rooms + Private Bath/queen bed,230894269,Vikramjit,Christchurch City,Linwood Ward,-43.52512,172.6758,Private room,149.0,1.0,5,2026-02-27,0.79,1,365,5,,2026-5,2026-09-17,202.0
1658303661418685421,"Luxury homestay 3 rooms, 2 with stunning seaview",47277456,Haoming,Christchurch City,Heathcote Ward,-43.5641209,172.7312406,Private room,548.0,1.0,1,2026-04-14,0.24,1,105,1,,2026-5,2026-09-17,156.0
27821323,Walk along the Beach from a Cosy Studio in Sumner,144414938,Rachel,Christchurch City,Heathcote Ward,-43.57627,172.76412,Entire home/apt,182.0,1.0,499,2026-07-23,5.19,1,185,42,,2026-5,2026-09-17,56.0
893710526906564059,Private 4BR Family Home | Parking | Near Airport,145918006,Stephanie,Christchurch City,Waimairi Ward,-43.50245657311978,172.58197169629517,Entire home/apt,349.0,1.0,162,2026-08-06,4.26,2,153,73,,2026-5,2026-09-17,42.0
1080875914217650592,Airport guest inn,546736648,Rj,Christchurch City,Waimairi Ward,-43.52026,172.53807,Entire home/apt,111.0,1.0,0,,,1,365,0,,2026-5,2026-09-17,
993567873481058119,"Sumner Beach, 2 blocks to the surf!
Monthly",4359511,Chris,Christchurch City,Heathcote Ward,-43.5742792,172.7657466,Entire home/apt,169.0,7.0,3,2024-06-06,0.1,1,20,0,,2026-5,2026-09-17,833.0
16984636,1 Bedroom Studio Full Self Contained and Private,109363834,Ronald Geoffrey,Christchurch City,Linwood Ward,-43.54882,172.68041,Private room,196.0,1.0,0,,,3,352,0,,2026-5,2026-09-17,
16586520,"Comfortable, spacious and affordable.",109363834,Ronald Geoffrey,Christchurch City,Linwood Ward,-43.54827,172.67983,Private room,178.0,1.0,1,2017-01-28,0.01,3,352,0,,2026-5,2026-09-17,3519.0
1040782889758673280,Hidden Treasure in Hornby 2 Beds,74811135,Maggie,Christchurch City,Hornby Ward,-43.54265,172.51748,Entire home/apt,286.0,1.0,36,2026-04-09,1.15,46,222,19,,2026-5,2026-09-17,161.0
48262251,Safe bushy area clean budget 日本人歓迎,37646848,Dave,Christchurch City,Papanui Ward,-43.49945,172.60139,Private room,36.0,1.0,0,,,1,322,0,,2026-5,2026-09-17,
51825750,Studio Unit at Northwood Motor Lodge,155296784,Peter,Christchurch City,Harewood Ward,-43.46947,172.57783,Private room,165.0,1.0,6,2025-02-23,0.19,2,346,0,,2026-5,2026-09-17,571.0
24412641,★ ★ Gorgeous Hideout | Close to Everything ★ ★,184309020,Jason,Christchurch City,Papanui Ward,-43.50031,172.60903,Entire home/apt,152.0,10.0,21,2019-12-25,0.22,1,178,0,,2026-5,2026-09-17,2458.0
17516925,Sea View,118765196,David,Christchurch City,Heathcote Ward,-43.57946,172.76543,Private room,98.0,1.0,151,2026-06-04,1.39,1,260,24,,2026-5,2026-09-17,105.0
1085811449983276963,Luxurious 3 bed home with pool,6120762,Caroline,Christchurch City,Fendalton Ward,-43.5133801,172.6051603,Entire home/apt,904.0,7.0,0,,,1,123,0,,2026-5,2026-09-17,
1713348349880170366,Beautiful Home in Papanui,470640570,Shannon,Christchurch City,Papanui Ward,-43.49668,172.61882,Entire home/apt,2387.0,2.0,1,2026-06-27,0.61,2,189,1,,2026-5,2026-09-17,82.0
22422999,Cass Bay Home with a View,150238968,Michele And Andrew,Christchurch City,Banks Peninsula Ward,-43.60442,172.68787,Private room,151.0,1.0,169,2026-08-02,1.62,1,99,18,,2026-5,2026-09-17,46.0
31414667,Sumner beachfront townhouse,95803725,Ann,Christchurch City,Heathcote Ward,-43.57434,172.76768,Entire home/apt,250.0,1.0,142,2026-07-05,1.55,2,242,14,,2026-5,2026-09-17,74.0
1033721397994868656,Amazing Christchurch City and Alpine Views,437616762,Ketan,Christchurch City,Halswell Ward,-43.5870491,172.6074405,Entire home/apt,153.0,1.0,53,2026-08-11,1.63,1,263,25,,2026-5,2026-09-17,37.0
1052418029842952222,Alpha Motel One-bedroom with Spa,179297759,Peng,Christchurch City,Riccarton Ward,-43.53789,172.57978,Entire home/apt,170.0,1.0,23,2026-04-10,0.73,19,269,8,,2026-5,2026-09-17,160.0
1419925100881496262,"Cosy Luxury Near Airport: Spa, Pool & Breakfast",662925615,Rob And Jane,Christchurch City,Harewood Ward,-43.464952847423774,172.58673954111188,Entire home/apt,140.0,1.0,17,2026-08-08,1.26,1,271,16,,2026-5,2026-09-17,40.0
1388062906413737915,Peaceful Stay in a Cozy House,80754245,Johanna,Christchurch City,Cashmere Ward,-43.560279418203265,172.631662355008,Private room,80.0,1.0,6,2026-06-21,0.94,1,233,6,,2026-5,2026-09-17,88.0
1393678315391390094,Modern Central Apartment - Christchurch Apartment,145244100,Bachcare,Christchurch City,Riccarton Ward,-43.528,172.61186,Entire home/apt,,2.0,3,2025-12-06,0.22,1231,364,2,,2026-5,2026-09-17,285.0
656228133419711952,"Triple-private entrance, balcony and kitchenette",1743811,Kelly,Christchurch City,Spreydon Ward,-43.55059,172.60995,Private room,54.0,1.0,11,2026-05-10,0.23,4,107,7,,2026-5,2026-09-17,130.0
747299313315958022,"Latimer Apartment | City Centre, Sleeps 6",81390838,Perfect Stays,Christchurch City,Central Ward,-43.5304985,172.64199829,Entire home/apt,749.0,1.0,51,2026-07-31,1.11,28,311,11,,2026-5,2026-09-17,48.0
1324806921564857992,Whitewood Suites Apartment 3C,235559091,Nicki,Christchurch City,Central Ward,-43.52638,172.64242,Entire home/apt,261.0,1.0,16,2026-03-08,0.88,3,164,5,,2026-5,2026-09-17,193.0
1188874397116761984,Dual Studio Apartments CBD,331763232,Managed By Williams,Christchurch City,Central Ward,-43.5384824,172.6314104,Entire home/apt,229.0,1.0,0,,,165,203,0,,2026-5,2026-09-17,
1034180728840003190,Cozy room near Sumner,295619094,Yu,Christchurch City,Linwood Ward,-43.53731,172.6694,Private room,,1.0,13,2026-05-10,0.43,1,262,8,,2026-5,2026-09-17,130.0
28764644,Affordable CBD Studio For 4!  - Free Parking,180772694,Andrew,Christchurch City,Fendalton Ward,-43.52201,172.62124,Entire home/apt,181.0,1.0,212,2026-08-03,2.3,2,319,56,,2026-5,2026-09-17,45.0
1672186886697749401,Holiday in a Paradise,196930452,Sachi,Christchurch City,Riccarton Ward,-43.53458143340214,172.59898093812834,Entire home/apt,205.0,1.0,0,,,1,338,0,,2026-5,2026-09-17,
40039494,"Parkside Retreat w/ Spa Pool, Mini Golf & 85"" TV",133825107,Yvette,Christchurch City,Riccarton Ward,-43.52922,172.61152,Entire home/apt,281.0,2.0,74,2026-07-13,0.92,2,80,34,,2026-5,2026-09-17,66.0
772119345048680386,Beautiful Home w/Parking | 5 min to One NZ Stadium,131734373,Alicia,Christchurch City,Linwood Ward,-43.54946,172.6722883,Entire home/apt,258.0,1.0,225,2026-07-11,5.0,10,253,41,,2026-5,2026-09-17,68.0
1362639425356508454,"Warm, Welcoming Close to town",327641415,Aarish,Christchurch City,Heathcote Ward,-43.55306905838775,172.64697585428962,Private room,82.0,1.0,0,,,1,87,0,,2026-5,2026-09-17,
40422556,"Family Home, Ideal for Relocations, Pets Welcome!",53394004,Sharon,Christchurch City,Linwood Ward,-43.552921,172.669952,Entire home/apt,214.0,3.0,72,2026-07-20,1.3,1,12,14,,2026-5,2026-09-17,59.0
49930417,"LOCATION, LOCATION! SUNNY TOWNHOUSE IN MERIVALE",386394417,Kimberly,Christchurch City,Fendalton Ward,-43.51329,172.62607,Entire home/apt,411.0,2.0,152,2026-07-10,2.42,1,186,29,,2026-5,2026-09-17,69.0
932012534868312966,Cosy Oasis Close To CBD,368515906,Jed,Christchurch City,Central Ward,-43.52619,172.66697,Entire home/apt,262.0,1.0,141,2026-07-11,3.76,4,283,26,,2026-5,2026-09-17,68.0
1126254016142397203,Luxury 2-Bed Townhouse | CBD Stadium View,49642171,Lily-SimplyHost,Christchurch City,Central Ward,-43.53623620649845,172.64828637242317,Entire home/apt,326.0,1.0,15,2026-04-06,0.53,97,181,5,,2026-5,2026-09-17,164.0
1693240020235881202,City Central Studio Retreat with Parking,54786858,Harmeet,Christchurch City,Central Ward,-43.53170520683471,172.64705366452725,Entire home/apt,97.0,1.0,0,,,5,355,0,,2026-5,2026-09-17,
35468896,Orari - Room 06,258827985,Ashton,Christchurch City,Central Ward,-43.52999,172.63034,Hotel room,250.0,1.0,2,2022-05-20,0.04,10,199,0,,2026-5,2026-09-17,1581.0
1052298247844448567,Alpha Motel Elite Spa Studio,179297759,Peng,Christchurch City,Riccarton Ward,-43.5384412,172.5789749,Entire home/apt,148.0,1.0,20,2026-03-17,0.82,19,269,11,,2026-5,2026-09-17,184.0
31523797,ROOM TO RENT,234664735,Kelera T,Christchurch City,Hornby Ward,-43.53459,172.53118,Private room,144.0,30.0,0,,,1,364,0,,2026-5,2026-09-17,
1481440688749884098,"Comfortable apartment, great location.",306300917,Ruth,Christchurch City,Spreydon Ward,-43.55579,172.60621,Entire home/apt,162.0,1.0,16,2026-08-09,6.58,1,57,16,,2026-5,2026-09-17,39.0
1096084875400475669,Cosy 1 bed Studio Motel Apartment in Central City,158374437,Sharon,Christchurch City,Central Ward,-43.532356687264695,172.64601822942495,Entire home/apt,146.0,1.0,81,2026-07-08,2.78,1,137,24,,2026-5,2026-09-17,71.0
1576385601405932233,Christchurch Worcester Street 2 bedroom Apt,21389379,Christine,Christchurch City,Central Ward,-43.53068,172.64784,Entire home/apt,276.0,2.0,8,2026-07-11,1.26,5,224,8,,2026-5,2026-09-17,68.0
1405824387746978888,Charming house in Montreal,213361214,Sheun,Christchurch City,Central Ward,-43.5465904,172.630358,Private room,91.0,1.0,23,2026-03-05,1.46,2,357,15,,2026-5,2026-09-17,196.0
1489571233658539803,"Modern city apartment
close to the stadium",568640440,Bernadette Smith,Christchurch City,Central Ward,-43.5311992,172.6399008,Entire home/apt,189.0,1.0,36,2026-08-10,5.45,1,317,36,,2026-5,2026-09-17,38.0
1680985467821086972,Modern Cozy Apartment 8 mins from City Centre,681606807,Chiara,Christchurch City,Heathcote Ward,-43.54743894719567,172.65060874452735,Entire home/apt,,1.0,0,,,1,0,0,,2026-5,2026-09-17,
1211180338045862607,City Centre Class with Free Parking,23278101,Jason,Christchurch City,Central Ward,-43.5246909,172.6356671,Entire home/apt,270.0,1.0,81,2026-06-25,3.3,19,293,41,,2026-5,2026-09-17,84.0
1138044821739788027,Superior King Ensuite in City Centre,573074023,Drifter,Christchurch City,Central Ward,-43.53333,172.63831,Private room,272.0,1.0,5,2025-10-10,0.23,13,321,3,,2026-5,2026-09-17,342.0
1153072062380827393,"Central CBD | Walk to Te Pae, Stadium + Parking",40726446,Sarah,Christchurch City,Central Ward,-43.53066099999999,172.6385368,Entire home/apt,202.0,1.0,110,2026-08-12,4.03,4,224,35,,2026-5,2026-09-17,36.0
1030519512454612861,NEW CBD Bright&Warm Home Free Parking,86216394,Min,Christchurch City,Central Ward,-43.53235,172.64006,Entire home/apt,,1.0,92,2026-04-19,2.79,42,0,10,,2026-5,2026-09-17,151.0
1709707140933674458,Family room. Near city centre.,298456605,Tony,Christchurch City,Burwood Ward,-43.51701,172.6891,Private room,104.0,1.0,2,2026-07-14,1.58,5,40,2,,2026-5,2026-09-17,65.0
1627122125150465080,paradise in town 2,151588101,Vanessa,Christchurch City,Harewood Ward,-43.4520028,172.6169367,Private room,172.0,1.0,0,,,2,89,0,,2026-5,2026-09-17,
1738631307833245565,Urban Oasis - Christchurch Holiday Home,145244100,Bachcare,Christchurch City,Central Ward,-43.52147700215125,172.64583654210327,Entire home/apt,,2.0,0,,,1231,361,0,,2026-5,2026-09-17,
35468900,Orari - Room 08,258827985,Ashton,Christchurch City,Central Ward,-43.53,172.63025,Hotel room,249.0,1.0,7,2026-08-12,0.14,10,191,2,,2026-5,2026-09-17,36.0
1512196848079901293,Sumner Living,159979528,Mike,Christchurch City,Heathcote Ward,-43.57232267966111,172.76227958500385,Entire home/apt,,3.0,4,2026-02-07,0.54,1,0,4,,2026-5,2026-09-17,222.0
43971005,One central apartments city centre,128163295,Rachael,Christchurch City,Central Ward,-43.5339,172.64374,Entire home/apt,272.0,1.0,115,2026-04-26,1.55,3,54,8,,2026-5,2026-09-17,144.0
39403375,Wigram sunny room,302657091,Hongmei,Christchurch City,Halswell Ward,-43.55884,172.55375,Private room,,1.0,1,2019-12-31,0.01,2,0,0,,2026-5,2026-09-17,2452.0
3852872,Yurt in the Garden,12996972,Jane,Christchurch City,Banks Peninsula Ward,-43.78759,172.81975,Private room,110.0,1.0,136,2026-04-05,0.95,2,36,7,,2026-5,2026-09-17,165.0
1434626918925418520,Stylish Central City Retreat,48064687,Tuck Chin,Christchurch City,Central Ward,-43.52895271981518,172.6440874358199,Entire home/apt,,2.0,4,2025-11-02,0.37,1,0,4,,2026-5,2026-09-17,319.0
1385778189202993915,Modern Townhouse | Prime Location + Carpark,551181197,Paula Kat Charlotte,Christchurch City,Central Ward,-43.5257355,172.6357443,Entire home/apt,223.0,1.0,83,2026-08-09,5.02,177,252,59,,2026-5,2026-09-17,39.0
1411251673595779300,Family City Escape – 4BR Home Sleeps 9,49642171,Lily-SimplyHost,Christchurch City,Fendalton Ward,-43.5107564,172.6005923,Entire home/apt,976.0,1.0,7,2026-07-16,0.47,97,74,4,,2026-5,2026-09-17,63.0
1524226606019319722,Cozy & Comfortable Home in Riccarton,74811135,Maggie,Christchurch City,Riccarton Ward,-43.5304,172.60599,Entire home/apt,259.0,1.0,6,2026-02-28,0.97,46,244,6,,2026-5,2026-09-17,201.0
1608572829787605856,"City Stay, Sleeps 6 - Walk to One NZ Stadium",551181197,Paula Kat Charlotte,Christchurch City,Central Ward,-43.5315768,172.6479961,Entire home/apt,214.0,1.0,18,2026-07-29,2.77,177,273,18,,2026-5,2026-09-17,50.0
1429281,Self contained & fully equipped,7619275,Liz & Gordon,Christchurch City,Halswell Ward,-43.56982,172.55229,Private room,70.0,5.0,211,2026-08-04,1.33,1,308,22,,2026-5,2026-09-17,44.0
1526558117840908773,Large sunny bedroom with full ensuite,557148151,Sarah,Christchurch City,Riccarton Ward,-43.52974,172.57154,Private room,47.0,30.0,0,,,1,250,0,,2026-5,2026-09-17,
1708538076848195944,Mona garden Luxury 4BR Retreat with hot tub,211195948,Jenny,Christchurch City,Riccarton Ward,-43.5246778,172.6070941,Entire home/apt,955.0,1.0,2,2026-07-13,1.5,19,179,2,,2026-5,2026-09-17,66.0
1541824910995132807,Saint Albans Stunner,145741479,Debbie,Christchurch City,Innes Ward,-43.5119254,172.6404695,Entire home/apt,252.0,2.0,23,2026-07-12,3.0,1,124,23,,2026-5,2026-09-17,67.0
31903653,Protea Cottage.  A place to connect with nature.,239163263,Tom,Christchurch City,Banks Peninsula Ward,-43.79172,172.82681,Entire home/apt,143.0,2.0,182,2026-07-11,1.99,1,199,13,,2026-5,2026-09-17,68.0
1644039956166364132,Lovely Place to Stay in Christchurch,752102544,Priya,Christchurch City,Harewood Ward,-43.48838968964933,172.59215297434386,Entire home/apt,93.0,1.0,57,2026-08-13,12.67,1,285,57,,2026-5,2026-09-17,35.0
29266100,"Luxurious House, Sunny & Inviting, 3 king beds",74398185,Rob,Christchurch City,Innes Ward,-43.51096,172.6328,Entire home/apt,411.0,1.0,178,2026-04-04,1.89,4,250,7,,2026-5,2026-09-17,166.0
1302595906584707969,Riverside Retreat on Terrace | Pet Friendly,172091254,Liron,Christchurch City,Cashmere Ward,-43.56912543870599,172.64203955120746,Entire home/apt,303.0,2.0,50,2026-08-06,2.48,1,21,25,,2026-5,2026-09-17,42.0
1425791567695773558,"Resort Style, 30°C indoor pool, whole house",21461254,Philip,Christchurch City,Cashmere Ward,-43.581102096490575,172.639835340182,Entire home/apt,1293.0,2.0,5,2026-08-08,0.83,2,318,5,,2026-5,2026-09-17,40.0
1435223539534463655,Comfy room near hills and ocean,157306656,Bridie,Christchurch City,Heathcote Ward,-43.55739,172.66933,Private room,86.0,1.0,0,,,1,76,0,,2026-5,2026-09-17,
33344341,"Walk to One NZ Stadium, Te Pae + Secure Parking",251184563,Tania,Christchurch City,Central Ward,-43.52897,172.6426,Entire home/apt,307.0,1.0,55,2026-07-17,0.62,3,356,9,,2026-5,2026-09-17,62.0
1094720223157715416,Spacious 2BR Stay in Salisbury Street,331763232,Managed By Williams,Christchurch City,Central Ward,-43.52429473,172.63625633,Entire home/apt,177.0,1.0,32,2026-07-19,1.06,165,75,20,,2026-5,2026-09-17,60.0
1383649095119345614,Modern 2BR House on Madras Street,331763232,Managed By Williams,Christchurch City,Central Ward,-43.5233333,172.6422111,Entire home/apt,262.0,1.0,14,2026-07-11,0.86,165,191,11,,2026-5,2026-09-17,68.0
1059780873612306655,City heaven on Tuam Street 2beds1bath,86216394,Min,Christchurch City,Central Ward,-43.53525,172.63105,Entire home/apt,213.0,1.0,87,2026-07-18,2.79,42,163,48,,2026-5,2026-09-17,61.0
1182783472671692163,Merivale/Hagley Park Favourite - Stylish & Quiet,584521739,Suzie,Christchurch City,Fendalton Ward,-43.52137,172.61819,Entire home/apt,416.0,1.0,76,2026-06-06,2.93,2,174,28,,2026-5,2026-09-17,103.0
1652729429940047013,Shares house in the CBD,254344572,Rocio,Christchurch City,Central Ward,-43.52474880457579,172.63734752597543,Private room,65.0,1.0,0,,,1,247,0,,2026-5,2026-09-17,
1463595538153568051,3BR Townhouse with Garage - Group and Fam Friendly,573419952,Bruce,Christchurch City,Central Ward,-43.5312116,172.6474848,Entire home/apt,531.0,1.0,14,2026-04-11,1.15,8,234,14,,2026-5,2026-09-17,159.0
1615152766965283892,Villa Akaroa - Akaroa Pet Friendly Holiday Home,145244100,Bachcare,Christchurch City,Banks Peninsula Ward,-43.80827169872641,172.96413871822938,Entire home/apt,,2.0,0,,,1231,363,0,,2026-5,2026-09-17,
1624429271657813751,Modern Private Room – Ensuite & Walk-In Wardrobe,54786858,Harmeet,Christchurch City,Central Ward,-43.53343,172.64513,Private room,96.0,1.0,0,,,5,361,0,,2026-5,2026-09-17,
1604770657887160295,Stylish Studio in the heart of the city,221660236,Lalita,Christchurch City,Central Ward,-43.53857,172.63466,Entire home/apt,172.0,1.0,0,,,1,199,0,,2026-5,2026-09-17,
1596880558762783722,Bath Street City Studio,265695089,Melissa,Christchurch City,Central Ward,-43.53903820000001,172.6343875,Entire home/apt,279.0,1.0,0,,,2,25,0,,2026-5,2026-09-17,
991557225618100735,Sunny room on the hill.,229007006,Constantin,Christchurch City,Heathcote Ward,-43.56417,172.72126,Private room,150.0,2.0,2,2026-02-28,0.07,1,269,1,,2026-5,2026-09-17,201.0
1662053095383752935,"Front Row Loft | Designer Stay, Stadium & CBD",439038269,Serena,Christchurch City,Central Ward,-43.5331427348189,172.65026344859052,Entire home/apt,168.0,2.0,10,2026-08-06,2.52,7,355,10,,2026-5,2026-09-17,42.0
1319966932691580728,The perfect stopover for the two of you,77196518,Jill,Christchurch City,Hornby Ward,-43.53337,172.52153,Private room,78.0,1.0,17,2026-08-02,0.87,5,3,9,,2026-5,2026-09-17,46.0
1744832831145923677,Cozy 3BR Home in Hornby | Games Room | Airport,21349630,Katie,Christchurch City,Hornby Ward,-43.54496,172.52825,Entire home/apt,230.0,1.0,0,,,2,364,0,,2026-5,2026-09-17,
998075699838206880,Chic Modern Town House in Riccarton w/Free Parking,682808597,Devon,Christchurch City,Riccarton Ward,-43.53629,172.59765,Entire home/apt,472.0,1.0,77,2026-08-02,2.29,28,65,33,,2026-5,2026-09-17,46.0
1467930829699242078,Compact Studio with free Parking,573757538,Prince,Christchurch City,Riccarton Ward,-43.53715381551839,172.6005887248384,Entire home/apt,115.0,1.0,18,2026-05-21,1.41,7,360,15,,2026-5,2026-09-17,119.0
1333743199346706709,Central place to airport & city,559408430,Jaspreet,Christchurch City,Papanui Ward,-43.49713996514986,172.59853225080877,Private room,75.0,1.0,26,2026-05-15,1.41,1,317,19,,2026-5,2026-09-17,125.0
1131443215122719709,Urban Retreat at 8 Wilmer: Upper Level Studio Gem,482671075,Care Property Stays,Christchurch City,Central Ward,-43.5387002,172.6311839,Entire home/apt,218.0,1.0,58,2026-07-30,2.04,184,232,10,,2026-5,2026-09-17,49.0
1542401209954467677,Double Room with Garden view,380020623,Parisa,Christchurch City,Harewood Ward,-43.4769475,172.582565,Private room,133.0,1.0,4,2026-03-22,0.46,2,337,4,,2026-5,2026-09-17,179.0
1634784253590782411,That's the ONE,387364607,Kyle,Christchurch City,Central Ward,-43.53215051257419,172.65111243268058,Entire home/apt,908.0,1.0,0,,,1,208,0,,2026-5,2026-09-17,
1610516497521626704,"Serenity in the City Centre. Sleeps 6, has carpark",482671075,Care Property Stays,Christchurch City,Central Ward,-43.52211,172.63715,Entire home/apt,227.0,1.0,12,2026-08-01,1.88,184,259,12,,2026-5,2026-09-17,47.0
809719963522999386,Your own space in an apartment. Close to stadiums,10376640,Sue,Christchurch City,Spreydon Ward,-43.55085,172.59585,Private room,97.0,1.0,72,2026-07-22,1.67,1,258,28,,2026-5,2026-09-17,57.0
26822189,Central City Apartment,114687337,Garry,Christchurch City,Central Ward,-43.52452,172.63319,Entire home/apt,146.0,1.0,1086,2026-07-27,11.03,1,154,105,,2026-5,2026-09-17,52.0
42203640,City Centre Studio Apartment,281110869,City Centre,Christchurch City,Central Ward,-43.52148,172.63849,Entire home/apt,152.0,1.0,179,2026-07-09,2.37,5,361,13,,2026-5,2026-09-17,70.0
27229318,"Rest nest, ensuite bedroom",77141232,Robert,Christchurch City,Central Ward,-43.51619,172.63945,Private room,108.0,1.0,78,2025-04-19,0.8,2,72,0,,2026-5,2026-09-17,516.0
1048696109735271957,"No Cleaning Fee, Standard Studio",301768563,V,Christchurch City,Papanui Ward,-43.4894977,172.6148928,Entire home/apt,206.0,1.0,2,2024-03-17,0.06,2,334,0,,2026-5,2026-09-17,914.0
968224198043666870,Room,516048910,Heer,Christchurch City,Innes Ward,-43.49815,172.65054,Private room,64.0,1.0,0,,,1,89,0,,2026-5,2026-09-17,
1474876445531700166,Christchurch escape pod- 1 bed loft,377176109,Paula,Christchurch City,Hornby Ward,-43.5492684,172.5293431,Entire home/apt,173.0,1.0,47,2026-07-25,3.76,2,325,46,,2026-5,2026-09-17,54.0
1483133910104107133,Travellers' dream close2 airport,365360819,Chao,Christchurch City,Papanui Ward,-43.4931863,172.6123595,Entire home/apt,262.0,1.0,21,2026-08-07,1.86,8,97,21,,2026-5,2026-09-17,41.0
1383637441077594753,Relaxed & Refined: 2BR Home on Wilmer Street,331763232,Managed By Williams,Christchurch City,Central Ward,-43.538648,172.6324918,Entire home/apt,225.0,1.0,32,2026-07-15,1.94,165,204,31,,2026-5,2026-09-17,64.0
960264228751451152,Beautiful Central City Villa - Whole House,524202117,Richard,Christchurch City,Central Ward,-43.53104,172.64589,Entire home/apt,845.0,2.0,36,2026-05-28,1.2,1,291,13,,2026-5,2026-09-17,112.0
1301983968678140951,Studio with City Views – Bath Street,331763232,Managed By Williams,Christchurch City,Central Ward,-43.5392668,172.6349548,Entire home/apt,145.0,1.0,35,2026-05-10,1.74,165,261,18,,2026-5,2026-09-17,130.0
1114206280501111484,Latimer Square Luxe: 1BR w/ Sofa Bed,551181197,Paula Kat Charlotte,Christchurch City,Central Ward,-43.5325,172.64289,Entire home/apt,179.0,1.0,130,2026-08-02,4.46,177,251,91,,2026-5,2026-09-17,46.0
1035878258810578984,Stunning Summer Holiday Rental,102449321,Sean,Christchurch City,Halswell Ward,-43.56091,172.56994,Entire home/apt,235.0,30.0,0,,,1,263,0,,2026-5,2026-09-17,
1697484846361952359,City Central Studio Retreat with Parking,54786858,Harmeet,Christchurch City,Central Ward,-43.53336816216701,172.64512636920946,Entire home/apt,96.0,1.0,0,,,5,340,0,,2026-5,2026-09-17,
1745900733067939581,Memory Lane Retreat | CBD + Free Parking,49642171,Lily-SimplyHost,Christchurch City,Central Ward,-43.5362039028844,172.6402668343393,Entire home/apt,200.0,1.0,0,,,97,356,0,,2026-5,2026-09-17,
47803282,Female Dormitory,270614463,Samuel William,Christchurch City,Central Ward,-43.53307,172.62848,Private room,65.0,1.0,37,2026-03-27,0.6,14,311,7,,2026-5,2026-09-17,174.0
1605663575884713764,City Fringe Retreat | EV Carpark | Close to CBD,268834981,Alice,Christchurch City,Central Ward,-43.51975,172.65349,Entire home/apt,198.0,2.0,3,2026-07-10,0.73,1,38,3,,2026-5,2026-09-17,69.0
787979355756504575,Triple room.  Near city center.,298456605,Tony,Christchurch City,Burwood Ward,-43.51701,172.68864,Private room,,1.0,36,2026-05-30,0.81,5,0,11,,2026-5,2026-09-17,110.0
799575130397520641,Relax in Redcliffs,5155590,Emma,Christchurch City,Heathcote Ward,-43.56018,172.73649,Entire home/apt,,1.0,0,,,1,0,0,,2026-5,2026-09-17,
975511391810470430,The Bolthole - Charteris Bay Holiday Home,145244100,Bachcare,Christchurch City,Banks Peninsula Ward,-43.64786,172.71141,Entire home/apt,,4.0,2,2025-02-14,0.1,1231,365,0,,2026-5,2026-09-17,580.0
962366676060650618,#Just4Goleman,443017458,Jay,Christchurch City,Innes Ward,-43.49873,172.63975,Private room,97.0,16.0,0,,,1,269,0,,2026-5,2026-09-17,
26496389,Coastal Cosy Sun-drenched on Beachville,180222253,Tracy,Christchurch City,Heathcote Ward,-43.56201,172.73815,Entire home/apt,370.0,1.0,160,2026-07-26,1.67,1,250,7,,2026-5,2026-09-17,53.0
1652654543168812433,nortons road,68328449,Simone,Christchurch City,Waimairi Ward,-43.52492533335968,172.55632144836386,Entire home/apt,,1.0,0,,,2,0,0,,2026-5,2026-09-17,
855200137555423119,Central City Apartment With A View,92664364,Francis,Christchurch City,Central Ward,-43.5370293,172.6385295,Entire home/apt,,1.0,30,2026-04-24,0.73,1,0,13,,2026-5,2026-09-17,146.0
30595949,Large Double Room North New Brighton Christchurch,52522304,Michael,Christchurch City,Coastal Ward,-43.50095,172.71318,Private room,52.0,7.0,17,2026-04-17,0.18,2,214,4,,2026-5,2026-09-17,153.0
1703857557217473691,Spacious one bedroom apartment - Close to Airport!,749412607,Airport Gateway Christchurch,Christchurch City,Waimairi Ward,-43.498833,172.5602016,Private room,223.0,1.0,2,2026-07-19,2.0,5,321,2,,2026-5,2026-09-17,60.0
1298764837953828661,Families and Groups Chch Airport Spa Pool,551181197,Paula Kat Charlotte,Christchurch City,Harewood Ward,-43.4782407,172.5569682,Entire home/apt,588.0,1.0,39,2026-08-01,1.88,177,66,24,,2026-5,2026-09-17,47.0
28996839,Feel the serenity **Perfect for families**,97342975,Jody,Christchurch City,Banks Peninsula Ward,-43.81305,172.96555,Entire home/apt,284.0,2.0,264,2026-07-09,2.78,1,153,32,,2026-5,2026-09-17,70.0
1115317567447171240,Beachside Nest,16959135,Jo,Christchurch City,Coastal Ward,-43.50892429260995,172.73138891905546,Entire home/apt,230.0,2.0,37,2026-05-14,1.28,1,40,15,,2026-5,2026-09-17,126.0
29660940,Teeming House/Family Home near Airport,56790664,Candy,Christchurch City,Waimairi Ward,-43.49583,172.56887,Entire home/apt,238.0,1.0,474,2026-04-25,5.46,5,205,40,,2026-5,2026-09-17,145.0
46316531,Akaroa Townhouse Steps to Wharf,24205506,"Mayie, Judi And Karen At Bookahome",Christchurch City,Banks Peninsula Ward,-43.80961990356445,172.96246337890625,Entire home/apt,407.0,2.0,42,2026-07-07,0.62,81,320,10,,2026-5,2026-09-17,72.0
665517904619564738,Woodills Wonderland - Akaroa Holiday Home,145244100,Bachcare,Christchurch City,Banks Peninsula Ward,-43.80123,172.97079,Entire home/apt,,2.0,13,2025-11-15,0.33,1231,365,2,,2026-5,2026-09-17,306.0
1009116747266842346,Peaceful and sunny studio,85429411,Emily,Christchurch City,Heathcote Ward,-43.55828,172.73674,Entire home/apt,173.0,3.0,18,2026-04-11,0.61,1,247,6,,2026-5,2026-09-17,159.0
41113877,Tranquil hideaway,24561336,Maree,Christchurch City,Banks Peninsula Ward,-43.81493,172.96426,Entire home/apt,350.0,1.0,429,2026-08-08,5.34,1,295,52,,2026-5,2026-09-17,40.0
17612186,Tree House with Hot Tub,56150980,Lynnie,Christchurch City,Banks Peninsula Ward,-43.80356,172.99224,Private room,188.0,2.0,83,2026-02-28,0.77,3,136,4,,2026-5,2026-09-17,201.0
1538801237700779080,Toad Hall - Akaroa Holiday Home,145244100,Bachcare,Christchurch City,Banks Peninsula Ward,-43.799768445278794,173.00022595347068,Entire home/apt,,2.0,3,2026-06-08,0.8,1231,365,3,,2026-5,2026-09-17,101.0
688822012514899028,West peak Cottage- Okains Bay,430010262,Phoebe,Christchurch City,Banks Peninsula Ward,-43.7207,173.03453,Entire home/apt,201.0,1.0,63,2026-02-07,1.36,1,272,4,,2026-5,2026-09-17,222.0
1488150643452622526,Warm Family Home near CHCH Airport with Parking,551181197,Paula Kat Charlotte,Christchurch City,Waimairi Ward,-43.5180903,172.552326,Entire home/apt,423.0,1.0,0,,,177,272,0,,2026-5,2026-09-17,
1048232879335861473,Quiet and secluded in Sumner,413609185,Adam,Christchurch City,Heathcote Ward,-43.58516,172.7527,Entire home/apt,,5.0,0,,,1,269,0,,2026-5,2026-09-17,
1597542248359490360,3 bedroom Family home in Lyttelton Harbour,95221830,Candice,Christchurch City,Banks Peninsula Ward,-43.60051,172.7126,Entire home/apt,297.0,1.0,1,2026-03-30,0.22,3,11,1,,2026-5,2026-09-17,171.0
1162520369919656333,Serene Living: 2-bed w/ Carpark,551181197,Paula Kat Charlotte,Christchurch City,Central Ward,-43.5126921,172.665254,Entire home/apt,277.0,1.0,68,2026-08-01,2.54,177,263,17,,2026-5,2026-09-17,47.0
1745489613960595756,Spacious 4BR Retreat | Halswell Domain Park & Lake,202585247,Ohana,Christchurch City,Halswell Ward,-43.579602,172.5751717,Entire home/apt,373.0,1.0,0,,,155,150,0,,2026-5,2026-09-17,
868364088455534956,"Studio B | Sleeps 4, Walk to Beach",81390838,Perfect Stays,Christchurch City,Heathcote Ward,-43.56733,172.75834,Entire home/apt,1004.0,1.0,7,2026-07-12,0.24,28,50,2,,2026-5,2026-09-17,67.0
1038906639695908558,One Bedroom up for grabs,521722847,William,Christchurch City,Fendalton Ward,-43.50581,172.61695,Private room,93.0,1.0,0,,,2,269,0,,2026-5,2026-09-17,
859056316757461135,"Under the Yellow Canopy, Mt Pleasant, Christchurch",36298173,Lynette,Christchurch City,Heathcote Ward,-43.558051685114805,172.71436006444094,Entire home/apt,205.0,1.0,114,2026-08-03,2.8,1,192,36,,2026-5,2026-09-17,45.0
39559004,Deluxe Standard Cabin,98758734,North South Holiday Park,Christchurch City,Harewood Ward,-43.47004,172.57088,Private room,110.0,1.0,31,2026-01-12,0.38,20,361,2,,2026-5,2026-09-17,248.0
1732226199103901584,Room In Addington,521392559,Jasneet Singh,Christchurch City,Spreydon Ward,-43.545243,172.6064248,Private room,125.0,1.0,0,,,2,363,0,,2026-5,2026-09-17,
1625881190343364151,Monck's Bay Retreat - Historic Site,8558995,Judith,Christchurch City,Heathcote Ward,-43.56702,172.7451,Private room,113.0,1.0,14,2026-07-28,2.46,3,353,14,,2026-5,2026-09-17,51.0
3115193,Beautiful Entire Home Overlooking Harbour,729315,Linda Jean,Christchurch City,Banks Peninsula Ward,-43.59760284423828,172.7147979736328,Entire home/apt,403.0,2.0,6,2025-01-06,0.06,1,54,0,,2026-5,2026-09-17,619.0
578524004248188387,Luxury hill retreat - private spa and epic views,38888165,Colleen,Christchurch City,Heathcote Ward,-43.57344927071493,172.74799834970196,Entire home/apt,1016.0,5.0,1,2026-01-02,0.13,1,267,1,,2026-5,2026-09-17,258.0
1616086744648740233,"Private Room
 - Sumner Beach Retreat",107606354,Callum,Christchurch City,Heathcote Ward,-43.56922,172.75977,Private room,144.0,1.0,1,2026-02-21,0.17,2,288,1,,2026-5,2026-09-17,208.0
1043242154679592063,Classy Modern Unit 6 mins from Airport & shops/bus,28774099,Liz,Christchurch City,Harewood Ward,-43.4864933,172.5852899,Entire home/apt,196.0,1.0,59,2026-08-08,1.85,3,272,29,,2026-5,2026-09-17,40.0
35525197,West Wing in Burnside - 5 minutes from the airport,267278457,Rosemarie And Ramon,Christchurch City,Waimairi Ward,-43.49749,172.57014,Entire home/apt,168.0,2.0,140,2026-04-19,1.62,1,39,11,,2026-5,2026-09-17,151.0
1048118207177320749,Relax Spa One-bedroom,179297759,Peng,Christchurch City,Riccarton Ward,-43.5384412,172.5789749,Entire home/apt,170.0,1.0,3,2025-01-09,0.09,19,269,0,,2026-5,2026-09-17,616.0
1578812769040218795,Cosy 2BR Retreat | Family Friendly,237732864,Abin,Christchurch City,Linwood Ward,-43.55504,172.68382,Entire home/apt,167.0,1.0,3,2026-07-25,2.09,1,114,3,,2026-5,2026-09-17,54.0
15487609,Luxury & Quiet stay @ Entire House in Christchurch,99451014,David,Christchurch City,Halswell Ward,-43.58421767066455,172.58212228465575,Entire home/apt,590.0,1.0,38,2026-04-28,0.85,1,158,14,,2026-5,2026-09-17,142.0
988520051301728024,3 Bed 2.5 Bath Riccarton W/Games room,482671075,Care Property Stays,Christchurch City,Riccarton Ward,-43.5329889,172.592829,Entire home/apt,260.0,1.0,252,2026-08-02,7.25,184,214,79,,2026-5,2026-09-17,46.0
1271971778371254681,The boat shed,28958504,Dan & Mary,Christchurch City,Banks Peninsula Ward,-43.6182023,172.6568574,Entire home/apt,143.0,2.0,39,2026-05-31,1.81,1,77,20,,2026-5,2026-09-17,109.0
1036401474743681775,Studio with a View,82363146,Wendy,Christchurch City,Cashmere Ward,-43.58538,172.63654,Entire home/apt,137.0,1.0,94,2026-03-19,2.9,3,268,19,,2026-5,2026-09-17,182.0
39736856,Secluded garden getaway,116149005,Leonie,Christchurch City,Hornby Ward,-43.52348,172.53364,Private room,129.0,1.0,118,2026-07-20,1.46,1,315,30,,2026-5,2026-09-17,59.0
1103787467513725189,Strowan manor - off street park,8056856,Samantha,Christchurch City,Fendalton Ward,-43.50819105105269,172.60960839196972,Entire home/apt,130.0,2.0,51,2026-08-07,1.72,1,236,32,,2026-5,2026-09-17,41.0
1649693942614144292,"Riccarton Family Home | 3BR, Backyard & Garage",482671075,Care Property Stays,Christchurch City,Riccarton Ward,-43.53343,172.56709,Entire home/apt,251.0,1.0,3,2026-07-07,0.97,184,265,3,,2026-5,2026-09-17,72.0
1631566348510658018,Fresh sunshine house : close to Airport.,748874280,Jiali,Christchurch City,Hornby Ward,-43.5226,172.53951,Entire home/apt,540.0,1.0,0,,,2,305,0,,2026-5,2026-09-17,
1432183160290602456,Warm and Stylish 2BR Home,331763232,Managed By Williams,Christchurch City,Fendalton Ward,-43.51596058,172.62354635,Entire home/apt,202.0,1.0,27,2026-07-26,1.87,165,134,25,,2026-5,2026-09-17,53.0
29091159,Townhouse on Armagh,7810682,Ngaire And Paul,Christchurch City,Central Ward,-43.52822,172.65269,Entire home/apt,156.0,2.0,173,2026-04-22,1.83,4,50,20,,2026-5,2026-09-17,148.0
1653367923000167893,Private 1BR retreat - easy walk to the city,101279164,Kelly,Christchurch City,Central Ward,-43.5200805,172.6415645,Private room,176.0,2.0,1,2026-05-02,0.29,2,250,1,,2026-5,2026-09-17,138.0
13018855,Inner City Comfort,2836786,Karen,Christchurch City,Central Ward,-43.52794,172.64569,Private room,228.0,1.0,291,2026-07-04,2.35,1,358,20,,2026-5,2026-09-17,75.0
1048912954468506357,Hagley Park Townhouse,523186247,Dan,Christchurch City,Riccarton Ward,-43.52941,172.61097,Entire home/apt,286.0,1.0,22,2026-01-04,0.69,2,87,2,,2026-5,2026-09-17,256.0
1439644825923718809,City Centre Modern Townhouse + Free Parking.,132529848,Meikee,Christchurch City,Central Ward,-43.52633014189248,172.6401055552948,Entire home/apt,339.0,1.0,63,2026-07-29,4.49,2,150,57,,2026-5,2026-09-17,50.0
1511356893599067815,Prime central city location | 2BR Apartment,62058345,Simon,Christchurch City,Central Ward,-43.531186399463785,172.6398979949751,Entire home/apt,344.0,2.0,5,2026-04-15,0.64,1,129,5,,2026-5,2026-09-17,155.0
1358949923456108408,Studio with Balcony — Heart of Central CHCH,551181197,Paula Kat Charlotte,Christchurch City,Central Ward,-43.5285632,172.6432595,Entire home/apt,173.0,1.0,28,2026-05-07,1.55,177,249,19,,2026-5,2026-09-17,133.0
38131508,Once in a Blue Room,12222757,Kelsey,Christchurch City,Spreydon Ward,-43.55475,172.60642,Entire home/apt,135.0,2.0,122,2026-08-09,1.46,3,244,23,,2026-5,2026-09-17,39.0
1688108398471394403,Modern Studio with WIFI & Full 50+SKY TV channels,1688108236380272041,Nick,Christchurch City,Riccarton Ward,-43.53373,172.60298,Private room,175.0,1.0,0,,,1,87,0,,2026-5,2026-09-17,
952435555792942499,Central City Stay – Walk Everywhere + Free Carpark,24205506,"Mayie, Judi And Karen At Bookahome",Christchurch City,Central Ward,-43.534209,172.6412786,Entire home/apt,326.0,2.0,38,2026-08-10,1.06,81,221,15,,2026-5,2026-09-17,38.0
1266859586571763509,Bright & Stylish 2BR Near Addington Park,551181197,Paula Kat Charlotte,Christchurch City,Spreydon Ward,-43.5467982,172.6073638,Entire home/apt,239.0,1.0,84,2026-07-30,3.81,177,171,50,,2026-5,2026-09-17,49.0
1729485742993600865,Vintage Style Townhouse with Private Parking,125757390,KTD Property Services Ltd,Christchurch City,Innes Ward,-43.51476,172.63936,Entire home/apt,210.0,1.0,0,,,7,103,0,,2026-5,2026-09-17,
46264996,One-Bed-Room Studio Close City Central,370484539,Colombo Lodge,Christchurch City,Central Ward,-43.54373,172.63638,Private room,147.0,1.0,12,2025-01-12,0.17,5,267,0,,2026-5,2026-09-17,613.0
923285116820945710,Stylish City Apartment,342238822,Zoe,Christchurch City,Central Ward,-43.51993,172.64346,Entire home/apt,183.0,2.0,75,2026-07-17,1.97,2,341,18,,2026-5,2026-09-17,62.0
1300495319068818326,Studio with City Views in Central Christchurch,482671075,Care Property Stays,Christchurch City,Central Ward,-43.5285632,172.6432595,Entire home/apt,156.0,1.0,28,2026-06-29,1.36,184,256,12,,2026-5,2026-09-17,80.0
1174112658598281641,Room in Cheerful 3 bedroom house (2 x King Single),8171146,Alison,Christchurch City,Riccarton Ward,-43.52554,172.60476,Private room,87.0,1.0,88,2026-08-11,3.33,2,35,33,,2026-5,2026-09-17,37.0
47813987,Deluxe Family Room,270614463,Samuel William,Christchurch City,Central Ward,-43.53145,172.62802,Private room,189.0,1.0,65,2026-07-23,1.28,14,189,18,,2026-5,2026-09-17,56.0
1102513560119818653,Central Oasis: Charming Studio with Backyard,551181197,Paula Kat Charlotte,Christchurch City,Central Ward,-43.53849,172.6314,Entire home/apt,171.0,1.0,39,2026-07-02,1.31,177,263,13,,2026-5,2026-09-17,77.0
1298757650711306247,"CBD Living, private, stand alone",30987547,Patrick Arthur Hume,Christchurch City,Central Ward,-43.52707179999999,172.6465011,Entire home/apt,255.0,1.0,87,2026-04-19,4.6,1,235,44,,2026-5,2026-09-17,151.0
1699581562977573388,Cathedral Tram Gem | 3 Guests | Free Parking,1699581441776159126,Cathedral Tram Gem,Christchurch City,Central Ward,-43.53056,172.63857,Entire home/apt,170.0,1.0,12,2026-08-12,8.57,3,196,12,,2026-5,2026-09-17,36.0
1476509252445987009,Appt 2 on Armagh 2Bdrm 2 Bthrm Free  Park,45768555,Hasslefree Accommodation,Christchurch City,Central Ward,-43.5288993,172.6622898,Entire home/apt,371.0,1.0,18,2026-04-19,1.84,65,273,18,,2026-5,2026-09-17,151.0
1342194705971178073,Tranquil Townhouse by Hagley Park,258317270,Claire,Christchurch City,Riccarton Ward,-43.526202073754035,172.60996833443642,Entire home/apt,366.0,1.0,49,2026-04-17,2.61,1,76,28,,2026-5,2026-09-17,153.0
52607141,Private single room in stunning contemporary home.,424963036,Gemma Alegre,Christchurch City,Halswell Ward,-43.58731,172.60726,Private room,,1.0,58,2025-02-27,1.02,3,0,0,,2026-5,2026-09-17,567.0
1205566332226088364,Modern Home in Halswell,31367704,Cameron,Christchurch City,Halswell Ward,-43.59486709999999,172.5663913,Entire home/apt,,2.0,4,2026-01-10,0.2,1,0,1,,2026-5,2026-09-17,250.0
1395446298244330565,Urban Comfort on Durham St Walk Everywhere,551181197,Paula Kat Charlotte,Christchurch City,Central Ward,-43.5261141,172.6337774,Entire home/apt,,1.0,39,2026-08-08,2.43,177,0,33,,2026-5,2026-09-17,40.0
1650151205922826276,"Central apartment next to Cathedral, FREE carpark",43367626,Sharon,Christchurch City,Central Ward,-43.53098,172.64359,Entire home/apt,283.0,1.0,4,2026-07-17,0.92,18,75,4,,2026-5,2026-09-17,62.0
1315456522610119406,A hidden gem near airport,172147331,Hung Thai,Christchurch City,Hornby Ward,-43.53318,172.51572,Entire home/apt,,1.0,1,2024-12-26,0.05,1,0,0,,2026-5,2026-09-17,630.0
1313511860455275422,Single-Level 3 Bed with Carpark and Lift Access,551181197,Paula Kat Charlotte,Christchurch City,Central Ward,-43.525123477732215,172.64410260792295,Entire home/apt,252.0,1.0,25,2026-08-02,1.27,177,271,13,,2026-5,2026-09-17,46.0
45470958,Beautiful 2 bedroom apartment in the CDB,89191145,Jackson,Christchurch City,Central Ward,-43.53407,172.64206,Entire home/apt,,2.0,31,2026-02-07,0.46,3,0,1,,2026-5,2026-09-17,222.0
1299002342197673102,Serene Forest Retreat,94689217,Rachel,Christchurch City,Banks Peninsula Ward,-43.82380556020396,172.98571907401296,Private room,,1.0,17,2025-11-10,0.82,1,0,1,,2026-5,2026-09-17,311.0
34631544,"Hidden Gem ★ Christchurch City, Breakfast ★",74398185,Rob,Christchurch City,Innes Ward,-43.51218,172.6325,Entire home/apt,691.0,1.0,62,2026-01-05,0.76,4,224,6,,2026-5,2026-09-17,255.0
1705671461760878798,Secure Quiet CBD Townhouse | Free Parking + EV,1705671412139862538,Jason,Christchurch City,Central Ward,-43.5300049,172.65168,Entire home/apt,203.0,1.0,3,2026-08-10,3.0,1,319,3,,2026-5,2026-09-17,38.0
1009629928823277343,1 Super king-sized bed 1bath New Brighton Beach,240508417,Yudee,Christchurch City,Coastal Ward,-43.50921325659285,172.7315160343933,Private room,136.0,2.0,50,2026-07-15,1.48,1,268,13,,2026-5,2026-09-17,64.0
32257650,2 bedroom unit,113576029,Colleen,Christchurch City,Coastal Ward,-43.49432,172.72457,Entire home/apt,131.0,2.0,153,2026-07-13,1.68,1,267,20,,2026-5,2026-09-17,66.0
977161169171521527,Coastal Sands Escape 1 bed 1 bath with sofa bed,482671075,Care Property Stays,Christchurch City,Coastal Ward,-43.5092167,172.7308673,Entire home/apt,176.0,1.0,158,2026-08-01,4.46,184,221,49,,2026-5,2026-09-17,47.0
1675861247287307223,Seaside Escape at New Brighton with Carpark,331763232,Managed By Williams,Christchurch City,Coastal Ward,-43.4949398,172.726053,Entire home/apt,232.0,1.0,5,2026-07-17,1.67,165,353,5,,2026-5,2026-09-17,62.0
1241610430598268484,The Keep - Waimairi Beach,551181197,Paula Kat Charlotte,Christchurch City,Coastal Ward,-43.4787775,172.7202007,Entire home/apt,217.0,2.0,67,2026-08-04,2.93,177,200,31,,2026-5,2026-09-17,44.0
1731669049013257073,"Close to City Centre, direct bus to Airport",451174187,Hou Keet,Christchurch City,Heathcote Ward,-43.549942919880216,172.65011135152054,Private room,53.0,1.0,0,,,3,80,0,,2026-5,2026-09-17,
829758462782269155,Trendy on Taramea,501222894,Marilyn,Christchurch City,Spreydon Ward,-43.54752,172.60803,Entire home/apt,177.0,1.0,108,2026-07-15,2.57,5,343,38,,2026-5,2026-09-17,64.0
1477141701347911179,"City Stadium Stay CBD Apartment A, CHC",707858717,Stay At Christchurch Ltd,Christchurch City,Central Ward,-43.53016516313209,172.64378262027418,Entire home/apt,271.0,1.0,16,2026-04-26,1.32,14,335,16,,2026-5,2026-09-17,144.0
1715747694815761133,Urban Noir | Steps from Te kaha Stadium,1715747210005221781,Alexa & Yana,Christchurch City,Central Ward,-43.53144055701132,172.6440005376935,Entire home/apt,185.0,1.0,0,,,1,165,0,,2026-5,2026-09-17,
1552628824575104686,Cityside Stays - CBD Location,192585028,Stacey Karen,Christchurch City,Central Ward,-43.5255,172.63656,Entire home/apt,303.0,1.0,17,2026-07-22,2.06,3,165,17,,2026-5,2026-09-17,57.0
1236015461950734152,Luxury Studio With Balcony - Close to Supermarket,551181197,Paula Kat Charlotte,Christchurch City,Central Ward,-43.53946,172.63232,Entire home/apt,171.0,1.0,52,2026-08-08,2.24,177,244,35,,2026-5,2026-09-17,40.0
1709047998139267271,Luxury Riverside Townhouse | Walk to Stadium,131969872,Brydie,Christchurch City,Central Ward,-43.526034344869345,172.6467180251502,Entire home/apt,376.0,1.0,0,,,1,240,0,,2026-5,2026-09-17,
53245815,Contemporary Central City Apartment,121279602,Alaine,Christchurch City,Central Ward,-43.52672,172.64826,Entire home/apt,252.0,1.0,366,2026-07-04,6.88,1,115,43,,2026-5,2026-09-17,75.0
52394243,Stylish 1BR Apartment Opposite Hagley Park,49642171,Lily-SimplyHost,Christchurch City,Spreydon Ward,-43.54003,172.6181,Entire home/apt,167.0,1.0,282,2026-06-28,5.09,97,231,9,,2026-5,2026-09-17,81.0
1562887332652414438,Free Carpark & Stylish City Apartment Near Te Kaha,331763232,Managed By Williams,Christchurch City,Central Ward,-43.531678,172.6399434,Entire home/apt,232.0,1.0,24,2026-07-25,3.19,165,143,24,,2026-5,2026-09-17,54.0
1557029820701527420,Cosy 2 bedroom close to the CBD,329341602,Andrew,Christchurch City,Central Ward,-43.52323,172.65541,Entire home/apt,,2.0,15,2026-04-26,1.73,3,0,15,,2026-5,2026-09-17,144.0
51266802,Bed & Fly Sleep-out,24960939,Syamimi,Christchurch City,Hornby Ward,-43.53372,172.54864,Private room,72.0,1.0,79,2025-02-28,1.77,1,56,0,,2026-5,2026-09-17,566.0
1727140640823003294,Aura Nova - Room,1727139995287568266,Matthew,Christchurch City,Innes Ward,-43.50347,172.65934,Private room,,3.0,0,,,5,0,0,,2026-5,2026-09-17,
1728075305684953212,NEXUS - Room,1727139995287568266,Matthew,Christchurch City,Innes Ward,-43.50398,172.65879,Private room,,7.0,0,,,5,0,0,,2026-5,2026-09-17,
1353858528439783883,Affordable Comfort 2BR with Carpark,551181197,Paula Kat Charlotte,Christchurch City,Linwood Ward,-43.5454488,172.6608673,Entire home/apt,234.0,1.0,45,2026-07-25,2.49,177,266,24,,2026-5,2026-09-17,54.0
1347345656332401167,"Luxury Retreat with Ocean Views,  Sauna & Plunge",56014015,Olivia,Christchurch City,Heathcote Ward,-43.56221413165788,172.72061613034714,Entire home/apt,,2.0,61,2026-04-18,3.69,2,0,46,,2026-5,2026-09-17,152.0
1563475224066554120,1BR with Courtyard + Parking | Near CBD,202585247,Ohana,Christchurch City,Central Ward,-43.5203158,172.6373239,Entire home/apt,181.0,1.0,41,2026-07-20,4.84,155,110,41,,2026-5,2026-09-17,59.0
993073188698565555,The Feijoa Tree,539924119,Tracy & Phil,Christchurch City,Coastal Ward,-43.50111,172.71649,Private room,134.0,1.0,72,2026-07-23,2.1,1,266,22,,2026-5,2026-09-17,56.0
11576486,Family friendly Eco Stay,30825105,Shaun And Vanessa,Christchurch City,Banks Peninsula Ward,-43.76331,172.80575,Entire home/apt,258.0,2.0,153,2026-05-05,1.43,2,298,17,,2026-5,2026-09-17,135.0
1668487399935129518,City Comfort with Carpark - Walk to Hagley Park,482671075,Care Property Stays,Christchurch City,Central Ward,-43.52224950000001,172.6376396,Entire home/apt,335.0,1.0,10,2026-08-02,2.7,184,214,10,,2026-5,2026-09-17,46.0
1531439710565768421,"Wai Marino Cottage - Marine Parade, sleeps 5",551181197,Paula Kat Charlotte,Christchurch City,Coastal Ward,-43.51304,172.73323,Entire home/apt,240.0,1.0,26,2026-07-25,2.64,177,82,26,,2026-5,2026-09-17,54.0
1255669977204455014,Cosy room in a Beachside Timber Guesthouse #1,136520408,Anny,Christchurch City,Coastal Ward,-43.51054833874505,172.72235596530373,Private room,82.0,1.0,30,2026-07-01,1.33,4,73,17,,2026-5,2026-09-17,78.0
51522809,Beautiful Kereru Cottage..... everything on offer,417375305,Cam,Christchurch City,Banks Peninsula Ward,-43.77256,172.78811,Entire home/apt,220.0,1.0,286,2026-07-22,4.88,1,184,28,,2026-5,2026-09-17,57.0
1273649270556094008,"Beachside Townhouse, 1 Bedroom",537639282,Judith,Christchurch City,Coastal Ward,-43.50994,172.73076,Entire home/apt,249.0,1.0,6,2025-10-02,0.3,6,121,1,,2026-5,2026-09-17,350.0
1629923291852618753,Beautiful & Cozy Room by the Beach.,165543216,Giyo,Christchurch City,Burwood Ward,-43.51153,172.70651,Private room,110.0,1.0,2,2026-06-28,0.52,1,358,2,,2026-5,2026-09-17,81.0
1665762023311846559,The Beach Bach at Le Bons Bay,338242351,Sue,Christchurch City,Banks Peninsula Ward,-43.74089244655585,173.0940018706843,Entire home/apt,305.0,1.0,0,,,1,326,0,,2026-5,2026-09-17,
1525527933877893402,"Coastal Surf Retreat | Bold Style, Peaceful Vibes",659144612,Rachel,Christchurch City,Banks Peninsula Ward,-43.77952164674021,173.0970011395678,Entire home/apt,472.0,2.0,1,2026-01-05,0.14,1,75,1,,2026-5,2026-09-17,255.0
34798440,Christchurch Central Apartment,245042934,Colleen,Christchurch City,Central Ward,-43.52759,172.63683,Entire home/apt,200.0,1.0,321,2026-06-19,3.72,1,65,34,,2026-5,2026-09-17,90.0
829736835923312060,Stylish Coastal Living,145299159,Jason,Christchurch City,Coastal Ward,-43.50644,172.72519,Entire home/apt,474.0,4.0,34,2026-04-27,0.84,1,141,16,,2026-5,2026-09-17,143.0
1406301826026892656,"Radnor Luxe | Hot Tub, Parking & Family Comfort",59249793,InfinityEight,Christchurch City,Innes Ward,-43.5117608,172.6335938,Entire home/apt,305.0,1.0,55,2026-07-22,3.68,6,61,48,,2026-5,2026-09-17,57.0
1460381510740504164,Best location in CBD Free parking,584558161,Tiaki BnB,Christchurch City,Central Ward,-43.52618529999999,172.6312607,Entire home/apt,385.0,1.0,37,2026-08-08,3.44,8,146,37,,2026-5,2026-09-17,40.0
1743908044819977165,Ultimate City Comfort - Carpark + EV,482671075,Care Property Stays,Christchurch City,Central Ward,-43.5300049,172.65168,Entire home/apt,306.0,1.0,1,2026-08-08,1.0,184,263,1,,2026-5,2026-09-17,40.0
998829765481920780,Beachfront Haven,500079996,Ann,Christchurch City,Coastal Ward,-43.50961,172.7303,Entire home/apt,328.0,1.0,11,2026-02-13,0.34,1,301,2,,2026-5,2026-09-17,216.0
1111752959920892708,Lux Achi-Design Townhouse park view in Latimer Sq,86216394,Min,Christchurch City,Central Ward,-43.5305315,172.6417818,Entire home/apt,237.0,1.0,147,2026-07-15,5.04,42,139,70,,2026-5,2026-09-17,64.0
1337204397842159080,Cathedral Junction Apartment,535222454,Mieke,Christchurch City,Central Ward,-43.53063960920509,172.63877819881137,Entire home/apt,302.0,2.0,101,2026-07-18,5.56,1,90,65,,2026-5,2026-09-17,61.0
22656416,RELAX IN THE POOL - STAYING IN CBD BY CATHEDRAL,166878022,Michelle,Christchurch City,Central Ward,-43.53162,172.63783,Entire home/apt,256.0,1.0,581,2026-07-17,5.6,2,120,41,,2026-5,2026-09-17,62.0
1669941236417178226,Coastal 1BR Retreat – Steps to New Brighton Beach,331763232,Managed By Williams,Christchurch City,Coastal Ward,-43.4949398,172.726053,Entire home/apt,189.0,1.0,3,2026-07-12,1.06,165,360,3,,2026-5,2026-09-17,67.0
923708945746469895,Serenity Getaway,339353747,Ajeet,Christchurch City,Coastal Ward,-43.50777,172.73158,Entire home/apt,153.0,1.0,89,2026-07-25,2.56,1,109,20,,2026-5,2026-09-17,54.0
1393133567437194121,Sleepout by the Beach,96588416,Renee,Christchurch City,Coastal Ward,-43.4884392,172.7197228,Entire home/apt,144.0,1.0,46,2026-07-12,2.85,1,342,40,,2026-5,2026-09-17,67.0
1038820178909041057,Cosy room in a Beachside Timber Guesthouse #2,136520408,Anny,Christchurch City,Coastal Ward,-43.509358,172.7220944,Private room,90.0,1.0,31,2026-05-11,0.95,4,139,11,,2026-5,2026-09-17,129.0
23149005,Bottle Lake En-suite. Warm/Private/ 12pm checkout!,88769311,Steve,Christchurch City,Coastal Ward,-43.47105,172.69943,Entire home/apt,101.0,1.0,568,2026-07-13,6.29,2,108,73,,2026-5,2026-09-17,66.0
35614450,Cozy private place for peace of mind,129005683,Rakesh,Christchurch City,Burwood Ward,-43.4951461,172.6878224,Private room,66.0,1.0,5,2026-07-12,0.93,2,323,5,,2026-5,2026-09-17,67.0
1583071939373504190,CBD 1BR Apartment | Walk to Stadium | Guest Fav,49642171,Lily-SimplyHost,Christchurch City,Central Ward,-43.52802336231802,172.64345109603465,Entire home/apt,187.0,1.0,53,2026-08-10,7.0,97,350,53,,2026-5,2026-09-17,38.0
1577031771126028781,Stadium Outlook,734266818,Te Kaha View,Christchurch City,Central Ward,-43.53063,172.64266,Entire home/apt,136.0,1.0,56,2026-08-11,10.0,1,212,56,,2026-5,2026-09-17,37.0
646397833210465337,Cozy studio in Little River,101400542,Marine,Christchurch City,Banks Peninsula Ward,-43.76385,172.79345,Entire home/apt,108.0,2.0,18,2026-04-13,0.36,1,48,6,,2026-5,2026-09-17,157.0
25161855,Beachside Paradise,135150399,Toni,Christchurch City,Coastal Ward,-43.47716,172.71811,Private room,108.0,2.0,62,2026-03-28,0.63,2,185,8,,2026-5,2026-09-17,173.0
1160367346273165266,A touch of country in the city.,83867474,Michael,Christchurch City,Burwood Ward,-43.4849286,172.6746291,Entire home/apt,166.0,1.0,67,2026-08-08,3.39,1,292,57,,2026-5,2026-09-17,40.0
1628581279352497106,Great Location. Central City Townhouse + Garage,482671075,Care Property Stays,Christchurch City,Central Ward,-43.5288685,172.6416831,Entire home/apt,332.0,1.0,24,2026-08-09,4.56,184,156,24,,2026-5,2026-09-17,39.0
890446716417767421,Architectural Luxury Retreat/Parking/Sky/Sleeps 11,514180659,Lux Property Care,Christchurch City,Innes Ward,-43.5071,172.64442,Entire home/apt,542.0,1.0,119,2026-08-05,4.54,3,333,44,,2026-5,2026-09-17,43.0
1556918731474064994,"Luxury Wellness Retreat
-Gateway to Akaroa-",55191663,Ross,Christchurch City,Banks Peninsula Ward,-43.76576,172.78799,Entire home/apt,332.0,1.0,87,2026-08-08,10.4,1,334,87,,2026-5,2026-09-17,40.0
1562887331123935480,Modern 2BR Apartment by Te Kaha Stadium,331763232,Managed By Williams,Christchurch City,Central Ward,-43.531678,172.6399434,Entire home/apt,238.0,1.0,16,2026-07-25,2.45,165,66,16,,2026-5,2026-09-17,54.0
22321748,Merivale/city modern & private 15 mins walk to CBD,64344206,Amie,Christchurch City,Fendalton Ward,-43.51234,172.6256,Entire home/apt,223.0,2.0,126,2026-07-15,1.2,4,284,1,,2026-5,2026-09-17,64.0
1139665958019476207,Misty Meadows Manor - Your Urban Oasis,202585247,Ohana,Christchurch City,Central Ward,-43.52938,172.64515,Entire home/apt,207.0,1.0,129,2026-08-09,4.68,155,135,52,,2026-5,2026-09-17,39.0
599452653212788682,"The Summer House - Views, Hills, Close to City",93019047,Geoff And Jan,Christchurch City,Cashmere Ward,-43.56629,172.65093,Entire home/apt,201.0,2.0,59,2026-07-05,1.17,1,42,23,,2026-5,2026-09-17,74.0
1725551270157540535,Sleepout by the sea,25511267,Rosalie,Christchurch City,Coastal Ward,-43.51447,172.73191,Private room,,1.0,0,,,1,211,0,,2026-5,2026-09-17,
1586431771848624522,City fringe Haven- private double room,733474374,Tamara,Christchurch City,Burwood Ward,-43.48937,172.68197,Private room,101.0,1.0,5,2026-01-24,0.66,1,33,5,,2026-5,2026-09-17,236.0
1384700654090795512,Oceanside Studio in New Brighton,422461047,Alexander,Christchurch City,Coastal Ward,-43.50357936238871,172.72946672949982,Private room,124.0,2.0,36,2026-04-26,2.15,1,38,23,,2026-5,2026-09-17,144.0
45226251,Perfect getaway CHCH CBD tidy cozy townhouse,365360819,Chao,Christchurch City,Central Ward,-43.52822,172.64532,Entire home/apt,170.0,1.0,323,2026-08-03,4.48,8,170,58,,2026-5,2026-09-17,45.0
805825720645458865,Spacious Luxury 3 Bedroom Family Retreat,49642171,Lily-SimplyHost,Christchurch City,Fendalton Ward,-43.5144483,172.6263306,Entire home/apt,366.0,1.0,128,2026-08-02,3.02,97,246,15,,2026-5,2026-09-17,46.0
834441199423436405,The Hagley Park Stunna!,202585247,Ohana,Christchurch City,Central Ward,-43.53832,172.62105,Entire home/apt,228.0,1.0,250,2026-08-07,5.98,155,158,67,,2026-5,2026-09-17,41.0
802616868833793566,Beautiful New Townhouse Private Parking by Hagley,86216394,Min,Christchurch City,Riccarton Ward,-43.53008,172.6112,Entire home/apt,308.0,1.0,153,2026-08-06,3.52,42,63,32,,2026-5,2026-09-17,42.0
1463977978856228961,New Build 3BR Townhouse - Ease to Explore the CBD,573419952,Bruce,Christchurch City,Central Ward,-43.5313032,172.6474824,Entire home/apt,410.0,1.0,15,2026-07-17,1.39,8,214,15,,2026-5,2026-09-17,62.0
1243138812553917733,Central City Heaven Spa,488268220,Martin Alejandro,Christchurch City,Central Ward,-43.52974,172.64509,Entire home/apt,232.0,1.0,115,2026-08-01,4.99,8,48,52,,2026-5,2026-09-17,47.0
875311011474501733,Prime location a short stroll to the city/Merivale,64344206,Amie,Christchurch City,Fendalton Ward,-43.51288,172.6246,Entire home/apt,236.0,2.0,52,2026-07-14,1.45,4,346,13,,2026-5,2026-09-17,65.0
806018558867953027,Brand new 2 bed ocean view!.,36181980,Chris,Christchurch City,Coastal Ward,-43.5036249,172.7293298,Entire home/apt,195.0,1.0,241,2026-07-20,5.91,3,95,58,,2026-5,2026-09-17,59.0
1101000548423050937,Peaceful Akaroa retreat for couples & solo stays,120625017,Tim & Sal,Christchurch City,Banks Peninsula Ward,-43.80899874815061,172.98295363783836,Entire home/apt,285.0,2.0,26,2026-08-10,3.51,1,217,26,,2026-5,2026-09-17,38.0
574265726236174386,Waterfront 2-bedroom apartment with car park,447669268,Carolyn,Christchurch City,Banks Peninsula Ward,-43.81003,172.9623,Entire home/apt,185.0,1.0,410,2026-08-10,7.69,1,217,42,,2026-5,2026-09-17,38.0
1551075461334599314,2 BR Home | Walk to City & Stadium,482671075,Care Property Stays,Christchurch City,Central Ward,-43.5315768,172.6479961,Entire home/apt,215.0,1.0,1,2025-11-20,0.11,184,251,1,,2026-5,2026-09-17,301.0
1526336100233069551,"Sunny Family Home• 3 BDR, Log Burner, Full Kitchen",127951437,Phoebe,Christchurch City,Coastal Ward,-43.48656545634338,172.71661843957406,Entire home/apt,426.0,2.0,9,2026-07-11,1.16,1,24,9,,2026-5,2026-09-17,68.0
10283682,Akaroa Cottage,52894210,Annette,Christchurch City,Banks Peninsula Ward,-43.79935,172.97332,Entire home/apt,177.0,2.0,323,2026-07-23,2.51,1,246,29,,2026-5,2026-09-17,56.0
933762217584580660,Large Medium Room - Downstairs,184564246,Tung,Christchurch City,Waimairi Ward,-43.4974633,172.5653503,Private room,72.0,1.0,86,2026-05-22,2.31,5,260,25,,2026-5,2026-09-17,118.0
1289482711566422259,Kūkupa Matairangi at Akaroa Lavender,30174761,Akaroa Lavender,Christchurch City,Banks Peninsula Ward,-43.74664267760413,172.9369067538849,Entire home/apt,470.0,1.0,12,2026-06-06,0.67,2,344,9,,2026-5,2026-09-17,103.0
1365571155480519402,Charming 1BR Apartment on Ferry Road,331763232,Managed By Williams,Christchurch City,Central Ward,-43.5372648,172.6477693,Entire home/apt,181.0,1.0,14,2026-07-25,0.81,165,211,12,,2026-5,2026-09-17,54.0
47096594,Otahuahua - Akaroa Holiday Home,145244100,Bachcare,Christchurch City,Banks Peninsula Ward,-43.79687,172.96294,Entire home/apt,,2.0,36,2026-06-08,0.53,1231,339,3,,2026-5,2026-09-17,101.0
886506251978434888,Large house with a backyard!,251219305,Sarah,Christchurch City,Waimairi Ward,-43.5192,172.53775,Entire home/apt,247.0,4.0,4,2026-01-01,0.13,2,13,2,,2026-5,2026-09-17,259.0
920769397859683038,4 Bedroom 1960s Simple Town House,521722847,William,Christchurch City,Waimairi Ward,-43.51546,172.56562,Entire home/apt,310.0,3.0,0,,,2,268,0,,2026-5,2026-09-17,
46852276,Akaroa apartment with sea views,178901714,Kathryn,Christchurch City,Banks Peninsula Ward,-43.80781,172.96323,Entire home/apt,351.0,2.0,311,2026-08-08,4.56,1,176,53,,2026-5,2026-09-17,40.0
1511952993560396392,3 Bedroom Home With Garage & Extra Car Park,551181197,Paula Kat Charlotte,Christchurch City,Heathcote Ward,-43.55252810475549,172.64248964826388,Entire home/apt,396.0,1.0,9,2026-07-04,0.98,177,267,9,,2026-5,2026-09-17,75.0
46300458,City Centre*3Bdr*4Beds*2.5 Bath*Carpark*Wkly Disc.,45768555,Hasslefree Accommodation,Christchurch City,Central Ward,-43.53412,172.64153,Entire home/apt,365.0,2.0,286,2026-07-25,4.11,65,137,40,,2026-5,2026-09-17,54.0
39559009,Tourist Cabin,98758734,North South Holiday Park,Christchurch City,Harewood Ward,-43.47124,172.56978,Private room,136.0,1.0,18,2026-06-20,0.22,20,352,2,,2026-5,2026-09-17,89.0
1371287448215736024,Peaceful in Pipers,372800521,Raewyn,Christchurch City,Banks Peninsula Ward,-43.74684384406936,172.95240594232786,Entire home/apt,145.0,1.0,79,2026-07-11,4.67,1,170,71,,2026-5,2026-09-17,68.0
1598161098834927822,Blue Cottage,111359996,Jo,Christchurch City,Spreydon Ward,-43.55309,172.62218,Entire home/apt,288.0,1.0,2,2026-04-19,0.3,1,104,2,,2026-5,2026-09-17,151.0
1251183366517545704,"Private Room in Modern, Clean & Safe Townhouse",199848691,Wilfred,Christchurch City,Heathcote Ward,-43.54659,172.64967,Private room,,28.0,0,,,1,364,0,,2026-5,2026-09-17,
1048322933496168281,Central City Comfort: 2-Bedroom Stay on St Asaph,331763232,Managed By Williams,Christchurch City,Central Ward,-43.5361789,172.6353027,Entire home/apt,273.0,1.0,96,2026-07-17,2.99,165,41,27,,2026-5,2026-09-17,62.0
1689434230793752550,The Moorhouse Loft | Modern 1BR Retreat,331763232,Managed By Williams,Christchurch City,Central Ward,-43.5395641,172.6346707,Entire home/apt,199.0,1.0,1,2026-05-24,0.36,165,350,1,,2026-5,2026-09-17,116.0
1299499224449114784,Bright and Inviting Studio Near South City Mall,551181197,Paula Kat Charlotte,Christchurch City,Central Ward,-43.53909651908395,172.63540590370482,Entire home/apt,161.0,1.0,34,2026-08-09,1.65,177,273,12,,2026-5,2026-09-17,39.0
1089482384897549348,French Peak Loft - French Farm Holiday Home,145244100,Bachcare,Christchurch City,Banks Peninsula Ward,-43.77739,172.89919,Entire home/apt,,1.0,5,2026-01-20,0.22,1231,363,2,,2026-5,2026-09-17,240.0
658787552655287341,Bay Bliss - Akaroa Holiday Home,145244100,Bachcare,Christchurch City,Banks Peninsula Ward,-43.75503,172.94441,Entire home/apt,,2.0,1,2026-05-02,0.29,1231,365,1,,2026-5,2026-09-17,138.0
1104146378781315352,"Premium Stay, Walk to Cafés & shopping",510730797,Kate,Christchurch City,Fendalton Ward,-43.51277273096501,172.62477982789278,Entire home/apt,287.0,1.0,11,2026-02-19,0.42,20,249,2,,2026-5,2026-09-17,210.0
1075018761891951372,Stylish 4BR Townhouse · 4 Baths · Free Parking,264130845,Kim And Tj,Christchurch City,Central Ward,-43.5355988,172.6317141,Entire home/apt,617.0,1.0,85,2026-06-28,2.78,2,240,22,,2026-5,2026-09-17,81.0
1334502822058631445,Spacious City Retreat Perfect for Getaways,551181197,Paula Kat Charlotte,Christchurch City,Central Ward,-43.5278212,172.6500305,Entire home/apt,238.0,1.0,28,2026-05-22,1.52,177,225,8,,2026-5,2026-09-17,118.0
1685182166778140144,Central Moorhouse Escape | Stylish 1BR City Stay,331763232,Managed By Williams,Christchurch City,Central Ward,-43.5395641,172.6346707,Entire home/apt,221.0,1.0,4,2026-07-11,1.33,165,352,4,,2026-5,2026-09-17,68.0
1360193550834019595,Self-contained studio.,59688721,Colleen & Shelley,Christchurch City,Coastal Ward,-43.5512095,172.7477667,Entire home/apt,194.0,1.0,0,,,3,317,0,,2026-5,2026-09-17,
1360644420568132344,Woodbury Cottage - Cozy & Quiet,329368423,Danni,Christchurch City,Waimairi Ward,-43.5157170332271,172.5399359644955,Private room,103.0,1.0,24,2026-05-04,1.76,1,236,22,,2026-5,2026-09-17,136.0
1103786665680115397,Studio Bliss: Explore from Wilmer St,551181197,Paula Kat Charlotte,Christchurch City,Central Ward,-43.5384637,172.6308677,Entire home/apt,169.0,1.0,37,2026-08-08,1.25,177,172,14,,2026-5,2026-09-17,40.0
1620650840354615139,2 bedroom Family home with amazing harbour views,95221830,Candice,Christchurch City,Banks Peninsula Ward,-43.601540956882765,172.71191071718934,Entire home/apt,156.0,1.0,4,2026-04-18,0.9,3,51,4,,2026-5,2026-09-17,152.0
1274393895095033776,Charming Inner-City Townhouse with Carpark!,505422467,William Richard,Christchurch City,Central Ward,-43.5330051,172.6401979,Entire home/apt,250.0,2.0,2,2026-04-17,0.1,1,24,1,,2026-5,2026-09-17,153.0
51295159,Modern Stylish New 3 Mins CBD,45768555,Hasslefree Accommodation,Christchurch City,Central Ward,-43.53293,172.64265,Entire home/apt,220.0,1.0,141,2026-07-16,2.38,65,242,13,,2026-5,2026-09-17,63.0
660368475035637240,City Escape - Christchurch Central Apartment,145244100,Bachcare,Christchurch City,Central Ward,-43.52388,172.64476,Entire home/apt,,2.0,7,2025-07-26,0.15,1231,364,0,,2026-5,2026-09-17,418.0
1419158047017779995,"2BR Christchurch Stay | Near CBD, Hagley & Stadium",202585247,Ohana,Christchurch City,Central Ward,-43.530150968089366,172.64732650046903,Entire home/apt,236.0,1.0,111,2026-08-04,7.53,155,142,93,,2026-5,2026-09-17,44.0
1421400173834826187,Luxe and Location,23278101,Jason,Christchurch City,Central Ward,-43.5262553,172.6406017,Entire home/apt,269.0,1.0,99,2026-07-30,6.67,19,30,85,,2026-5,2026-09-17,49.0
1390284535658358544,Quiet Townhouse with Private Sauna,125757390,KTD Property Services Ltd,Christchurch City,Central Ward,-43.52377383378349,172.63967994221971,Entire home/apt,332.0,1.0,42,2026-08-07,2.65,7,88,37,,2026-5,2026-09-17,41.0
1183593447556914013,1890 Cottage! 3BR House + Backyard + Central,28386584,Vance,Christchurch City,Central Ward,-43.52691129999999,172.6525827,Entire home/apt,260.0,2.0,71,2026-07-19,2.81,3,136,26,,2026-5,2026-09-17,60.0
1748351675332611817,Lighthouse,565215181,Briar,Christchurch City,Banks Peninsula Ward,-43.6037273,172.723896,Entire home/apt,,2.0,0,,,1,358,0,,2026-5,2026-09-17,
1653240084799917838,The Calm Cove,257443958,Annette,Christchurch City,Heathcote Ward,-43.573785374792294,172.7625400915405,Entire home/apt,180.0,1.0,0,,,3,365,0,,2026-5,2026-09-17,
5270312,"Double room in Mt Pleasant, Christchurch",21560467,Ellen,Christchurch City,Heathcote Ward,-43.56124,172.71569,Private room,101.0,1.0,68,2026-06-09,0.57,1,365,12,,2026-5,2026-09-17,100.0
1624324662445973038,Comfy Central City Stay -2BR with Car Park,551181197,Paula Kat Charlotte,Christchurch City,Central Ward,-43.5222558,172.6376352,Entire home/apt,292.0,1.0,44,2026-08-05,7.59,177,175,44,,2026-5,2026-09-17,43.0
1587202669127181119,Warm Central Townhouse | Walk + WiFi + Parking,334773541,Daniel,Christchurch City,Central Ward,-43.525881,172.6359291,Entire home/apt,457.0,1.0,17,2026-07-06,2.76,1,248,17,,2026-5,2026-09-17,73.0
53560787,Purau Bay - Slice of Paradise!,63116373,James,Christchurch City,Banks Peninsula Ward,-43.63831,172.75225,Entire home/apt,152.0,2.0,88,2026-04-16,1.78,1,270,16,,2026-5,2026-09-17,154.0
6824533,Papanui Paris Inspired Apartment,35747651,Heather,Christchurch City,Fendalton Ward,-43.50956,172.60341,Entire home/apt,141.0,2.0,290,2026-07-13,2.43,1,324,7,,2026-5,2026-09-17,66.0
658047813536699129,Luxury 2BR Townhouse in CBD | Free Parking,49642171,Lily-SimplyHost,Christchurch City,Central Ward,-43.52573,172.63491,Entire home/apt,273.0,1.0,42,2026-04-16,1.28,97,147,4,,2026-5,2026-09-17,154.0
21270822,Central City 2 Bed Townhouse With Free Parking,49642171,Lily-SimplyHost,Christchurch City,Central Ward,-43.53299406902957,172.65004228941075,Entire home/apt,248.0,1.0,25,2026-01-30,0.95,97,326,6,,2026-5,2026-09-17,230.0
1387170090388403544,Luxury City Escape | Steps to Te Pae,510730797,Kate,Christchurch City,Central Ward,-43.5263,172.64008,Entire home/apt,319.0,1.0,22,2026-05-13,1.38,20,232,13,,2026-5,2026-09-17,127.0
1719501839546847459,Resort-Style Room with Ocean & Alps Views,50678923,Karthik,Christchurch City,Heathcote Ward,-43.56934,172.71723,Private room,122.0,2.0,0,,,1,89,0,,2026-5,2026-09-17,
861926364384336970,Close to new Stadium. Great for families,43398377,Graham,Christchurch City,Central Ward,-43.5316011,172.6488084,Entire home/apt,552.0,1.0,114,2026-07-05,2.94,3,190,17,,2026-5,2026-09-17,74.0
1381639031221709646,*1 min walk to TownHall Te Pae - FREE Carpark,43367626,Sharon,Christchurch City,Central Ward,-43.52685279545496,172.63667137112157,Entire home/apt,253.0,1.0,64,2026-08-07,3.81,18,82,51,,2026-5,2026-09-17,41.0
1088774752680002629,Beautiful Haven Near Airport!,131734373,Alicia,Christchurch City,Harewood Ward,-43.4902,172.5768,Entire home/apt,309.0,1.0,198,2026-07-15,6.51,10,276,68,,2026-5,2026-09-17,64.0
1312648249537201241,Premium City 3bed Apartment with Gated 2 car parks,493392689,Matt Long - Plux Stays,Christchurch City,Central Ward,-43.5318753,172.6414653,Entire home/apt,515.0,2.0,89,2026-07-26,4.5,8,151,49,,2026-5,2026-09-17,53.0
40181973,Spacious Family-Friendly 4BR Home | near Airport,145918006,Stephanie,Christchurch City,Waimairi Ward,-43.50331759588552,172.58236443877755,Entire home/apt,339.0,1.0,242,2026-08-11,3.0,2,151,59,,2026-5,2026-09-17,37.0
1556396223720325543,Modern Renovated Home • Sunny Deck • Quiet Area,45172785,The MAC Property Team,Christchurch City,Fendalton Ward,-43.5125606,172.6001161,Entire home/apt,235.0,1.0,20,2026-07-08,2.26,46,270,20,,2026-5,2026-09-17,71.0
1416200179977939929,Stylish Stay – Heart of the CBD,510730797,Kate,Christchurch City,Central Ward,-43.52613856152472,172.63859998061506,Entire home/apt,311.0,1.0,9,2026-01-03,0.6,20,245,5,,2026-5,2026-09-17,257.0
1622902832510467087,Loft on London - Apartment in Lyttelton,680622921,Thomas,Christchurch City,Banks Peninsula Ward,-43.60296,172.72061,Entire home/apt,189.0,1.0,17,2026-08-01,4.02,1,129,17,,2026-5,2026-09-17,47.0
1522155765639711589,Private Ensuite near Christchurch Airport,421067906,Joper,Christchurch City,Hornby Ward,-43.5286447,172.5153023,Private room,110.0,1.0,27,2026-07-10,3.13,1,269,27,,2026-5,2026-09-17,69.0
872685357464228751,Vibrant CBD Townhouse - Sleeps 4 + Stadium,482671075,Care Property Stays,Christchurch City,Central Ward,-43.5312859,172.6450051,Entire home/apt,211.0,1.0,47,2026-05-24,1.17,184,256,8,,2026-5,2026-09-17,116.0
1694515159531837858,Cosy City Stay with Shared Sauna Access,331763232,Managed By Williams,Christchurch City,Central Ward,-43.538399568375326,172.63436644146682,Entire home/apt,172.0,1.0,3,2026-07-14,1.2,165,364,3,,2026-5,2026-09-17,65.0
1465098513258874810,City Townhouse 2BR 2BA with EV Charger & Work Desk,551181197,Paula Kat Charlotte,Christchurch City,Central Ward,-43.5260572,172.6400047,Entire home/apt,378.0,1.0,15,2026-02-21,1.23,177,87,15,,2026-5,2026-09-17,208.0
1578702571090612785,Brand-New 1BR Apartment near Te Kaha Stadium,331763232,Managed By Williams,Christchurch City,Central Ward,-43.5269821,172.6396304,Entire home/apt,209.0,1.0,11,2026-06-21,1.64,165,108,11,,2026-5,2026-09-17,88.0
917566528595175861,"Central City Convenience: Cafes, Bars, Supermarket",482671075,Care Property Stays,Christchurch City,Central Ward,-43.5335761,172.6495891,Entire home/apt,292.0,1.0,92,2026-04-28,2.41,184,194,15,,2026-5,2026-09-17,142.0
1175249178309400974,Paton Place Harbour/Hillviews,551190254,Vicki,Christchurch City,Banks Peninsula Ward,-43.6014067,172.7151243,Entire home/apt,176.0,1.0,73,2026-08-02,2.79,1,216,14,,2026-5,2026-09-17,46.0
4596246,Harbour View Highlights,18542986,Megan,Christchurch City,Banks Peninsula Ward,-43.607941489520215,172.70360517763766,Entire home/apt,212.0,3.0,38,2026-05-31,0.36,2,244,26,,2026-5,2026-09-17,109.0
1023645449222712575,Cosy | Queen | 10 minutes walk to One NZ stadium,532142019,Tracy,Christchurch City,Central Ward,-43.5332,172.65922,Private room,88.0,1.0,2,2024-03-09,0.07,6,163,0,,2026-5,2026-09-17,922.0
1279433437578141845,Latimer • 250m to Stadium + Secure Carpark,24205506,"Mayie, Judi And Karen At Bookahome",Christchurch City,Central Ward,-43.53201,172.64633,Entire home/apt,220.0,2.0,43,2026-06-14,2.05,81,145,27,,2026-5,2026-09-17,95.0
1026884023934315547,'Kanuka cottage',37792208,Tracey,Christchurch City,Banks Peninsula Ward,-43.65093,172.75519,Entire home/apt,274.0,1.0,136,2026-08-08,4.25,1,238,43,,2026-5,2026-09-17,40.0
1334350465152183361,Tranquil 2 Bedroom Oasis sleeps 6,551181197,Paula Kat Charlotte,Christchurch City,Central Ward,-43.5278199,172.6501219,Entire home/apt,220.0,1.0,16,2026-05-10,0.86,177,226,5,,2026-5,2026-09-17,130.0
46567098,Modern Self-Contained Unit with Panoramic Views,279277097,Jens,Christchurch City,Heathcote Ward,-43.5702,172.75039,Private room,211.0,1.0,142,2026-05-15,2.07,1,226,26,,2026-5,2026-09-17,125.0
1068528666894118761,Stunning House with Spa & Incredible Views,23389870,Hennie,Christchurch City,Banks Peninsula Ward,-43.63564,172.72036,Entire home/apt,257.0,1.0,240,2026-08-01,7.97,5,282,91,,2026-5,2026-09-17,47.0
15649991,Streamview Studio Apartments (First Floor),100992313,Tony And Monique,Christchurch City,Innes Ward,-43.50909,172.65481,Entire home/apt,123.0,2.0,120,2023-09-03,1.02,2,279,0,,2026-5,2026-09-17,1110.0
1093850824505056440,A luxurious Retreat Sleeps 6,45768555,Hasslefree Accommodation,Christchurch City,Central Ward,-43.5276,172.64923,Entire home/apt,402.0,1.0,114,2026-07-04,3.88,65,269,35,,2026-5,2026-09-17,75.0
946706180798956896,Diamond Harbour Hideaway,528721467,Cathy,Christchurch City,Banks Peninsula Ward,-43.62864,172.74165,Entire home/apt,694.0,2.0,23,2026-05-31,0.67,2,226,6,,2026-5,2026-09-17,109.0
1509805518854388079,"Room in Apartment for Electric Ave, 100m to Venue",189822451,Shaun,Christchurch City,Central Ward,-43.5253441,172.6295258,Private room,559.0,2.0,0,,,3,10,0,,2026-5,2026-09-17,
1225512285414456230,Very tidy & city central place,314361752,Qaiser,Christchurch City,Central Ward,-43.52789,172.64771,Private room,113.0,1.0,36,2026-04-25,1.78,1,362,25,,2026-5,2026-09-17,145.0
1629164219845131060,"Stylish Apartment, 5 mins to City and Hagley Park",682808597,Devon,Christchurch City,Central Ward,-43.52122,172.64665,Entire home/apt,230.0,1.0,17,2026-08-02,3.17,28,276,17,,2026-5,2026-09-17,46.0
1582000588124198729,Ensuite Room Christchurch (10 mins from airport),665624535,Sharmaine,Christchurch City,Hornby Ward,-43.5403518,172.5161124,Private room,114.0,1.0,4,2026-06-21,0.71,3,299,4,,2026-5,2026-09-17,88.0
1233789352719468513,Brand New 2BR Near Northlands Mall & CBD,49642171,Lily-SimplyHost,Christchurch City,Papanui Ward,-43.49734,172.60466,Entire home/apt,397.0,1.0,16,2026-04-30,0.71,97,148,4,,2026-5,2026-09-17,140.0
1475669567951290787,"Family-Friendly, City Fringe with Free Carparks",551181197,Paula Kat Charlotte,Christchurch City,Central Ward,-43.5200289,172.6534622,Entire home/apt,308.0,1.0,34,2026-07-11,2.76,177,243,33,,2026-5,2026-09-17,68.0
1119401281256441597,Riccarton 里卡顿单间2,508290494,Jackie,Christchurch City,Riccarton Ward,-43.52972,172.58686,Private room,57.0,7.0,0,,,2,87,0,,2026-5,2026-09-17,
1617665185850465997,Rooms in Christchurch (10 mins from Airport),665624535,Sharmaine,Christchurch City,Hornby Ward,-43.54088222927009,172.51663990418191,Private room,220.0,1.0,22,2026-07-24,3.88,3,272,22,,2026-5,2026-09-17,55.0
1463441261300680718,"Spacious 3BR House, – Central, Off St Parking,",369433986,Kahu,Christchurch City,Central Ward,-43.5304659,172.6494625,Entire home/apt,298.0,3.0,20,2026-07-05,1.86,1,125,20,,2026-5,2026-09-17,74.0
1720767744140542235,Private ensuite room/own entrance (2),1719214057073079410,Gerard,Christchurch City,Banks Peninsula Ward,-43.60332,172.72223,Private room,135.0,1.0,0,,,3,353,0,,2026-5,2026-09-17,
1085736998993718128,Montreal Tack Room,235792794,Tiffany,Christchurch City,Central Ward,-43.5257371,172.6303234,Entire home/apt,565.0,1.0,2,2024-03-24,0.07,2,234,0,,2026-5,2026-09-17,907.0
761026623269956825,Central City Studio with Sunny Balcony,38196340,Ross,Christchurch City,Central Ward,-43.5245242719272,172.635634919574,Entire home/apt,120.0,4.0,83,2026-05-04,1.86,2,285,14,,2026-5,2026-09-17,136.0
37333087,City Centre 2 Bedroom Apartment,281110869,City Centre,Christchurch City,Central Ward,-43.52172,172.63711,Entire home/apt,236.0,1.0,67,2026-01-01,0.82,5,318,3,,2026-5,2026-09-17,259.0
1083653200937480772,"2BR Townhouse: Cosy, Close to City, Car Park",551181197,Paula Kat Charlotte,Christchurch City,Linwood Ward,-43.54172,172.6565,Entire home/apt,219.0,1.0,50,2026-08-08,1.66,177,245,30,,2026-5,2026-09-17,40.0
1168545987995635331,Haka House - King Room Ensuite,565751605,Haka House Hostel Christchurch,Christchurch City,Central Ward,-43.53221599817948,172.62987375573647,Private room,126.0,1.0,3,2025-11-22,0.14,10,320,1,,2026-5,2026-09-17,299.0
35468917,Orari - Room  4,258827985,Ashton,Christchurch City,Central Ward,-43.53009,172.63005,Hotel room,220.0,1.0,2,2022-09-10,0.03,10,179,0,,2026-5,2026-09-17,1468.0
915243156714718628,Brand New 2 Bedroom | Free off Street Parking,45768555,Hasslefree Accommodation,Christchurch City,Central Ward,-43.54597,172.62879,Entire home/apt,274.0,1.0,95,2026-04-26,2.5,65,348,7,,2026-5,2026-09-17,144.0
1646687208488578201,Relaxing Cozy Home,74811135,Maggie,Christchurch City,Hornby Ward,-43.5345108,172.5581532,Entire home/apt,474.0,1.0,2,2026-06-06,0.47,46,117,2,,2026-5,2026-09-17,103.0
1690301851207044437,Modern Moorhouse One Bedroom Retreat,331763232,Managed By Williams,Christchurch City,Central Ward,-43.5390070168734,172.6340880891074,Entire home/apt,179.0,1.0,3,2026-07-04,1.23,165,364,3,,2026-5,2026-09-17,75.0
1743986629333092124,"Super king bed & free parking, central CHC",533050528,Na,Christchurch City,Central Ward,-43.52167597,172.63436571,Entire home/apt,179.0,2.0,0,,,2,77,0,,2026-5,2026-09-17,
1345103200315907717,Lovely 2BR House on Aberdeen Street,331763232,Managed By Williams,Christchurch City,Central Ward,-43.5229996,172.6420945,Entire home/apt,274.0,1.0,49,2026-07-04,2.8,165,150,35,,2026-5,2026-09-17,75.0
1340346006622625914,International Bella Room near CBD,228628407,Gabriella,Christchurch City,Central Ward,-43.51881,172.64906,Entire home/apt,103.0,1.0,1,2026-05-14,0.32,2,359,1,,2026-5,2026-09-17,126.0
46555255,"Architectural Diamond | City Centre, Sleeps 8",81390838,Perfect Stays,Christchurch City,Central Ward,-43.52588,172.63086,Entire home/apt,807.0,1.0,124,2026-07-16,1.81,28,304,13,,2026-5,2026-09-17,63.0
990020082081431864,Gorgeous Getaway on Gloucester St- 1 Bed 1 Bath,482671075,Care Property Stays,Christchurch City,Central Ward,-43.52957170000001,172.6449223,Entire home/apt,223.0,1.0,175,2026-07-10,5.01,184,257,33,,2026-5,2026-09-17,69.0
1268242711996437990,Spacious 4 Bedrooms Home for large Families,589921932,Kelly,Christchurch City,Halswell Ward,-43.5901867,172.5801246,Entire home/apt,400.0,2.0,11,2026-06-18,1.44,1,260,11,,2026-5,2026-09-17,91.0
916989396257303219,Share the Inner City,73258478,Chay,Christchurch City,Central Ward,-43.52852,172.64558,Private room,161.0,1.0,6,2026-04-25,0.21,1,90,3,,2026-5,2026-09-17,145.0
1578703033435723531,Fresh 1BR Apartment Steps from Te Kaha Stadium,331763232,Managed By Williams,Christchurch City,Central Ward,-43.5312971,172.6399379,Entire home/apt,217.0,1.0,3,2026-07-04,0.71,165,120,3,,2026-5,2026-09-17,75.0
1735887135863521188,Stylish 2BR Apartment | Gated Complex + Parking,23278101,Jason,Christchurch City,Central Ward,-43.5300049,172.65168,Entire home/apt,304.0,1.0,4,2026-08-10,4.0,19,324,4,,2026-5,2026-09-17,38.0
29661781,Fendalton Villa/Warm/Quilt/School/Airport,56790664,Candy,Christchurch City,Fendalton Ward,-43.51245,172.59908,Entire home/apt,288.0,1.0,164,2026-07-08,3.34,5,229,29,,2026-5,2026-09-17,71.0
35468552,Orari Bed and Breakfast - Room 2,258827985,Ashton,Christchurch City,Central Ward,-43.52999,172.63034,Hotel room,220.0,1.0,26,2026-06-11,0.4,10,198,3,,2026-5,2026-09-17,98.0
876226521215987422,Inner City Luxury - 2 Bedroom 2 Bathroom,482671075,Care Property Stays,Christchurch City,Central Ward,-43.5313227,172.6447782,Entire home/apt,216.0,1.0,100,2026-08-01,2.49,184,172,7,,2026-5,2026-09-17,47.0
1238678824968905733,"Trendy Ground Floor Studio  - Central, Cafes",551181197,Paula Kat Charlotte,Christchurch City,Central Ward,-43.53795,172.63064,Entire home/apt,156.0,1.0,47,2026-07-12,2.03,177,265,20,,2026-5,2026-09-17,67.0
1168536277777603067,Haka House - Entire 4 Bed Dorm,565751605,Haka House Hostel Christchurch,Christchurch City,Central Ward,-43.53218,172.62987,Private room,474.0,1.0,4,2025-10-18,0.21,10,210,1,,2026-5,2026-09-17,334.0
1590433163973069069,Central City Apartment With Free Street Parking,86643389,Samuel,Christchurch City,Central Ward,-43.5245901,172.6420862,Entire home/apt,253.0,2.0,46,2026-05-24,7.15,2,229,46,,2026-5,2026-09-17,116.0
1103092140426797922,Central Stay Studio | Walk to Hagley Park,551181197,Paula Kat Charlotte,Christchurch City,Central Ward,-43.5384944,172.6313989,Entire home/apt,204.0,1.0,10,2026-08-09,0.34,177,248,3,,2026-5,2026-09-17,39.0
1706260554140488621,Stylish 1BR Stay on Moorhouse Avenue,331763232,Managed By Williams,Christchurch City,Central Ward,-43.53944410008895,172.633931333037,Entire home/apt,219.0,1.0,0,,,165,353,0,,2026-5,2026-09-17,
1648799440934746832,Designed to Feel Like Home,510730797,Kate,Christchurch City,Central Ward,-43.52211921791466,172.63783102991232,Entire home/apt,238.0,2.0,4,2026-06-08,1.03,20,273,4,,2026-5,2026-09-17,101.0
30253415,Luxury in Christchurch!,13455772,Ravi,Christchurch City,Halswell Ward,-43.56052,172.54602,Private room,122.0,2.0,10,2024-03-02,0.25,1,131,0,,2026-5,2026-09-17,929.0
1124213346882249446,Stylish 2BR CBD Townhouse – Stadium Views,49642171,Lily-SimplyHost,Christchurch City,Central Ward,-43.53586,172.64937,Entire home/apt,206.0,1.0,3,2024-07-14,0.11,97,342,0,,2026-5,2026-09-17,795.0
1394479414680579397,Modern Stay | Hagley & Casino,74811135,Maggie,Christchurch City,Central Ward,-43.52692,172.63033,Entire home/apt,272.0,1.0,62,2026-07-16,3.88,46,99,55,,2026-5,2026-09-17,63.0
960266371700349997,Central City-Urban Oasis 1 bed 1 bath w/sofa bed,482671075,Care Property Stays,Christchurch City,Central Ward,-43.52566,172.64314,Entire home/apt,176.0,1.0,96,2026-08-02,2.74,184,256,9,,2026-5,2026-09-17,46.0
803387541655155601,North Western Sanctuary,495830365,Phil & Dan,Christchurch City,Harewood Ward,-43.45340602478986,172.61948790489353,Private room,100.0,2.0,36,2026-02-28,0.83,1,166,1,,2026-5,2026-09-17,201.0
1438928821793202570,Bright and New Studio Unit Walk to Town,482671075,Care Property Stays,Christchurch City,Central Ward,-43.5371788,172.6478091,Entire home/apt,221.0,1.0,18,2026-05-17,1.43,184,230,17,,2026-5,2026-09-17,123.0
1355554898687621527,Checketts Bungalow in Halswell,372248313,Wendy,Christchurch City,Halswell Ward,-43.5749772,172.5640088,Entire home/apt,190.0,1.0,20,2026-05-04,1.17,1,161,8,,2026-5,2026-09-17,136.0
1598232044054230137,Spacious country retreat in native bush setting,688225120,Chris And Helen,Christchurch City,Banks Peninsula Ward,-43.72939779215737,172.8966318564167,Entire home/apt,185.0,2.0,3,2026-07-11,0.48,1,154,3,,2026-5,2026-09-17,68.0
1699733045639658809,The Moorhouse Nook | Cozy 1BR City Retreat,331763232,Managed By Williams,Christchurch City,Central Ward,-43.54002182618644,172.6340919104125,Entire home/apt,179.0,1.0,0,,,165,364,0,,2026-5,2026-09-17,
1681528335874523956,Azure Soar - UC&Riccarton - Private Bathroom Room1,477454854,Denny,Christchurch City,Riccarton Ward,-43.53657,172.58937,Private room,108.0,1.0,6,2026-07-31,2.25,5,89,6,,2026-5,2026-09-17,48.0
1161999297300725924,Modern and Central - Christchurch Apartment,145244100,Bachcare,Christchurch City,Central Ward,-43.52569,172.63976,Entire home/apt,,2.0,0,,,1231,364,0,,2026-5,2026-09-17,
763154657366616081,Studio Unit with Spa Bath!,488268220,Martin Alejandro,Christchurch City,Hornby Ward,-43.53364762574401,172.54678890109062,Entire home/apt,232.0,1.0,295,2026-08-12,6.7,8,57,77,,2026-5,2026-09-17,36.0
971246924251015386,Cosy Room,82738418,Daniel,Christchurch City,Fendalton Ward,-43.50232,172.5894,Private room,71.0,1.0,134,2026-08-07,3.76,1,163,46,,2026-5,2026-09-17,41.0
1655567663562280533,Lovely Home in Halswell (near City),369028106,Liz,Christchurch City,Halswell Ward,-43.56636,172.58179,Entire home/apt,501.0,2.0,1,2026-06-27,0.61,1,248,1,,2026-5,2026-09-17,82.0
1661448607106141115,Family Home Opposite Air Force Museum,74811135,Maggie,Christchurch City,Halswell Ward,-43.54597622141823,172.5478590860649,Entire home/apt,289.0,1.0,5,2026-07-18,3.06,46,177,5,,2026-5,2026-09-17,61.0
774130038566135154,single room 10 mins drive to the airport,77196518,Jill,Christchurch City,Hornby Ward,-43.53117,172.52109,Private room,60.0,1.0,92,2026-08-02,2.11,5,47,21,,2026-5,2026-09-17,46.0
1098123089905880667,Central City Charm: Pet-Friendly Studio,551181197,Paula Kat Charlotte,Christchurch City,Central Ward,-43.5384637,172.6308677,Entire home/apt,156.0,1.0,107,2026-08-09,3.59,177,254,56,,2026-5,2026-09-17,39.0
872528956283395020,Stylish Townhouse in Riccarton With Free Parking,682808597,Devon,Christchurch City,Riccarton Ward,-43.53384,172.5938,Entire home/apt,330.0,1.0,248,2026-08-01,6.15,28,228,55,,2026-5,2026-09-17,47.0
1108145080355050933,Luxury New Stadium Residence In CBD With King Beds,49642171,Lily-SimplyHost,Christchurch City,Central Ward,-43.5371,172.64892,Entire home/apt,230.0,1.0,7,2026-02-27,0.25,97,302,2,,2026-5,2026-09-17,202.0
1026316227395169842,Brand New & Central Townhouse,129928282,Bonnie,Christchurch City,Central Ward,-43.546,172.62401,Entire home/apt,228.0,1.0,117,2026-07-17,3.82,1,112,37,,2026-5,2026-09-17,62.0
816159461050381230,"A Great Location 4 bedrooms , quiet and comfort !",497805832,Sunny,Christchurch City,Riccarton Ward,-43.52591,172.57291,Entire home/apt,275.0,1.0,152,2026-07-23,3.64,1,166,39,,2026-5,2026-09-17,56.0
1418574236007356103,Quite and Cozy Single Bedroom,662706872,Pratik,Christchurch City,Halswell Ward,-43.5684663,172.5424887,Private room,63.0,1.0,31,2026-08-09,2.06,3,364,25,,2026-5,2026-09-17,39.0
1716234634058240538,New Home at Samantha • Private Family Home,425082688,Ellis,Christchurch City,Halswell Ward,-43.5564921,172.5408766,Entire home/apt,300.0,2.0,0,,,1,263,0,,2026-5,2026-09-17,
1000384415067542419,Sea View Paradise with Hot Tub,125757390,KTD Property Services Ltd,Christchurch City,Heathcote Ward,-43.56624,172.73608,Entire home/apt,434.0,1.0,166,2026-08-02,4.94,7,72,48,,2026-5,2026-09-17,46.0
962706074579967286,Beautiful house close to Canterbury university,211195948,Jenny,Christchurch City,Riccarton Ward,-43.52133,172.56314,Entire home/apt,357.0,1.0,98,2026-07-22,2.74,19,217,43,,2026-5,2026-09-17,57.0
1580294560577582008,Beautiful Home w/Parking | Easy Airport Access,131734373,Alicia,Christchurch City,Waimairi Ward,-43.5237352,172.5498214,Entire home/apt,257.0,1.0,49,2026-07-15,6.34,10,326,49,,2026-5,2026-09-17,64.0
1457656560201276077,Central 1BR w Car Park Lift Access and Extra Bed,482671075,Care Property Stays,Christchurch City,Central Ward,-43.52923,172.6423,Entire home/apt,233.0,1.0,48,2026-08-08,3.77,184,259,45,,2026-5,2026-09-17,40.0
1565085768389296401,Your Country View Nest,212406903,Shana,Christchurch City,Halswell Ward,-43.58463,172.55836,Entire home/apt,423.0,1.0,45,2026-07-19,5.36,1,76,45,,2026-5,2026-09-17,60.0
840228952104716691,3Bedroom Family House Close Airport,748874280,Jiali,Christchurch City,Hornby Ward,-43.52377,172.53985,Entire home/apt,412.0,1.0,144,2026-08-08,3.46,2,304,19,,2026-5,2026-09-17,40.0
43569979,"Modern Twin Studio, close to Uni and Airport",347615794,Sarbjit,Christchurch City,Riccarton Ward,-43.53166,172.57176,Private room,191.0,1.0,14,2022-06-27,0.2,3,349,0,,2026-5,2026-09-17,1543.0
49389638,Wonderful Family Retreat | 4BR Near Airport,49642171,Lily-SimplyHost,Christchurch City,Hornby Ward,-43.52128,172.52786,Entire home/apt,432.0,1.0,216,2026-07-17,3.37,97,254,58,,2026-5,2026-09-17,62.0
17389174,Sunny modern room w/ door to garden & own bathroom,117558341,Alison,Christchurch City,Central Ward,-43.5158,172.66294,Private room,72.0,2.0,289,2026-08-07,2.52,1,126,23,,2026-5,2026-09-17,41.0
1740171902690990351,Urban Gated Townhouse - Patio + Parking w/ EV,482671075,Care Property Stays,Christchurch City,Central Ward,-43.5300049,172.65168,Entire home/apt,275.0,1.0,0,,,184,264,0,,2026-5,2026-09-17,
1667702376576697262,Private Guest House with Pool table near UC,757214756,Nikesha,Christchurch City,Riccarton Ward,-43.5276,172.57071,Entire home/apt,94.0,1.0,15,2026-08-06,4.02,1,269,15,,2026-5,2026-09-17,42.0
1362652400101469288,Nifty on Norfolk,194188437,Belinda,Christchurch City,Papanui Ward,-43.5038512,172.6170847,Entire home/apt,223.0,2.0,15,2026-04-26,0.91,2,37,11,,2026-5,2026-09-17,144.0
1546847567568658589,Wigram Residence - Spacious Family & Group Retreat,24205506,"Mayie, Judi And Karen At Bookahome",Christchurch City,Halswell Ward,-43.55779,172.55728,Entire home/apt,1186.0,2.0,8,2026-06-21,1.06,81,310,8,,2026-5,2026-09-17,88.0
774745657305777353,BASIC UNIT WITH Netflix- Next to Wigram Reserve,160910071,Disha,Christchurch City,Halswell Ward,-43.55997,172.54775,Entire home/apt,165.0,1.0,140,2025-12-05,3.21,1,205,6,,2026-5,2026-09-17,286.0
747294145448835604,Central City Latimer | Sleeps 6,81390838,Perfect Stays,Christchurch City,Central Ward,-43.52931,172.64278,Entire home/apt,896.0,2.0,72,2026-02-20,1.57,28,6,13,,2026-5,2026-09-17,209.0
1366389332748586746,Your Cosy Hideaway on Tomes Road,366441473,Kay,Christchurch City,Papanui Ward,-43.50241780506835,172.61849509346618,Entire home/apt,126.0,1.0,108,2026-08-07,6.16,1,239,89,,2026-5,2026-09-17,41.0
18293759,"City Paradise  
CabbageTree Retreat",126515549,Vicky,Christchurch City,Central Ward,-43.52263,172.65459,Entire home/apt,199.0,1.0,363,2026-07-11,3.28,1,210,33,,2026-5,2026-09-17,68.0
867811988255053402,"Stunning sea, city & mountains view 2 bedroom home",146063603,Dee,Christchurch City,Heathcote Ward,-43.5668503,172.7268957,Entire home/apt,300.0,1.0,76,2026-04-16,1.89,1,236,15,,2026-5,2026-09-17,154.0
1438305616513139426,Central Bealey Retreat,74811135,Maggie,Christchurch City,Central Ward,-43.51977,172.64896,Entire home/apt,346.0,1.0,26,2026-07-08,1.89,46,288,21,,2026-5,2026-09-17,71.0
1690197061225960548,"Pet Friendly Central apartment, close to stadium",1690196984934550831,Rebecca,Christchurch City,Central Ward,-43.5219085,172.6431983,Entire home/apt,133.0,2.0,11,2026-08-09,5.5,1,193,11,,2026-5,2026-09-17,39.0
824044889221781821,Beautiful Richmond house & gardens,20748870,Paul,Christchurch City,Innes Ward,-43.5121146,172.6576486,Entire home/apt,226.0,2.0,88,2026-08-09,2.16,1,277,30,,2026-5,2026-09-17,39.0
4680718,Apartment near Hagley Park with Secure Entry,24205506,"Mayie, Judi And Karen At Bookahome",Christchurch City,Fendalton Ward,-43.52105,172.62268,Entire home/apt,284.0,2.0,76,2026-07-14,0.53,81,323,9,,2026-5,2026-09-17,65.0
1189445950674519206,Charming home on Garden.,459473581,Jeremy,Christchurch City,Fendalton Ward,-43.5173,172.6093,Entire home/apt,971.0,3.0,3,2026-01-02,0.15,1,19,1,,2026-5,2026-09-17,258.0
1241813744345801404,Modern 2Bed 2Bath in city centre,211195948,Jenny,Christchurch City,Central Ward,-43.5367,172.62565,Entire home/apt,273.0,1.0,117,2026-07-20,5.06,19,163,67,,2026-5,2026-09-17,59.0
13927470,"Rossall BnB -Self cont unit, 2km city, bkfast, bus",82731402,Rossall BnB,Christchurch City,Fendalton Ward,-43.51819,172.61528,Entire home/apt,152.0,1.0,373,2026-08-08,3.06,1,268,65,,2026-5,2026-09-17,40.0
1422841951199218506,Scarborough Coastal Getaway,69292138,Marcus,Christchurch City,Heathcote Ward,-43.57403222061269,172.77426515789932,Entire home/apt,951.0,3.0,2,2026-01-15,0.26,1,125,2,,2026-5,2026-09-17,245.0
1610499161284758710,Cozy Sunlit Home Near City & Nature - Halswell,517960751,Moses,Christchurch City,Halswell Ward,-43.59387,172.56609,Private room,120.0,1.0,6,2026-02-26,0.96,2,349,6,,2026-5,2026-09-17,203.0
17607648,Loft apartment above Arts Cafe,83286373,Traeh,Christchurch City,Linwood Ward,-43.54489,172.65486,Entire home/apt,163.0,2.0,136,2021-02-06,1.2,1,55,0,,2026-5,2026-09-17,2049.0
17628262,Double room with en suite and breakfast,96710780,Peter,Christchurch City,Innes Ward,-43.51461,172.65253,Private room,147.0,1.0,603,2026-08-08,5.36,3,160,88,,2026-5,2026-09-17,40.0
39326411,4BR Family Home | Walk to Westfield | Free Parking,125298261,Steven,Christchurch City,Riccarton Ward,-43.53267,172.59539,Entire home/apt,354.0,1.0,41,2026-07-10,2.28,1,72,34,,2026-5,2026-09-17,69.0
1245257931483690310,Charming & Central Retreat with parking,7573206,Debbie,Christchurch City,Central Ward,-43.52363,172.64319,Private room,100.0,3.0,85,2026-08-13,3.76,1,45,46,,2026-5,2026-09-17,35.0
51004537,Spacious City Apartment: Heart of Christchurch,407750015,Megan,Christchurch City,Central Ward,-43.5329,172.6303,Entire home/apt,456.0,2.0,58,2026-04-27,1.05,1,186,5,,2026-5,2026-09-17,143.0
38984697,Modern guestsuite close to University,134311492,Liz,Christchurch City,Riccarton Ward,-43.53078,172.57813,Entire home/apt,95.0,2.0,223,2026-07-31,2.69,1,138,32,,2026-5,2026-09-17,48.0
992875503859885560,Stylish Boutique Townhouse Luxe Comfort,45768555,Hasslefree Accommodation,Christchurch City,Innes Ward,-43.5115,172.65237,Entire home/apt,287.0,1.0,78,2026-08-09,2.26,65,305,29,,2026-5,2026-09-17,39.0
829336472309561353,Tranquility on Tivoli,167661089,Linda,Christchurch City,Harewood Ward,-43.48547014871277,172.59687211364508,Private room,107.0,2.0,135,2026-06-30,3.19,1,324,18,,2026-5,2026-09-17,79.0
22636676,"Bryndwr beauty with free breakfast, Wifi & Netflix",166671081,Wendy,Christchurch City,Waimairi Ward,-43.50081,172.58361,Entire home/apt,96.0,1.0,803,2026-07-30,7.68,1,254,70,,2026-5,2026-09-17,49.0
43582164,Beautiful sunny apartment with off street carpark,123463466,Tracey,Christchurch City,Central Ward,-43.52799,172.64227,Entire home/apt,217.0,2.0,241,2026-07-09,3.2,3,86,33,,2026-5,2026-09-17,70.0
1726691734665947528,Stylish 3BR House in Christchurch,108840733,Nikki,Christchurch City,Waimairi Ward,-43.49629,172.57218,Entire home/apt,347.0,1.0,2,2026-08-05,2.0,4,242,2,,2026-5,2026-09-17,43.0
862507185495895014,"Modern House on a Great Location
close to city",508592191,Maria E,Christchurch City,Halswell Ward,-43.5654606,172.5836921,Entire home/apt,483.0,1.0,17,2026-07-11,0.51,1,270,5,,2026-5,2026-09-17,68.0
1352724608277841324,Cozy Studio Near UC & Christchurch Airport,49642171,Lily-SimplyHost,Christchurch City,Riccarton Ward,-43.52914712701838,172.5707024985343,Entire home/apt,162.0,1.0,58,2026-07-08,3.18,97,336,38,,2026-5,2026-09-17,71.0
1603318204311280942,Central 2BR City Stay on Armagh Street,331763232,Managed By Williams,Christchurch City,Central Ward,-43.5284482,172.6463853,Entire home/apt,207.0,1.0,6,2026-07-23,0.94,165,159,6,,2026-5,2026-09-17,56.0
1554896158728902613,Stylish Cashel Townhouse Stay,331763232,Managed By Williams,Christchurch City,Central Ward,-43.5334384,172.6491979,Entire home/apt,191.0,1.0,8,2026-05-17,0.94,165,144,8,,2026-5,2026-09-17,123.0
46418560,"Inner City House, Sunny Backyard - Great Location!",40661647,Danny,Christchurch City,Central Ward,-43.52921,172.64912,Entire home/apt,822.0,2.0,87,2026-07-04,1.29,1,342,16,,2026-5,2026-09-17,75.0
1735900924062387469,Contemporary Townhouse | Near CBD + Gated Parking,482671075,Care Property Stays,Christchurch City,Central Ward,-43.5300049,172.65168,Entire home/apt,275.0,1.0,1,2026-08-01,1.0,184,261,1,,2026-5,2026-09-17,47.0
1112824116609536401,Zenith Escapes Your Quintessential 4BR Haven,202585247,Ohana,Christchurch City,Halswell Ward,-43.54781,172.55768,Entire home/apt,463.0,1.0,171,2026-08-02,5.87,155,126,64,,2026-5,2026-09-17,46.0
1733586173957471315,Walk to Stadium + 2 Free Car Parks Prime Location,45768555,Hasslefree Accommodation,Christchurch City,Central Ward,-43.5310946,172.649933,Entire home/apt,344.0,1.0,0,,,65,331,0,,2026-5,2026-09-17,
12613591,"Airport Studio, King bed. NO CLEANING  FEE.",67545571,Sharon,Christchurch City,Papanui Ward,-43.49814,172.59603,Entire home/apt,113.0,1.0,1555,2026-07-04,12.46,3,256,93,,2026-5,2026-09-17,75.0
2238148,"Private, Cosy Self Contained. Long Stay's Welcome",6155840,Robyn,Christchurch City,Papanui Ward,-43.47967543598596,172.61712715029716,Entire home/apt,111.0,2.0,470,2026-08-10,3.1,1,218,81,,2026-5,2026-09-17,38.0
40355440,Fabulous townhouse  in Christchurch centre,86216394,Min,Christchurch City,Central Ward,-43.52753,172.64305,Entire home/apt,205.0,1.0,389,2026-07-31,4.77,42,164,32,,2026-5,2026-09-17,48.0
1689517300319261783,Spacious Hornby Stay | 3BR | Sleeps 8 | Garage,123776389,Aj,Christchurch City,Hornby Ward,-43.547560113660566,172.537956961632,Entire home/apt,397.0,1.0,1,2026-07-02,0.68,3,345,1,,2026-5,2026-09-17,77.0
1038843757605729945,4BR Home Next to Nature Parks mins to supermarket,110408144,Shiyao,Christchurch City,Halswell Ward,-43.58378024207667,172.55920439649188,Entire home/apt,664.0,1.0,17,2026-07-18,0.53,1,324,13,,2026-5,2026-09-17,61.0
1018609195874089142,Indulge in New City Accom with All Amenities,74811135,Maggie,Christchurch City,Central Ward,-43.53028,172.65704,Entire home/apt,193.0,1.0,43,2026-07-14,1.28,46,132,20,,2026-5,2026-09-17,65.0
32091110,"Twin studio self contained, serviced, Warm, quite",127329302,Jay,Christchurch City,Riccarton Ward,-43.52978,172.58231,Private room,151.0,1.0,17,2024-12-11,0.2,6,343,0,,2026-5,2026-09-17,645.0
1713353441016359392,Parkside Coastal Retreat in Redcliffs,724968808,Denis,Christchurch City,Heathcote Ward,-43.5607,172.72786,Entire home/apt,375.0,14.0,1,2026-07-19,1.0,2,57,1,,2026-5,2026-09-17,60.0
1463629251612454666,Full-sized 3BR Townhouse - Walking distance to CBD,573419952,Bruce,Christchurch City,Central Ward,-43.5313593,172.647484,Entire home/apt,460.0,1.0,18,2026-07-17,1.49,8,239,18,,2026-5,2026-09-17,62.0
1338781387696349818,Family Friendly Home in Wigram w/ Style and Space,482671075,Care Property Stays,Christchurch City,Halswell Ward,-43.56267090000001,172.5448181,Entire home/apt,375.0,1.0,73,2026-07-15,4.13,184,239,46,,2026-5,2026-09-17,64.0
1648928681848353152,Airport Haven CHC,753327563,Guri,Christchurch City,Hornby Ward,-43.534344,172.5538148,Entire home/apt,210.0,1.0,5,2026-07-15,1.81,1,347,5,,2026-5,2026-09-17,64.0
18394427,One bedroom suite with space,127329302,Jay,Christchurch City,Riccarton Ward,-43.53148,172.58209,Private room,151.0,1.0,1,2017-05-29,0.01,6,346,0,,2026-5,2026-09-17,3398.0
1644034063400676366,Guest house on Shamrock,46022564,Aya,Christchurch City,Halswell Ward,-43.5791593,172.5601679,Private room,139.0,1.0,3,2026-05-18,0.68,1,184,3,,2026-5,2026-09-17,122.0
53641693,"Lovely,convenient location gateway Westfield mall",53121858,Kate And Simon,Christchurch City,Riccarton Ward,-43.5305,172.59351,Entire home/apt,324.0,1.0,31,2023-12-09,0.55,1,105,0,,2026-5,2026-09-17,1013.0
665399461281757519,Romantic Riverside Stay · Walk to City & Dining,24205506,"Mayie, Judi And Karen At Bookahome",Christchurch City,Central Ward,-43.52648,172.65215,Entire home/apt,187.0,2.0,52,2026-07-06,1.07,81,352,9,,2026-5,2026-09-17,73.0
13086620,Finca Flora Cottage,72625380,Kath,Christchurch City,Halswell Ward,-43.5928,172.5476,Entire home/apt,147.0,2.0,149,2026-08-03,1.2,1,347,14,,2026-5,2026-09-17,45.0
1454875239115501494,Ensuite Studio in Prime Location,546096306,Lina,Christchurch City,Papanui Ward,-43.49195,172.60426,Private room,100.0,1.0,41,2026-07-10,3.16,1,86,38,,2026-5,2026-09-17,69.0
16517954,"Garden,quiet,queen bed ,b'fast,nr Uni/city/airport",108085108,Barbara,Christchurch City,Fendalton Ward,-43.51354,172.57738,Private room,106.0,2.0,128,2026-04-27,1.11,3,128,26,,2026-5,2026-09-17,143.0
1508333579601395885,2 beds 2 baths 2 Mins Walk to ONE NZ Stadium,365360819,Chao,Christchurch City,Central Ward,-43.5334849,172.6492141,Entire home/apt,306.0,1.0,2,2026-07-12,0.19,8,206,2,,2026-5,2026-09-17,67.0
1237469396003674646,"Stylish City Apartment, Gym, Pool + Parking",682808597,Devon,Christchurch City,Central Ward,-43.52146,172.63272,Entire home/apt,320.0,1.0,97,2026-08-09,4.25,28,219,50,,2026-5,2026-09-17,39.0
1440203549139400022,Cosy 2 Bed Single Level House Near Uni And Airport,49642171,Lily-SimplyHost,Christchurch City,Hornby Ward,-43.52694,172.55472,Entire home/apt,261.0,1.0,27,2026-07-30,2.0,97,331,24,,2026-5,2026-09-17,49.0
1232250156895539710,"Cozy 2-Bed Near Westfield, Hagley Park & CBD",49642171,Lily-SimplyHost,Christchurch City,Riccarton Ward,-43.53386,172.59494,Entire home/apt,459.0,1.0,76,2026-04-19,3.37,97,237,33,,2026-5,2026-09-17,151.0
1145178505817918088,Gorgeous Riverfront House in  CHCH,129355585,Justina,Christchurch City,Riccarton Ward,-43.5250114,172.5954475,Private room,128.0,1.0,15,2026-02-19,0.56,1,62,6,,2026-5,2026-09-17,210.0
39068068,Park View Estate,167977028,Chun,Christchurch City,Spreydon Ward,-43.564,172.59403,Entire home/apt,311.0,2.0,77,2026-03-01,0.94,1,254,11,,2026-5,2026-09-17,200.0
1560522513937550201,Quite and Cozy Double Bedroom,662706872,Pratik,Christchurch City,Halswell Ward,-43.5684663,172.5424887,Private room,67.0,1.0,10,2026-06-04,1.15,3,298,10,,2026-5,2026-09-17,105.0
1657771015645459255,Convenient Room in Burnside - Queen Bed,245863829,Katya,Christchurch City,Waimairi Ward,-43.5020588,172.5707146,Private room,70.0,1.0,35,2026-08-06,8.33,1,140,35,,2026-5,2026-09-17,42.0
1679288365586114139,Christchurch Getaway with Private Yard,331763232,Managed By Williams,Christchurch City,Central Ward,-43.5392006,172.6344385,Entire home/apt,256.0,1.0,5,2026-07-18,2.59,165,322,5,,2026-5,2026-09-17,61.0
954080068875649431,SkySuite: Chic 2-Bed Apartment in City Centre,49642171,Lily-SimplyHost,Christchurch City,Central Ward,-43.5270084516115,172.63259319259032,Entire home/apt,257.0,1.0,25,2026-08-03,0.73,97,275,5,,2026-5,2026-09-17,45.0
1222966245866288499,Christchurch Airport Tiny House,49689552,Joseph,Christchurch City,Hornby Ward,-43.52256,172.53575,Entire home/apt,132.0,1.0,6,2026-05-05,0.26,1,331,4,,2026-5,2026-09-17,135.0
1586546701006429673,Wigram Modern Family Home | 5BR | Patio & Parking,202585247,Ohana,Christchurch City,Halswell Ward,-43.55696366274139,172.55107865974716,Entire home/apt,440.0,1.0,20,2026-07-13,2.64,155,66,20,,2026-5,2026-09-17,66.0
566284365296787585,Deluxe Entire Townhouse on Hereford with King bed,86216394,Min,Christchurch City,Central Ward,-43.53239,172.64928,Entire home/apt,169.0,1.0,132,2026-07-21,2.43,42,206,18,,2026-5,2026-09-17,58.0
1624507788701841703,Your Home With Private Courtyard,202585247,Ohana,Christchurch City,Central Ward,-43.5312204691493,172.6505036909024,Entire home/apt,245.0,1.0,35,2026-07-20,6.07,155,104,35,,2026-5,2026-09-17,59.0
46713002,One Bedroom Family Apartment,127329302,Jay,Christchurch City,Riccarton Ward,-43.53137,172.58117,Entire home/apt,161.0,1.0,3,2023-09-08,0.05,6,343,0,,2026-5,2026-09-17,1105.0
1024299805491761022,Comfortable 2 bedroom house,546420030,Maureen,Christchurch City,Waimairi Ward,-43.5212,172.54791,Private room,93.0,1.0,2,2026-03-01,0.35,1,269,2,,2026-5,2026-09-17,200.0
1681523674636554497,Azure Soar - UC&Riccarton - Private Bathroom Room4,477454854,Denny,Christchurch City,Riccarton Ward,-43.5381070880155,172.5911758891935,Private room,108.0,1.0,3,2026-06-16,0.99,5,94,3,,2026-5,2026-09-17,93.0
1550536946745340346,Christchurch Room with Private Bathroom + Bath,666863771,Ansh,Christchurch City,Halswell Ward,-43.5718219,172.581708,Private room,84.0,1.0,98,2026-06-14,10.89,1,132,98,,2026-5,2026-09-17,95.0
1509100260022640977,Stylish CBD Apartment with parking | Stadium Front,137240552,Yumeng,Christchurch City,Central Ward,-43.53287,172.64215,Entire home/apt,314.0,1.0,9,2026-08-10,1.46,1,75,9,,2026-5,2026-09-17,38.0
1341121278031376816,Cozy double bed bliss/ garden view/self check in,430177594,Paul,Christchurch City,Hornby Ward,-43.55263069051671,172.5274307280779,Private room,56.0,1.0,160,2026-07-30,8.57,4,239,98,,2026-5,2026-09-17,49.0
47803329,Classic Quad Room,270614463,Samuel William,Christchurch City,Central Ward,-43.53251,172.62714,Private room,130.0,1.0,26,2025-12-07,0.46,14,262,3,,2026-5,2026-09-17,284.0
47802645,Classic Queen Room,270614463,Samuel William,Christchurch City,Central Ward,-43.5315,172.62765,Private room,120.0,1.0,15,2026-06-20,0.33,14,333,6,,2026-5,2026-09-17,89.0
1649083255490993582,Spacious 2BR Townhouse with Yard Wilmer Street,331763232,Managed By Williams,Christchurch City,Central Ward,-43.5389655,172.6315994,Entire home/apt,219.0,1.0,2,2026-05-16,0.57,165,326,2,,2026-5,2026-09-17,124.0
1271891266196298806,Parkside Comfort – 2BR l Guest Favourite,49642171,Lily-SimplyHost,Christchurch City,Riccarton Ward,-43.53619600594249,172.58538953692496,Entire home/apt,256.0,1.0,24,2026-07-17,1.14,97,336,17,,2026-5,2026-09-17,62.0
1345047333080548483,Elegant Living in Gloucester – Your Ideal Getaway,551181197,Paula Kat Charlotte,Christchurch City,Central Ward,-43.5295526,172.6446809,Entire home/apt,273.0,1.0,44,2026-05-05,2.39,177,254,24,,2026-5,2026-09-17,135.0
27526890,"Golden Sun-Spacious, Modern 2&3 bedrooms home",119597817,Angela,Christchurch City,Halswell Ward,-43.55161,172.55743,Entire home/apt,407.0,2.0,33,2026-03-20,0.35,3,332,2,,2026-5,2026-09-17,181.0
935771650284510992,no.8 Private Single Room in Detached Sleepout,105265867,Andrew,Christchurch City,Riccarton Ward,-43.53884,172.5701,Private room,68.0,2.0,44,2026-07-30,1.19,8,180,6,,2026-5,2026-09-17,49.0
1162605365405336790,"Luxurious Studio: Prime location, City Centre",551181197,Paula Kat Charlotte,Christchurch City,Central Ward,-43.5383544,172.6329787,Entire home/apt,156.0,1.0,157,2026-08-08,5.89,177,235,82,,2026-5,2026-09-17,40.0
609503996966601810,Central 2BR Townhouse | Near CBD + Stadium,202585247,Ohana,Christchurch City,Central Ward,-43.52322,172.64187,Entire home/apt,220.0,1.0,391,2026-07-21,7.47,155,140,73,,2026-5,2026-09-17,58.0
1269849619553601040,Cosy Studio Escape in Wilmer,482671075,Care Property Stays,Christchurch City,Central Ward,-43.5386214,172.6325104,Entire home/apt,146.0,1.0,122,2026-08-09,5.56,184,251,88,,2026-5,2026-09-17,39.0
1144725724909205028,Fitzgerald Focus - Your 1BR Urban Oasis,202585247,Ohana,Christchurch City,Central Ward,-43.53344,172.65043,Entire home/apt,248.0,1.0,88,2026-07-11,3.3,155,119,39,,2026-5,2026-09-17,68.0
1301943298715896978,Park & Central City Spa-pool Escape,133825107,Yvette,Christchurch City,Central Ward,-43.522734143077514,172.6299604551251,Entire home/apt,251.0,2.0,50,2026-07-20,2.7,2,264,26,,2026-5,2026-09-17,59.0
1567769927103521434,Modern 3BR Retreat in Central Richmond,202585247,Ohana,Christchurch City,Central Ward,-43.52193,172.65189,Entire home/apt,313.0,1.0,23,2026-07-12,2.82,155,222,23,,2026-5,2026-09-17,67.0
893914850857110192,Vibrant Central Christchurch 2 bed,482671075,Care Property Stays,Christchurch City,Central Ward,-43.5312085,172.6470511,Entire home/apt,241.0,1.0,118,2026-08-05,3.05,184,197,25,,2026-5,2026-09-17,43.0
1394488165947043085,Upscale Townhouse with Parking in Prime Location,551181197,Paula Kat Charlotte,Christchurch City,Central Ward,-43.52574,172.63574,Entire home/apt,307.0,1.0,71,2026-08-05,4.44,177,182,56,,2026-5,2026-09-17,43.0
967760129147377073,Walk to Riverside Market: 4 bed 4 bath w/ Car Park,482671075,Care Property Stays,Christchurch City,Central Ward,-43.535568,172.6318853,Entire home/apt,485.0,1.0,224,2026-08-01,6.32,184,212,53,,2026-5,2026-09-17,47.0
1461365209186500953,Modern 3 BR Townhouse - Only short walk to Stadium,573419952,Bruce,Christchurch City,Central Ward,-43.52998,172.64793,Entire home/apt,472.0,1.0,10,2026-04-09,0.82,8,235,10,,2026-5,2026-09-17,161.0
1312584803425647985,Beautiful home Near CBD Pet Friendly with Carpark,482671075,Care Property Stays,Christchurch City,Central Ward,-43.523554,172.6531331,Entire home/apt,221.0,1.0,38,2026-07-13,1.91,184,259,21,,2026-5,2026-09-17,66.0
615313985007063347,City Nook | 2BR with Courtyard | CBD + Stadium,202585247,Ohana,Christchurch City,Central Ward,-43.5337122,172.6490796,Entire home/apt,264.0,1.0,294,2026-07-23,5.65,155,126,29,,2026-5,2026-09-17,56.0
1015472486138278490,Serenity in the Centre: 2 bed 2 bath,482671075,Care Property Stays,Christchurch City,Central Ward,-43.5242973,172.6362563,Entire home/apt,223.0,1.0,89,2026-05-31,2.65,184,254,36,,2026-5,2026-09-17,109.0
1712076365338182251,The Moorhouse Residence | Cozy & Central,331763232,Managed By Williams,Christchurch City,Central Ward,-43.539303582043466,172.63437715008948,Entire home/apt,179.0,1.0,1,2026-07-14,0.94,165,351,1,,2026-5,2026-09-17,65.0
1095304942070590765,Worcester Terrace 201,24205506,"Mayie, Judi And Karen At Bookahome",Christchurch City,Central Ward,-43.52985,172.64162,Entire home/apt,286.0,2.0,54,2026-08-09,1.79,81,293,21,,2026-5,2026-09-17,39.0
1617614472584827220,Luxury Living | 2 King Beds + Parking,510730797,Kate,Christchurch City,Central Ward,-43.52207689999999,172.6371453,Entire home/apt,299.0,2.0,14,2026-07-18,2.35,20,263,14,,2026-5,2026-09-17,61.0
1653330710592046233,Stadium Base + Sunny Courtyard Living,482671075,Care Property Stays,Christchurch City,Central Ward,-43.5318057,172.6438321,Entire home/apt,188.0,1.0,5,2026-07-12,1.24,184,233,5,,2026-5,2026-09-17,67.0
976135826937167403,Central Charm 2 bed 2 bath with sunny Balcony,482671075,Care Property Stays,Christchurch City,Central Ward,-43.535568,172.6318853,Entire home/apt,228.0,1.0,142,2026-08-09,4.04,184,239,35,,2026-5,2026-09-17,39.0
837058062814020519,Enchanting Getaway in Merivale,202585247,Ohana,Christchurch City,Fendalton Ward,-43.5146541,172.6258586,Entire home/apt,311.0,1.0,285,2026-08-08,6.79,155,129,66,,2026-5,2026-09-17,40.0
917122985775016012,Lincoln Road Two Bedroom Townhouse - Luxury!,49642171,Lily-SimplyHost,Christchurch City,Spreydon Ward,-43.54253713895386,172.61214037354122,Entire home/apt,307.0,1.0,155,2026-07-16,4.12,97,60,50,,2026-5,2026-09-17,63.0
49116548,Handy CBD Covered Free Parking Gym 2 Bdrm,45768555,Hasslefree Accommodation,Christchurch City,Central Ward,-43.52014,172.64573,Entire home/apt,324.0,1.0,182,2026-04-26,2.81,65,343,16,,2026-5,2026-09-17,144.0
1442389303045164521,Rare Find 3 bed CBD Single Level with 2 car parks,551181197,Paula Kat Charlotte,Christchurch City,Central Ward,-43.52625,172.64239,Entire home/apt,389.0,1.0,60,2026-08-01,4.43,177,231,51,,2026-5,2026-09-17,47.0
1581621414044913910,Private sleepout with garden-view lounge,374772956,Minh,Christchurch City,Central Ward,-43.52497,172.66917,Private room,75.0,1.0,42,2026-07-04,5.68,2,170,42,,2026-5,2026-09-17,75.0
958226999670291684,"Sunsoaked & Stylish 3 Bed, 1.5 Bath Home w Garage",482671075,Care Property Stays,Christchurch City,Innes Ward,-43.50693,172.63762,Entire home/apt,272.0,1.0,123,2026-08-04,3.38,184,271,21,,2026-5,2026-09-17,44.0
1003331113793019519,Opawaho retreat - private self contained space,542054257,Claire,Christchurch City,Heathcote Ward,-43.55123,172.65531,Entire home/apt,102.0,2.0,110,2026-08-06,3.23,1,260,26,,2026-5,2026-09-17,42.0
1004535439762953971,St Martins: by the port hills,191584754,Kathryn,Christchurch City,Cashmere Ward,-43.5556,172.65391,Entire home/apt,194.0,1.0,64,2026-07-04,1.91,2,202,22,,2026-5,2026-09-17,75.0
1612853014122463495,Luxury And Tranquil CBD 2 Bed+Parking!,49642171,Lily-SimplyHost,Christchurch City,Central Ward,-43.5221126,172.6371454,Entire home/apt,224.0,1.0,15,2026-07-11,2.45,97,348,15,,2026-5,2026-09-17,68.0
1596051101390021306,Spacious Studio with Full Kitchen: Close to CBD,389460506,Pulkit,Christchurch City,Central Ward,-43.51717,172.63941,Private room,145.0,1.0,0,,,2,266,0,,2026-5,2026-09-17,
848088385807549576,Inner city retreat.,367122252,Dane,Christchurch City,Spreydon Ward,-43.54245,172.61247,Entire home/apt,235.0,1.0,69,2026-07-13,1.73,1,119,22,,2026-5,2026-09-17,66.0
1284946565159566484,Spacious and centrally located,22509852,Alicja,Christchurch City,Cashmere Ward,-43.554131,172.632789,Private room,82.0,2.0,9,2026-04-29,0.49,1,123,4,,2026-5,2026-09-17,141.0
1299779572878619906,Perfect for Groups: Stylish 4BR Devonport Stay,551181197,Paula Kat Charlotte,Christchurch City,Fendalton Ward,-43.5129634,172.625209,Entire home/apt,551.0,1.0,6,2026-07-10,0.4,177,224,4,,2026-5,2026-09-17,69.0
1524975246039069606,Charming Character Close to City,313482473,Maura,Christchurch City,Central Ward,-43.51778,172.64055,Entire home/apt,580.0,1.0,6,2026-04-26,0.78,1,173,6,,2026-5,2026-09-17,144.0
1557058855125999565,Central City Cozy Queen Room,472284775,Charanpreet,Christchurch City,Central Ward,-43.51767,172.64591,Private room,88.0,1.0,68,2026-08-07,7.79,1,219,68,,2026-5,2026-09-17,41.0
47761558,Handy Riccarton Hagley Park CBD 10 Mins,45768555,Hasslefree Accommodation,Christchurch City,Riccarton Ward,-43.5357,172.60242,Entire home/apt,430.0,1.0,201,2026-07-05,2.99,65,336,19,,2026-5,2026-09-17,74.0
987101443893647437,Urban Retreat: Cozy 2-Bedroom Near City Centre.,25974932,Rain,Christchurch City,Riccarton Ward,-43.52940234683304,172.60975744575262,Entire home/apt,426.0,1.0,154,2026-07-28,4.59,1,238,92,,2026-5,2026-09-17,51.0
714770206988723448,"Modern home with parking, spa pool & courtyard",19990313,Jeff & Rosana,Christchurch City,Riccarton Ward,-43.53545,172.60476,Entire home/apt,280.0,1.0,313,2026-08-11,6.96,1,145,110,,2026-5,2026-09-17,37.0
1443972075828422517,Cosy Corner- Riccarton,151829651,Heidi,Christchurch City,Riccarton Ward,-43.53336600377857,172.60166596141562,Entire home/apt,245.0,1.0,138,2026-07-16,10.15,2,150,124,,2026-5,2026-09-17,63.0
21770759,Addington-5min Tranz-Rail /Event Centre/Races-Rm B,157981094,Carla,Christchurch City,Spreydon Ward,-43.54193,172.60707,Private room,120.0,1.0,150,2026-07-18,1.44,2,259,31,,2026-5,2026-09-17,61.0
51564989,Bedroom in Cheerful 3-bedroom home (1 x Queen Bed),8171146,Alison,Christchurch City,Riccarton Ward,-43.52764,172.60326,Private room,77.0,1.0,68,2026-07-30,1.15,2,14,45,,2026-5,2026-09-17,49.0
15472945,Central & Stylish - Bedroom & Private Bathroom,37744826,Kevin,Christchurch City,Riccarton Ward,-43.52648,172.60572,Private room,147.0,2.0,232,2026-05-30,2.0,1,128,33,,2026-5,2026-09-17,110.0
20284776,Huntsbury Hill - private entrance Studio room,135707633,Ursula,Christchurch City,Cashmere Ward,-43.57083,172.65511,Entire home/apt,175.0,1.0,14,2025-11-27,0.13,1,97,3,,2026-5,2026-09-17,294.0
1621505586303421523,It's All Good In The 'Wood,686715968,Aussie,Christchurch City,Central Ward,-43.5277,172.67134,Private room,89.0,1.0,19,2026-07-06,3.33,1,308,19,,2026-5,2026-09-17,73.0
46775834,Superior Studio (Accessible) - Kauri Motel,302631641,Kauri,Christchurch City,Riccarton Ward,-43.529858,172.596909,Private room,174.0,1.0,1,2021-04-30,0.02,4,337,0,,2026-5,2026-09-17,1966.0
1010452376290813522,1km away from Hagley Park Riccarton RM03,180085404,Urban Accommodation In Christchurch City,Christchurch City,Riccarton Ward,-43.52765,172.6026,Private room,86.0,1.0,24,2025-04-23,0.77,4,39,0,,2026-5,2026-09-17,512.0
30020244,Haven in Huntsbury: The genuine Bed and Breakfast,24563785,Carol,Christchurch City,Cashmere Ward,-43.5709,172.64482,Private room,137.0,1.0,200,2026-04-27,2.13,1,340,24,,2026-5,2026-09-17,143.0
21702984,Beckenham retreat-no cleaning fee,143593937,Gill,Christchurch City,Cashmere Ward,-43.56474,172.64401,Private room,80.0,1.0,768,2026-05-27,7.22,1,56,107,,2026-5,2026-09-17,113.0
1100518535899259167,Stylish 2BR in Merivale | Quiet Street near CBD,129377311,Sammi,Christchurch City,Fendalton Ward,-43.51372,172.62477,Entire home/apt,289.0,1.0,221,2026-08-10,7.4,2,46,113,,2026-5,2026-09-17,38.0
1183000185654214205,Happy Holidays: Last Minute Specials 3br& Parking,63678807,Odhran,Christchurch City,Riccarton Ward,-43.5298422,172.6102259,Entire home/apt,464.0,5.0,40,2026-04-19,1.6,1,44,12,,2026-5,2026-09-17,151.0
1503910510847478738,Chic Riccarton Stay with Parking + Outdoor Space,482671075,Care Property Stays,Christchurch City,Riccarton Ward,-43.5370816,172.5992706,Entire home/apt,265.0,1.0,9,2026-07-10,0.94,184,253,9,,2026-5,2026-09-17,69.0
1232053569280297775,Munroe Heights: park outlook.,94131747,Lucy,Christchurch City,Heathcote Ward,-43.555584,172.6695677,Private room,115.0,1.0,10,2026-02-15,0.43,1,364,5,,2026-5,2026-09-17,214.0
1462516925086759558,Luxe City Stay Sleeps 7 with Garage,551181197,Paula Kat Charlotte,Christchurch City,Heathcote Ward,-43.5513457,172.6487557,Entire home/apt,302.0,1.0,50,2026-07-12,3.81,177,249,46,,2026-5,2026-09-17,67.0
1388762011553619350,Modern 4BR in Riccarton Walk to Mall and Park,551181197,Paula Kat Charlotte,Christchurch City,Riccarton Ward,-43.53219240000001,172.6010008,Entire home/apt,473.0,1.0,8,2026-06-07,0.59,177,201,4,,2026-5,2026-09-17,102.0
1396843442883535712,Westminster Haven - Christchurch Holiday Home,145244100,Bachcare,Christchurch City,Innes Ward,-43.50565401964228,172.6389875152307,Entire home/apt,,2.0,4,2026-04-26,0.3,1231,361,2,,2026-5,2026-09-17,144.0
1744499958501406859,Charming Hillside Apartment.  Bus at gate.,23666038,Carol,Christchurch City,Cashmere Ward,-43.56799669999999,172.6527764,Entire home/apt,185.0,2.0,0,,,1,329,0,,2026-5,2026-09-17,
1246698277377606180,Hagley Haven,652290358,Joshua,Christchurch City,Riccarton Ward,-43.528496621251875,172.61170651163937,Entire home/apt,236.0,1.0,47,2026-07-16,2.21,1,232,19,,2026-5,2026-09-17,63.0
1682464065833766800,"Beautiful Room Near Stadium, CBD & FREE Parking",484015478,Cecilia,Christchurch City,Central Ward,-43.53015739719394,172.64848757483406,Private room,,1.0,0,,,1,122,0,,2026-5,2026-09-17,
850971839433590569,"Hilltop room with ensuite, close to city",42254919,Anna,Christchurch City,Cashmere Ward,-43.56971,172.65324,Private room,80.0,2.0,4,2026-04-18,0.13,2,89,2,,2026-5,2026-09-17,152.0
1270538833508288358,Studio near Hospital with Balcony,482671075,Care Property Stays,Christchurch City,Central Ward,-43.5386106,172.6315744,Entire home/apt,146.0,1.0,90,2026-08-06,4.12,184,245,70,,2026-5,2026-09-17,42.0
1102250835317326101,4 Minutes walk to Riverside Market!4bed 4 bath,560354463,Fang,Christchurch City,Central Ward,-43.535584,172.632186,Entire home/apt,319.0,1.0,134,2026-07-19,5.08,3,228,40,,2026-5,2026-09-17,60.0
860199373578595364,Explore Addington and CBD 1 Bed w/Carpark,482671075,Care Property Stays,Christchurch City,Spreydon Ward,-43.5446827,172.6109235,Entire home/apt,176.0,1.0,136,2026-07-28,3.33,184,261,29,,2026-5,2026-09-17,51.0
51272681,Central Apartment Stone Throw From Hospital,45768555,Hasslefree Accommodation,Christchurch City,Central Ward,-43.53888,172.62046,Entire home/apt,310.0,1.0,169,2026-07-10,2.82,65,337,19,,2026-5,2026-09-17,69.0
1419298498335634218,Central Stay Addington,574309505,Leana,Christchurch City,Spreydon Ward,-43.54203668141266,172.61225759983063,Entire home/apt,184.0,1.0,30,2026-08-01,2.42,1,253,29,,2026-5,2026-09-17,47.0
1313398398968012071,CBD 2BR 2Bath by Hagley Park | Free Parking,49642171,Lily-SimplyHost,Christchurch City,Spreydon Ward,-43.54165709632117,172.6115757281866,Entire home/apt,235.0,1.0,20,2026-07-08,1.04,97,301,13,,2026-5,2026-09-17,71.0
1493790290837597022,Modern Bright 2BR w/ Balcony & Hagley Park Outlook,482671075,Care Property Stays,Christchurch City,Central Ward,-43.53834519999999,172.6210031,Entire home/apt,227.0,1.0,39,2026-08-09,3.41,184,234,39,,2026-5,2026-09-17,39.0
794464420535551287,Christchurch Parkside Apartment - with EV Charger,307971138,Stephanie,Christchurch City,Riccarton Ward,-43.5297719,172.6113008,Entire home/apt,286.0,2.0,20,2025-01-10,0.46,2,166,0,,2026-5,2026-09-17,615.0
1731432474130931712,Sunny Escape Steps from Hagley Park & Hospital,45768555,Hasslefree Accommodation,Christchurch City,Central Ward,-43.5397233,172.618738,Entire home/apt,259.0,1.0,1,2026-08-13,1.0,65,321,1,,2026-5,2026-09-17,35.0
1287230675524680804,Sydenham sanctuary,2269995,Bridgette,Christchurch City,Heathcote Ward,-43.55202965112118,172.64544931134188,Entire home/apt,228.0,5.0,17,2026-02-28,0.85,1,256,2,,2026-5,2026-09-17,201.0
1364030490725450845,Quiet Oasis by Hagley Park with Balcony View,679694023,Max,Christchurch City,Riccarton Ward,-43.52650697725486,172.60682930193607,Entire home/apt,346.0,1.0,8,2026-05-18,0.85,2,67,8,,2026-5,2026-09-17,122.0
26958933,Two townhouses together - large group,24205506,"Mayie, Judi And Karen At Bookahome",Christchurch City,Riccarton Ward,-43.532,172.60596,Entire home/apt,1058.0,2.0,45,2026-07-18,0.47,81,80,4,,2026-5,2026-09-17,61.0
1537960863833551570,"Garden Studio, close to city, private & welcoming",30516027,Sarah And Richard,Christchurch City,Cashmere Ward,-43.56542011344721,172.6567551734505,Entire home/apt,124.0,2.0,7,2026-07-05,0.84,2,82,7,,2026-5,2026-09-17,74.0
1474928353776436226,Merivale Court One Bedroom Apartment-Unit 7,707858717,Stay At Christchurch Ltd,Christchurch City,Fendalton Ward,-43.51776212776995,172.62443732225242,Entire home/apt,163.0,1.0,0,,,14,363,0,,2026-5,2026-09-17,
1279120480492923460,Stylish Riccarton 3BR Townhouse | Walk to Mall,24205506,"Mayie, Judi And Karen At Bookahome",Christchurch City,Riccarton Ward,-43.53283,172.59902,Entire home/apt,250.0,2.0,19,2026-07-22,0.95,81,192,13,,2026-5,2026-09-17,57.0
1052547623341395950,"Cosy, Low-Tox, Unplugged, Sydenham Sanctuary",65959940,Terra-Lynn,Christchurch City,Heathcote Ward,-43.55233,172.6437,Entire home/apt,236.0,3.0,3,2024-02-11,0.1,1,179,0,,2026-5,2026-09-17,949.0
667758223208977117,"WakeUp in CHCH Urban Oasis, Close to Arena&Railway",25913857,Ads,Christchurch City,Spreydon Ward,-43.54508,172.61071,Entire home/apt,159.0,1.0,283,2026-08-02,5.69,1,317,83,,2026-5,2026-09-17,46.0
1671443457294930946,"Warm, Modern, Convenient Central City location",751715149,Hazel,Christchurch City,Central Ward,-43.5233,172.64223,Private room,106.0,1.0,3,2026-08-02,1.36,3,24,3,,2026-5,2026-09-17,46.0
969757016385188228,Inner-city apartment - great location,24205506,"Mayie, Judi And Karen At Bookahome",Christchurch City,Central Ward,-43.53009249999999,172.6416232,Entire home/apt,287.0,2.0,39,2026-07-12,1.11,81,299,13,,2026-5,2026-09-17,67.0
9845550,New Lease of Life for Unit 8,50694865,Hotel,Christchurch City,Fendalton Ward,-43.520267,172.626251,Entire home/apt,201.0,1.0,167,2026-02-27,1.3,11,326,2,,2026-5,2026-09-17,202.0
835763301153714646,1 Bed Central City Fringe Deluxe w/Carpark,482671075,Care Property Stays,Christchurch City,Spreydon Ward,-43.5460365,172.6197479,Entire home/apt,154.0,1.0,264,2026-08-09,6.47,184,254,69,,2026-5,2026-09-17,39.0
771054901650979999,Family House With Hot Tub And Parking Christchurch,58253723,Happy Hideouts,Christchurch City,Cashmere Ward,-43.56297359320462,172.62561734765768,Entire home/apt,410.0,1.0,15,2026-06-24,0.35,6,128,10,,2026-5,2026-09-17,85.0
877734750121795480,A Hidden Gem on Lincoln Road,155024348,Jenna,Christchurch City,Spreydon Ward,-43.54379,172.61418,Entire home/apt,197.0,1.0,252,2026-07-28,6.55,1,202,95,,2026-5,2026-09-17,51.0
1211500840353801863,Amross Court centrally located,592876483,Vincent,Christchurch City,Central Ward,-43.51986,172.63062,Entire home/apt,206.0,1.0,14,2026-04-09,0.59,1,179,7,,2026-5,2026-09-17,161.0
1738752237949995669,Peaceful Merivale Hideaway - Parkside + Parking,482671075,Care Property Stays,Christchurch City,Fendalton Ward,-43.5186786,172.6250027,Entire home/apt,263.0,1.0,1,2026-08-07,1.0,184,169,1,,2026-5,2026-09-17,41.0
1489358141063232744,The Lantern House,121298269,Josie,Christchurch City,Spreydon Ward,-43.56164,172.61584,Private room,80.0,1.0,9,2026-08-10,1.44,1,268,9,,2026-5,2026-09-17,38.0
40285042,Sunhaven,119677273,Randal And Heather,Christchurch City,Cashmere Ward,-43.56838,172.64721,Entire home/apt,202.0,1.0,176,2026-07-03,2.15,1,40,35,,2026-5,2026-09-17,76.0
10792884,Vintage charm - 1930s Home with Luxe Bedding,52334730,Sutza,Christchurch City,Cashmere Ward,-43.567100524902344,172.6211395263672,Entire home/apt,193.0,2.0,303,2026-07-28,2.39,1,223,25,,2026-5,2026-09-17,51.0
8463513,City Centre 5 Bedroom Group Accommodation,43226526,Janine,Christchurch City,Linwood Ward,-43.53587,172.66089,Entire home/apt,313.0,2.0,60,2026-07-05,0.45,4,362,2,,2026-5,2026-09-17,74.0
1293783901245797014,Elegant 4-Bedroom Townhouses in Vibrant CBD,482671075,Care Property Stays,Christchurch City,Central Ward,-43.53581020979104,172.6328421633099,Entire home/apt,422.0,1.0,29,2026-07-04,1.42,184,220,23,,2026-5,2026-09-17,75.0
1713419358169639292,Comfortable City Townhouse Stay | Garage & Stadium,482671075,Care Property Stays,Christchurch City,Central Ward,-43.5221886,172.6373907,Entire home/apt,275.0,1.0,2,2026-07-16,1.43,184,269,2,,2026-5,2026-09-17,63.0
41865487,"City Living, Parkside Peace",155059446,Gemma Nicole,Christchurch City,Central Ward,-43.53872,172.62021,Entire home/apt,335.0,2.0,6,2026-08-08,3.75,2,163,6,,2026-5,2026-09-17,40.0
1197571207062857935,Stadium Edge EV Townhouse Addington,501285238,Sean,Christchurch City,Spreydon Ward,-43.5444428,172.6087953,Entire home/apt,187.0,1.0,106,2026-08-12,4.22,1,18,60,,2026-5,2026-09-17,36.0
24105215,Private self contained flat in garden setting,147861891,Andrew And Sue,Christchurch City,Heathcote Ward,-43.55866,172.67018,Entire home/apt,106.0,2.0,221,2026-07-31,2.19,1,324,46,,2026-5,2026-09-17,48.0
730633722211758117,5BR Home Near City & Stadiums,24205506,"Mayie, Judi And Karen At Bookahome",Christchurch City,Riccarton Ward,-43.52975,172.60529,Entire home/apt,368.0,2.0,68,2026-07-25,1.46,81,246,15,,2026-5,2026-09-17,54.0
5040124,3 Bedroom Home - Central Location,26021220,Rosanna,Christchurch City,Cashmere Ward,-43.55625,172.62941,Entire home/apt,177.0,5.0,160,2025-04-21,1.14,1,15,0,,2026-5,2026-09-17,514.0
1582984883489509999,Luxury on Aynsley - Full House,55081827,Caleb,Christchurch City,Heathcote Ward,-43.55762,172.6682,Entire home/apt,1518.0,1.0,0,,,2,182,0,,2026-5,2026-09-17,
38808558,Modern Two-Bedroom Home in Merivale,35651055,Jack,Christchurch City,Fendalton Ward,-43.51265,172.62676,Entire home/apt,322.0,1.0,86,2026-07-26,1.03,1,62,25,,2026-5,2026-09-17,53.0
1204719785300405628,Spa & Games | Family & Friends | Warm Winter Stay,33737430,Bevan,Christchurch City,Spreydon Ward,-43.5558325,172.6065522,Entire home/apt,231.0,1.0,161,2026-08-10,6.45,1,283,73,,2026-5,2026-09-17,38.0
1634448347638233418,Sleeps 11 - 6BR Group Stay Near CBD + Parking,482671075,Care Property Stays,Christchurch City,Spreydon Ward,-43.543439,172.6134034,Entire home/apt,428.0,1.0,20,2026-07-28,3.97,184,196,20,,2026-5,2026-09-17,51.0
1519122967455215692,The Nest – Modern Studio Retreat with Parking,482671075,Care Property Stays,Christchurch City,Innes Ward,-43.5058825,172.6361346,Entire home/apt,166.0,1.0,21,2026-08-06,2.03,184,263,21,,2026-5,2026-09-17,42.0
1611482850929356271,"Sunny Colombo St Stay. Reserved Parking, King beds",551181197,Paula Kat Charlotte,Christchurch City,Central Ward,-43.52207689999999,172.6371453,Entire home/apt,237.0,1.0,17,2026-08-09,2.85,177,221,17,,2026-5,2026-09-17,39.0
43690597,New stylish apartment in the heart of CBD,99704310,Coco,Christchurch City,Central Ward,-43.53336,172.64232,Entire home/apt,120.0,1.0,493,2026-07-23,6.56,1,93,51,,2026-5,2026-09-17,56.0
1534292202491995269,Central City Stay: Walk to Hagley Park and CBD,677451527,Sai,Christchurch City,Central Ward,-43.5253441,172.6295258,Entire home/apt,288.0,1.0,2,2026-02-28,0.33,1,257,2,,2026-5,2026-09-17,201.0
39732444,Standard Cottage @ Cranford Cottages and Motel,305389317,Cranford Cottages And Motel,Christchurch City,Innes Ward,-43.51147,172.63827,Entire home/apt,182.0,1.0,31,2026-06-14,0.43,6,355,11,,2026-5,2026-09-17,95.0
1014767470167546009,Kowhai Cottage Private Room,45165874,Tania,Christchurch City,Linwood Ward,-43.54204,172.66945,Private room,70.0,2.0,31,2026-07-05,1.06,3,76,4,,2026-5,2026-09-17,74.0
772525694591965366,Spacious and Comfy Townhouse,667025918,Canterbury Corner,Christchurch City,Heathcote Ward,-43.5559497,172.6430901,Entire home/apt,260.0,1.0,68,2026-07-11,1.55,1,103,24,,2026-5,2026-09-17,68.0
40758530,Next to Hagley Park - 7 Night special deals,24205506,"Mayie, Judi And Karen At Bookahome",Christchurch City,Riccarton Ward,-43.54023,172.61128,Entire home/apt,353.0,2.0,81,2026-07-16,1.0,81,329,21,,2026-5,2026-09-17,63.0
13847996,Christchurch Base,15484405,Clare,Christchurch City,Cashmere Ward,-43.57261,172.63826,Entire home/apt,278.0,2.0,101,2026-06-13,0.84,2,248,14,,2026-5,2026-09-17,96.0
1614058660911157196,Walk to Hagley Park | EV Charger | 3 Bed 3 Bath,482671075,Care Property Stays,Christchurch City,Riccarton Ward,-43.5286997,172.6109767,Entire home/apt,333.0,1.0,5,2026-06-04,0.8,184,207,5,,2026-5,2026-09-17,105.0
1166246401388794581,City on Foot | Comfy Townhouse Getaway,516298003,Arun,Christchurch City,Central Ward,-43.5315621,172.6661879,Private room,211.0,1.0,1,2026-02-10,0.16,1,90,1,,2026-5,2026-09-17,219.0
1501232887477529508,Your Home Away From Home on Barrington Street,482671075,Care Property Stays,Christchurch City,Cashmere Ward,-43.562345895842185,172.62456120070934,Entire home/apt,199.0,1.0,7,2026-07-30,0.93,184,232,7,,2026-5,2026-09-17,49.0
17331633,"""Different, better; place to be to make the scene",116642481,Rowan,Christchurch City,Innes Ward,-43.50854,172.63388,Private room,53.0,2.0,554,2026-07-12,4.83,1,351,30,,2026-5,2026-09-17,67.0
1367518870805266062,Cabin cutie,21100538,Amy,Christchurch City,Spreydon Ward,-43.5638852,172.599944,Private room,63.0,2.0,3,2025-11-07,0.17,1,362,2,,2026-5,2026-09-17,314.0
1344457820113391787,One bedroom,675770822,Mengfei,Christchurch City,Linwood Ward,-43.5422273,172.6635552,Private room,159.0,7.0,0,,,2,364,0,,2026-5,2026-09-17,
36618496,Queen Studio Unit,266905655,Hari,Christchurch City,Central Ward,-43.5205078125,172.641845703125,Entire home/apt,121.0,1.0,38,2026-05-16,0.44,5,361,7,,2026-5,2026-09-17,124.0
1125897479464333005,Modern 2BR Oasis Minutes from CBD l Merivale Mall,49642171,Lily-SimplyHost,Christchurch City,Fendalton Ward,-43.51381,172.62608,Entire home/apt,256.0,1.0,16,2026-07-15,0.56,97,344,11,,2026-5,2026-09-17,64.0
979168358988813999,"Whistle Stop - Whimsical luxury,  EV friendly",86216394,Min,Christchurch City,Spreydon Ward,-43.54128,172.61343,Entire home/apt,213.0,1.0,148,2026-07-30,4.29,42,132,60,,2026-5,2026-09-17,49.0
15397099,"Kia Ora。Formosa
哈囉。福爾摩沙",28327900,Andrei & June,Christchurch City,Cashmere Ward,-43.56204,172.61723,Private room,103.0,2.0,27,2026-04-15,0.27,1,231,7,,2026-5,2026-09-17,155.0
1299168997740935123,Cosy Room Christchurch Central,664228788,Xuemei,Christchurch City,Central Ward,-43.534779,172.6606091,Private room,75.0,1.0,83,2026-07-18,4.21,1,359,58,,2026-5,2026-09-17,61.0
1599610512935716306,Peaceful Bushside Single Room,58253723,Happy Hideouts,Christchurch City,Innes Ward,-43.49410889846365,172.63163699332253,Private room,100.0,1.0,3,2026-03-02,0.45,6,90,3,,2026-5,2026-09-17,199.0
47701137,The Little Red Hut,72591426,Fiona,Christchurch City,Linwood Ward,-43.53424,172.66915,Entire home/apt,122.0,4.0,30,2026-04-29,1.07,1,89,7,,2026-5,2026-09-17,141.0
1149729199964166318,Handy city center. Simple room,298456605,Tony,Christchurch City,Central Ward,-43.5327,172.66403,Private room,67.0,1.0,35,2026-08-06,1.28,5,38,10,,2026-5,2026-09-17,42.0
1555597626754633319,Historic Industrial Charm meets Modern Comfort.,729271620,Ruth,Christchurch City,Central Ward,-43.53713,172.63872,Entire home/apt,270.0,2.0,19,2026-08-06,2.95,1,321,19,,2026-5,2026-09-17,42.0
1010276435676670806,Stylish Art Loft with New Spa & Soaring Ceilings,23389870,Hennie,Christchurch City,Central Ward,-43.5451242,172.6372055,Entire home/apt,255.0,1.0,150,2026-06-05,4.46,5,287,13,,2026-5,2026-09-17,104.0
1668373041623171059,Stylish Christchurch Townhouse - Walk to Stadium,482671075,Care Property Stays,Christchurch City,Central Ward,-43.531095,172.6470355,Entire home/apt,176.0,1.0,8,2026-07-26,2.12,184,224,8,,2026-5,2026-09-17,53.0
48818394,New one bed Apartment with Park,203127835,Chloe,Christchurch City,Innes Ward,-43.50552,172.63663,Entire home/apt,192.0,2.0,21,2026-03-27,1.44,1,148,20,,2026-5,2026-09-17,174.0
1254641538177955272,Charming 3-Bedroom Retreat with Modern Comforts,482671075,Care Property Stays,Christchurch City,Linwood Ward,-43.54357,172.66373,Entire home/apt,265.0,1.0,32,2026-08-09,1.44,184,264,16,,2026-5,2026-09-17,39.0
765557477175656403,Central City Apartment with Sunny Balcony,38196340,Ross,Christchurch City,Central Ward,-43.5246642984608,172.63595678465578,Entire home/apt,131.0,4.0,46,2026-07-06,1.04,2,315,16,,2026-5,2026-09-17,73.0
1617296570160568000,Affordable Private Sleep-Out Room #2 Own Entrance,251685150,Reshabh,Christchurch City,Heathcote Ward,-43.54848,172.64277,Private room,77.0,1.0,6,2026-04-24,0.97,2,317,6,,2026-5,2026-09-17,146.0
1056675792148649772,Greek Island Inspired 2 Bed room 1 Bath Townhouse,551181197,Paula Kat Charlotte,Christchurch City,Central Ward,-43.5360956,172.63505,Entire home/apt,248.0,1.0,39,2026-07-01,1.23,177,264,11,,2026-5,2026-09-17,78.0
1595264096731257445,Blissful Abode,693481182,Narender,Christchurch City,Linwood Ward,-43.538627,172.6586032,Entire home/apt,175.0,1.0,72,2026-07-26,10.24,1,90,72,,2026-5,2026-09-17,53.0
1361903004430574659,Home in Central City,330107507,Nathan,Christchurch City,Central Ward,-43.53378,172.64217,Entire home/apt,263.0,1.0,67,2026-08-03,3.84,1,231,46,,2026-5,2026-09-17,45.0
618234455671580077,Two Bedrooms townhouse with free Park near Hagley,86216394,Min,Christchurch City,Riccarton Ward,-43.52807,172.61113,Entire home/apt,,1.0,111,2025-03-24,2.15,42,0,0,,2026-5,2026-09-17,542.0
738082448210400255,Garden View Room near the Airport,9744873,Glen & Esther,Christchurch City,Waimairi Ward,-43.5131,172.55123,Private room,,1.0,40,2025-05-25,0.88,1,0,0,,2026-5,2026-09-17,480.0
1663350784692598709,Bright &Modern 3- bedroom home,211195948,Jenny,Christchurch City,Spreydon Ward,-43.56173,172.60101,Entire home/apt,282.0,1.0,2,2026-07-12,1.71,19,157,2,,2026-5,2026-09-17,67.0
816229147432681196,Glamorous 2 Bed CBD Townhouse with King Bed,482671075,Care Property Stays,Christchurch City,Central Ward,-43.53712,172.64004,Entire home/apt,252.0,1.0,106,2026-07-26,2.49,184,227,22,,2026-5,2026-09-17,53.0
728323584107523809,Perfectly Located en-suite bedroom,77201581,Polly,Christchurch City,Cashmere Ward,-43.56186717445292,172.61806196137695,Private room,200.0,1.0,34,2026-07-30,1.11,1,12,19,,2026-5,2026-09-17,49.0
1426392465371137882,ONE NZ Stadium •Walk 2 Town •Parking •300Mbps Wifi,598854641,Smart Staycation,Christchurch City,Central Ward,-43.5313834,172.6435245,Entire home/apt,259.0,1.0,40,2026-07-18,2.75,8,343,34,,2026-5,2026-09-17,61.0
1260002701948134088,Spreydon Style | 2BR + Parking,49642171,Lily-SimplyHost,Christchurch City,Spreydon Ward,-43.55515742476391,172.60706323292,Entire home/apt,252.0,1.0,15,2026-05-13,0.7,97,295,12,,2026-5,2026-09-17,127.0
51313482,Affordable Apartment Hagley Park Super Fast Wifi,45768555,Hasslefree Accommodation,Christchurch City,Spreydon Ward,-43.54026,172.61786,Entire home/apt,296.0,1.0,155,2026-07-09,2.58,65,319,9,,2026-5,2026-09-17,70.0
1370020436878343442,City Apartment Latimer Sq-For Holiday or Business!,196436630,Dale,Christchurch City,Central Ward,-43.5321685,172.6422461,Entire home/apt,448.0,1.0,105,2026-07-11,6.25,1,203,79,,2026-5,2026-09-17,68.0
1613587711878057890,Brand New City Townhouse with Free Parking,510730797,Kate,Christchurch City,Central Ward,-43.52207689999999,172.6371453,Entire home/apt,274.0,2.0,18,2026-07-20,3.21,20,213,18,,2026-5,2026-09-17,59.0
850458123351206396,Spacious 3 Bed Family Home Close to CBD,341042204,John Lee,Christchurch City,Innes Ward,-43.5126403,172.6385321,Entire home/apt,338.0,2.0,40,2025-05-19,0.99,1,158,0,,2026-5,2026-09-17,486.0
588792595589642283,"Convenient, spacious 3 B/R Oasis",102656424,Dave And Wendy,Christchurch City,Innes Ward,-43.51386,172.65297,Entire home/apt,212.0,1.0,248,2026-07-11,4.71,1,29,71,,2026-5,2026-09-17,68.0
887163088376750044,City Central Comfort,499424997,Casa,Christchurch City,Central Ward,-43.5375171,172.6250229,Entire home/apt,224.0,1.0,148,2026-07-12,3.73,2,258,34,,2026-5,2026-09-17,67.0
1562888426849418907,Stylish 2BR Retreat by Te Kaha Stadium,331763232,Managed By Williams,Christchurch City,Central Ward,-43.5312784,172.6404378,Entire home/apt,319.0,1.0,6,2026-07-05,0.86,165,123,6,,2026-5,2026-09-17,74.0
740344854827299177,Luxury Central City Abode,59763756,Jack,Christchurch City,Central Ward,-43.51776,172.63391,Entire home/apt,,4.0,28,2026-01-09,0.63,1,0,10,,2026-5,2026-09-17,251.0
920504440648364364,Modern and Central.,521544534,Kirsty,Christchurch City,Central Ward,-43.5466,172.62947,Entire home/apt,,2.0,25,2026-04-28,0.75,1,0,15,,2026-5,2026-09-17,142.0
1415717042048560156,1 min to Stadium •Walk to Everything •Free Parking,598854641,Smart Staycation,Christchurch City,Central Ward,-43.5313834,172.6435245,Entire home/apt,231.0,1.0,40,2026-06-29,2.73,8,342,35,,2026-5,2026-09-17,80.0
1342329391251718699,"Stylish 2 BR Suite near CBD, TePae and Hagly Park",331762601,Yvonne,Christchurch City,Central Ward,-43.5275385,172.6315072,Entire home/apt,165.0,3.0,22,2026-07-14,1.34,2,57,19,,2026-5,2026-09-17,65.0
1603979685531594275,Brand New Urban Oasis Sleeps 6 l Spreydon,49642171,Lily-SimplyHost,Christchurch City,Spreydon Ward,-43.55396936707346,172.62550849571244,Entire home/apt,405.0,1.0,8,2026-08-02,2.67,97,247,8,,2026-5,2026-09-17,46.0
1021354809179976239,Deluxe Downtown Residence 3Bed 3Bath,542186568,Sharon,Christchurch City,Heathcote Ward,-43.55222,172.63545,Entire home/apt,,1.0,147,2026-06-05,4.49,7,0,49,,2026-5,2026-09-17,104.0
1025676289507386569,Breakfast. Coffee machine. Own bathroom. Riccarton,545975870,Li,Christchurch City,Riccarton Ward,-43.5323,172.59618,Private room,,1.0,23,2026-07-21,0.69,1,0,11,,2026-5,2026-09-17,58.0
1564142920294046357,"Sydenham 2BR | New Build, Games Room",551181197,Paula Kat Charlotte,Christchurch City,Cashmere Ward,-43.5526889,172.6307658,Entire home/apt,278.0,1.0,16,2026-08-02,1.9,177,254,16,,2026-5,2026-09-17,46.0
51541253,ETHOS Studio Unit,209848843,Kim,Christchurch City,Cashmere Ward,-43.55722,172.63489,Entire home/apt,199.0,1.0,40,2026-07-22,0.67,2,364,17,,2026-5,2026-09-17,57.0
1033080962121031850,Home in Avonhead,233411516,Sarah,Christchurch City,Hornby Ward,-43.52208,172.53649,Entire home/apt,,1.0,121,2026-05-31,3.67,1,0,35,,2026-5,2026-09-17,109.0
1271263818134927460,Dyers retreat,25373256,Wayne,Christchurch City,Cashmere Ward,-43.57012012167574,172.62963602124898,Entire home/apt,264.0,2.0,0,,,3,357,0,,2026-5,2026-09-17,
1047381567484089523,Bellbird Cabin Heathcote Valley,113584452,Claudia,Christchurch City,Heathcote Ward,-43.5784019,172.7042553,Entire home/apt,110.0,1.0,76,2025-03-04,2.36,1,145,0,,2026-5,2026-09-17,562.0
1052347550467388920,A home away from home.,13103700,Katrina,Christchurch City,Heathcote Ward,-43.57160062869866,172.7182141744136,Entire home/apt,,3.0,13,2024-03-08,0.4,1,0,0,,2026-5,2026-09-17,923.0
1682908609807441621,#32 Bruce Waterfront Apartments by AVI,70726871,Darren,Christchurch City,Banks Peninsula Ward,-43.80856,172.96117,Entire home/apt,311.0,1.0,1,2026-05-31,0.39,22,188,1,,2026-5,2026-09-17,109.0
8034246,Serene garden studio with spa near beach and city,42420923,Kim,Christchurch City,Coastal Ward,-43.51342009222385,172.73116193711758,Entire home/apt,133.0,1.0,272,2026-05-10,7.52,1,165,68,,2026-5,2026-09-17,130.0
39515850,Family saving room. Near city center.,298456605,Tony,Christchurch City,Linwood Ward,-43.5183,172.68871,Private room,105.0,1.0,23,2026-06-05,0.47,5,40,10,,2026-5,2026-09-17,104.0
39559012,Self Contained Unit 25,98758734,North South Holiday Park,Christchurch City,Harewood Ward,-43.47104,172.56987,Private room,190.0,1.0,1,2020-10-06,0.01,20,275,0,,2026-5,2026-09-17,2172.0
39559010,Ensuite Cabin (Sleeps 4),98758734,North South Holiday Park,Christchurch City,Harewood Ward,-43.47127,172.56978,Private room,150.0,1.0,2,2021-06-20,0.03,20,324,0,,2026-5,2026-09-17,1915.0
1715650373475097645,Belle Vue - Akaroa Holiday Home,145244100,Bachcare,Christchurch City,Banks Peninsula Ward,-43.754077364447056,172.946672495228,Entire home/apt,,2.0,0,,,1231,365,0,,2026-5,2026-09-17,
1058298074934714161,City-Fringe Room Available - Queen Bed,69693674,Ben,Christchurch City,Central Ward,-43.51488,172.64884,Private room,,2.0,92,2026-08-06,2.94,2,0,31,,2026-5,2026-09-17,42.0
1061123529324966064,"New, luxurious entertainer-coastal panoramic views",110906534,Chelsea,Christchurch City,Heathcote Ward,-43.57369048744147,172.7417130768299,Entire home/apt,,1.0,9,2026-01-08,0.47,1,0,6,,2026-5,2026-09-17,252.0
15207542,"Breathtaking Ocean Views in Modern Comfort, Room 1",24026499,Lynne,Christchurch City,Heathcote Ward,-43.57053,172.72278,Private room,137.0,3.0,25,2026-03-29,0.24,2,269,7,,2026-5,2026-09-17,172.0
1287990443508511523,CBD Luxury | Queen Bed + Parking l Guest favourite,49642171,Lily-SimplyHost,Christchurch City,Central Ward,-43.52793124900879,172.63925807238115,Entire home/apt,343.0,1.0,28,2026-06-01,1.34,97,169,17,,2026-5,2026-09-17,108.0
53153984,Woodside - Akaroa Holiday Cottage,145244100,Bachcare,Christchurch City,Banks Peninsula Ward,-43.79488,172.96868,Entire home/apt,,2.0,28,2026-04-05,0.49,1231,363,3,,2026-5,2026-09-17,165.0
44523242,Pointers - Akaroa Holiday Home,145244100,Bachcare,Christchurch City,Banks Peninsula Ward,-43.8073,172.97327,Entire home/apt,,2.0,12,2026-01-08,0.17,1231,363,2,,2026-5,2026-09-17,252.0
1055944673062586321,Budget Single Room close to Airport,96129652,Su,Christchurch City,Fendalton Ward,-43.50445,172.58762,Private room,,2.0,125,2026-01-23,3.92,4,0,6,,2026-5,2026-09-17,237.0
1310527565630945053,"The Ultimate Cecil Wood Stay - Hot Tub, BBQ & View",202585247,Ohana,Christchurch City,Heathcote Ward,-43.5729264,172.756247,Entire home/apt,410.0,1.0,88,2026-08-07,4.95,155,142,60,,2026-5,2026-09-17,41.0
729072384375709069,Home away from home.,85947440,Zoe,Christchurch City,Harewood Ward,-43.47839,172.58391,Entire home/apt,397.0,3.0,59,2026-05-31,1.33,1,136,9,,2026-5,2026-09-17,109.0
18076578,Relaxing and Friendly in Fendalton,82621971,Joy And Brendon,Christchurch City,Fendalton Ward,-43.51233,172.59935,Private room,161.0,1.0,148,2026-04-25,1.43,1,258,30,,2026-5,2026-09-17,145.0
1635888248072347398,Affordable Family Stay Near Northlands Mall,482671075,Care Property Stays,Christchurch City,Papanui Ward,-43.4909197,172.6139535,Entire home/apt,272.0,1.0,11,2026-07-31,2.28,184,243,11,,2026-5,2026-09-17,48.0
1063508882344658729,Burnside，经济实惠4 房，独立别墅，近机场，安静尾街,180085404,Urban Accommodation In Christchurch City,Christchurch City,Papanui Ward,-43.4970961,172.5904639,Entire home/apt,,1.0,9,2024-03-01,0.29,4,0,0,,2026-5,2026-09-17,930.0
1531011384324919043,The View,118347738,Anna,Christchurch City,Heathcote Ward,-43.57294,172.71834,Entire home/apt,270.0,1.0,14,2026-07-11,1.77,1,252,14,,2026-5,2026-09-17,68.0
1589642102115664804,Kimpton James 1-Bedroom Apartment with Balcony,331763232,Managed By Williams,Christchurch City,Central Ward,-43.531678,172.6399434,Entire home/apt,195.0,2.0,7,2026-07-11,1.07,165,128,7,,2026-5,2026-09-17,68.0
609775669864194661,Sunny Central Sumner Beach -Garage -Private Garden,48647018,Debbie,Christchurch City,Heathcote Ward,-43.5679089,172.7595485,Entire home/apt,291.0,2.0,120,2026-08-03,2.38,1,170,31,,2026-5,2026-09-17,45.0
319770,Gateway to the South Island,1639584,Jennifer,Christchurch City,Innes Ward,-43.50961,172.65552,Private room,200.0,1.0,3,2015-01-09,0.02,1,347,0,,2026-5,2026-09-17,4269.0
1679343890681885039,Lakeside Retreat,61324978,Jenna,Christchurch City,Harewood Ward,-43.45227903771622,172.591817537208,Entire home/apt,360.0,2.0,0,,,1,30,0,,2026-5,2026-09-17,
29100341,Private quiet location & quaint accommodation,219317374,Rebecca,Christchurch City,Harewood Ward,-43.45138,172.62817,Private room,206.0,1.0,13,2026-02-19,0.14,1,364,4,,2026-5,2026-09-17,210.0
36000205,Family 3BR House 10min Airport | Sleeps 6,140868766,Michelle,Christchurch City,Hornby Ward,-43.53151,172.53955,Entire home/apt,196.0,1.0,101,2026-07-16,1.16,2,309,46,,2026-5,2026-09-17,63.0
1572806900696085790,Luxury Family Friendly 4 Bed in Wigram,49642171,Lily-SimplyHost,Christchurch City,Halswell Ward,-43.56295,172.54443,Entire home/apt,253.0,2.0,18,2026-07-27,2.2,97,331,18,,2026-5,2026-09-17,52.0
1294437463164638196,Private room with ensuite and living area,130651541,Alla Sergeevna,Christchurch City,Spreydon Ward,-43.56810341457293,172.59139788701395,Private room,110.0,2.0,4,2026-03-02,0.19,1,362,1,,2026-5,2026-09-17,199.0
1423752577995252553,CBD 2BR | Opposite One NZ Stadium | Laundry,202585247,Ohana,Christchurch City,Central Ward,-43.5340031,172.642468,Entire home/apt,270.0,1.0,61,2026-07-29,4.08,155,133,53,,2026-5,2026-09-17,50.0
1596325854616402532,"2BR Unit Comfortable, Spacious & Free Parking",389460506,Pulkit,Christchurch City,Innes Ward,-43.51550912733669,172.63791062062722,Entire home/apt,165.0,1.0,8,2026-08-01,1.37,2,244,8,,2026-5,2026-09-17,47.0
546598934484145226,Central Christchurch villa 3 bedrooms 2 bathrooms,4955295,Catherine,Christchurch City,Central Ward,-43.51954,172.63792,Entire home/apt,277.0,1.0,86,2026-07-12,1.96,1,109,24,,2026-5,2026-09-17,67.0
47850750,"Best Location Park, Hospital, Supermarket, handy.",45768555,Hasslefree Accommodation,Christchurch City,Riccarton Ward,-43.52854,172.61055,Entire home/apt,393.0,1.0,197,2026-06-26,2.92,65,255,19,,2026-5,2026-09-17,83.0
1258273672130894441,Hawkesbury Executive Home | Sleeps 4,81390838,Perfect Stays,Christchurch City,Fendalton Ward,-43.50575,172.62716,Entire home/apt,412.0,2.0,5,2026-03-16,0.22,28,80,1,,2026-5,2026-09-17,185.0
33781076,Inner-City Apartment - Halgey Ave,254665863,Sophie,Christchurch City,Central Ward,-43.53972,172.61871,Entire home/apt,257.0,1.0,170,2026-04-30,2.03,1,342,19,,2026-5,2026-09-17,140.0
47523459,Bambina Luxe New Townhouse with upgraded supplies,86216394,Min,Christchurch City,Central Ward,-43.52826,172.61255,Entire home/apt,176.0,1.0,311,2026-07-17,4.59,42,210,40,,2026-5,2026-09-17,62.0
1246676192148580561,Riverside Retreat in Merivale,682808597,Devon,Christchurch City,Fendalton Ward,-43.52139,172.62117,Entire home/apt,390.0,1.0,114,2026-08-13,5.43,28,185,75,,2026-5,2026-09-17,35.0
1463985703387272708,"3 BR, 3 Bath Townhouse with Garage - in CHCH CBD",573419952,Bruce,Christchurch City,Central Ward,-43.53141400000001,172.6474827,Entire home/apt,460.0,1.0,6,2026-04-26,0.56,8,242,6,,2026-5,2026-09-17,144.0
45414170,"Five Star luxury for two, in Christchurch Central",88024294,Constantin,Christchurch City,Central Ward,-43.53071,172.62882,Private room,358.0,1.0,12,2025-03-01,0.17,2,336,0,,2026-5,2026-09-17,565.0
40094069,Prime Location Handy CBD& Restaurants,45768555,Hasslefree Accommodation,Christchurch City,Central Ward,-43.52232,172.6295,Entire home/apt,239.0,1.0,150,2026-08-03,1.84,65,314,13,,2026-5,2026-09-17,45.0
6416883,central city 2 free wifi,33474452,Jeremy,Christchurch City,Central Ward,-43.52502,172.64786,Entire home/apt,101.0,7.0,40,2019-03-10,0.3,1,12,0,,2026-5,2026-09-17,2748.0
1406147447118255095,Cosy and Central Family Home,331763232,Managed By Williams,Christchurch City,Central Ward,-43.5355577,172.6316733,Entire home/apt,427.0,2.0,34,2026-07-18,2.75,165,103,33,,2026-5,2026-09-17,61.0
1545889329046393500,Frederick Street Town house,727145306,Pawan,Christchurch City,Linwood Ward,-43.54243761051794,172.66239081683733,Entire home/apt,134.0,1.0,0,,,2,83,0,,2026-5,2026-09-17,
1200340706648091407,"Family-Friendly | Spa, Games Room & Secure Parking",551181197,Paula Kat Charlotte,Christchurch City,Innes Ward,-43.50011749999999,172.6406212,Entire home/apt,401.0,1.0,95,2026-07-28,3.96,177,240,51,,2026-5,2026-09-17,51.0
1426599349357272101,Executive spa unit,140854309,Manpreet,Christchurch City,Spreydon Ward,-43.552852244887895,172.59850101998836,Private room,140.0,1.0,0,,,3,348,0,,2026-5,2026-09-17,
1138059989712743810,"Drifter Bunkhouse Ensuite, Sleeps 8",573074023,Drifter,Christchurch City,Central Ward,-43.53313,172.63959,Private room,359.0,1.0,1,2025-02-22,0.06,13,255,0,,2026-5,2026-09-17,572.0
703338521673544563,Modern 3BR Townhouse Central City Walk to Stadium,86216394,Min,Christchurch City,Central Ward,-43.53422,172.65004,Entire home/apt,215.0,1.0,111,2026-07-20,2.32,42,133,41,,2026-5,2026-09-17,59.0
1393013130301422805,Luxury 2BR CBD – Town Hall & Casino | Guest Fav,688361302,Komal,Christchurch City,Central Ward,-43.525977431277056,172.63537092844723,Entire home/apt,258.0,1.0,26,2026-08-05,1.64,1,312,17,,2026-5,2026-09-17,43.0
1067088958697917140,Stadium Walk Townhouse + Outdoor Dining,551181197,Paula Kat Charlotte,Christchurch City,Central Ward,-43.5324672,172.6493601,Entire home/apt,293.0,1.0,62,2026-06-25,1.98,177,249,22,,2026-5,2026-09-17,84.0
1296559134948281893,"Spacious Ground-Level Studio, Central Christchurch",551181197,Paula Kat Charlotte,Christchurch City,Central Ward,-43.5392668,172.6349548,Entire home/apt,185.0,1.0,106,2026-08-06,5.11,177,253,50,,2026-5,2026-09-17,42.0
40327816,Stylish apartment in historic Edwardian building.,117503447,Liliana,Christchurch City,Central Ward,-43.53749,172.63725,Entire home/apt,272.0,2.0,227,2026-07-20,2.84,2,342,42,,2026-5,2026-09-17,59.0
1611996200074365296,Wow on Welles- Central City Apartment,404248616,Alan,Christchurch City,Central Ward,-43.537523,172.6384522,Entire home/apt,336.0,1.0,5,2026-07-26,1.61,1,310,5,,2026-5,2026-09-17,53.0
1131615923701976256,"""Cloud Nine"" Your Elegant Escape Awaits",356977265,Karolina,Christchurch City,Central Ward,-43.52942757178943,172.6451132312828,Entire home/apt,285.0,1.0,74,2026-04-14,2.63,1,209,12,,2026-5,2026-09-17,156.0
1417177494212137191,Inner City Sanctuary with Parking,333925728,Juliet,Christchurch City,Central Ward,-43.533721761516446,172.642064653337,Entire home/apt,209.0,1.0,105,2026-08-02,6.85,1,133,83,,2026-5,2026-09-17,46.0
1606786511331463850,Luxury Townhouse | Garage | Arcade | Pets OK,67410915,Matthew,Christchurch City,Central Ward,-43.5222558,172.6376352,Entire home/apt,434.0,1.0,13,2026-08-07,3.75,2,330,13,,2026-5,2026-09-17,41.0
1509688946361047957,"* 1 mins Walk to Town Hall/Casino, free car park",43367626,Sharon,Christchurch City,Central Ward,-43.52536,172.63678,Entire home/apt,193.0,2.0,26,2026-07-18,2.38,18,143,26,,2026-5,2026-09-17,61.0
47583890,ChchCentral-kitchenette-NewRegent800m-Stadium1.1km,16718467,Stephen,Christchurch City,Central Ward,-43.52387,172.64298,Private room,88.0,1.0,131,2026-08-01,2.02,2,78,47,,2026-5,2026-09-17,47.0
47164182,One bedroom townhouse on Salisbury 1000m/s fibre,86216394,Min,Christchurch City,Central Ward,-43.52536,172.64226,Entire home/apt,181.0,1.0,138,2026-01-18,2.02,42,153,13,,2026-5,2026-09-17,242.0
1610398323785538486,Stadium Walk Townhouse | Private Patio + Carpark,482671075,Care Property Stays,Christchurch City,Central Ward,-43.5222558,172.6376352,Entire home/apt,217.0,1.0,19,2026-08-06,2.97,184,224,19,,2026-5,2026-09-17,42.0
47769213,1 Bedroom Apartment,270614463,Samuel William,Christchurch City,Central Ward,-43.53335,172.62874,Private room,251.0,1.0,1,2023-03-14,0.02,14,64,0,,2026-5,2026-09-17,1283.0
1200401398787717306,Cozy and Chic in Central Christchurch,551181197,Paula Kat Charlotte,Christchurch City,Central Ward,-43.53215669999999,172.640186,Entire home/apt,309.0,1.0,51,2026-06-25,2.05,177,259,21,,2026-5,2026-09-17,84.0
1318509145370424413,Brand New 2 Bed Near CBD With Parking,164340063,Kath- MK HOMES,Christchurch City,Linwood Ward,-43.53806,172.65836,Entire home/apt,209.0,1.0,22,2026-05-10,1.12,1,267,14,,2026-5,2026-09-17,130.0
1562887828376713122,Brand-New 1BR Apartment Near Upcoming Te Kaha,331763232,Managed By Williams,Christchurch City,Central Ward,-43.52988,172.64001,Entire home/apt,208.0,1.0,10,2026-04-26,1.57,165,149,10,,2026-5,2026-09-17,144.0
1570563794828480819,"Modern Studio Near Stadium, Dining & City Fun",482671075,Care Property Stays,Christchurch City,Central Ward,-43.5371788,172.6478091,Entire home/apt,180.0,1.0,29,2026-08-08,3.58,184,269,29,,2026-5,2026-09-17,40.0
1530197525856856850,Live the High Life 1 Bdrm Luxury With Park,45768555,Hasslefree Accommodation,Christchurch City,Central Ward,-43.535478,172.6351439,Entire home/apt,265.0,1.0,38,2026-07-26,3.9,65,246,38,,2026-5,2026-09-17,53.0
50381603,"New Luxury town house on Salisbury with 65""TV",86216394,Min,Christchurch City,Central Ward,-43.52537,172.64181,Entire home/apt,196.0,1.0,201,2026-07-25,3.27,42,199,38,,2026-5,2026-09-17,54.0
1577133355897972736,New York Loft | Private Car Park | Walk to Stadium,551181197,Paula Kat Charlotte,Christchurch City,Central Ward,-43.5364897,172.6380439,Entire home/apt,288.0,1.0,18,2026-08-02,2.28,177,94,18,,2026-5,2026-09-17,46.0
1021937180745998201,Stylish 2BR Apartment in Christchurch CBD,331763232,Managed By Williams,Christchurch City,Central Ward,-43.53811,172.64012,Entire home/apt,265.0,1.0,40,2026-06-21,1.22,165,157,8,,2026-5,2026-09-17,88.0
1175776906036045743,"2 Bed, 2 Bath w Sofa Bed - Great Cafes Nearby",551181197,Paula Kat Charlotte,Christchurch City,Central Ward,-43.53655,172.64746,Entire home/apt,211.0,1.0,26,2026-06-03,1.0,177,256,15,,2026-5,2026-09-17,106.0
792037440328699357,Comfort in the heart of CHCH CBD with Free Carpark,482671075,Care Property Stays,Christchurch City,Central Ward,-43.5366847,172.6407056,Entire home/apt,254.0,1.0,44,2026-07-21,1.01,184,204,6,,2026-5,2026-09-17,58.0
1073660045082467500,"Modern, Ground Floor, CBD, Own Car Park, 2-3 Beds",537639282,Judith,Christchurch City,Central Ward,-43.5379577,172.6384266,Entire home/apt,377.0,1.0,35,2026-08-08,1.16,6,174,11,,2026-5,2026-09-17,40.0
1549027788656659613,Stylish City Escape: 2BR with Private Deck,202585247,Ohana,Christchurch City,Central Ward,-43.535478,172.6351439,Entire home/apt,347.0,1.0,43,2026-07-14,5.02,155,87,43,,2026-5,2026-09-17,65.0
1299524731580097444,Exclusive Studio Retreat close to South City Mall,551181197,Paula Kat Charlotte,Christchurch City,Central Ward,-43.5392668,172.6349548,Entire home/apt,188.0,1.0,25,2026-03-02,1.22,177,257,5,,2026-5,2026-09-17,199.0
1379861160925869869,Sunny Studio Sanctuary – Bath Street Stay,331763232,Managed By Williams,Christchurch City,Central Ward,-43.5392668,172.6349548,Entire home/apt,209.0,1.0,16,2026-04-15,0.98,165,250,12,,2026-5,2026-09-17,155.0
19234121,Serviced Guest suite in City Centre,87223355,Karen,Christchurch City,Central Ward,-43.53199,172.64397,Private room,120.0,1.0,826,2026-07-25,7.47,3,176,60,,2026-5,2026-09-17,54.0
1090303968066116998,4 Bedrooms in the Heart of Christchurch CBD,551181197,Paula Kat Charlotte,Christchurch City,Central Ward,-43.5366847,172.6407056,Entire home/apt,433.0,1.0,71,2026-08-06,2.46,177,244,24,,2026-5,2026-09-17,42.0
46265660,"Large Superior Studio, City Center NO CLEANING FEE",370484539,Colombo Lodge,Christchurch City,Central Ward,-43.544,172.63626,Private room,123.0,1.0,44,2026-03-04,0.64,5,295,3,,2026-5,2026-09-17,197.0
1313879916138434636,Modern Home in Riccarton. Walk to Westfield Mall,551181197,Paula Kat Charlotte,Christchurch City,Riccarton Ward,-43.53219240000001,172.6010008,Entire home/apt,222.0,2.0,36,2026-08-01,1.81,177,231,24,,2026-5,2026-09-17,47.0
53985875,New 3 Storey luxe townhouse on quiet street,86216394,Min,Christchurch City,Central Ward,-43.52835,172.63261,Entire home/apt,213.0,1.0,259,2026-08-04,4.6,42,33,46,,2026-5,2026-09-17,44.0
1534253212713740725,Stadium studio,220001641,Ed,Christchurch City,Central Ward,-43.52896933914158,172.6419333559511,Private room,308.0,1.0,4,2026-02-28,0.45,1,83,4,,2026-5,2026-09-17,201.0
22691445,Latimer Square City Apartment,105411232,Emma,Christchurch City,Central Ward,-43.53248,172.64463,Entire home/apt,221.0,1.0,465,2026-08-06,4.46,3,196,14,,2026-5,2026-09-17,42.0
1279993099137126158,Garden City Getaway 4 Bed + Sofa Beds,482671075,Care Property Stays,Christchurch City,Central Ward,-43.53050935301534,172.64613303399275,Entire home/apt,464.0,1.0,17,2026-06-27,0.8,184,197,12,,2026-5,2026-09-17,82.0
53881712,"Modern Warm Suite near TePae, CBD and Hagley Park",122142397,Lyle,Christchurch City,Central Ward,-43.52756118774414,172.6314697265625,Entire home/apt,140.0,3.0,233,2026-08-05,4.31,1,64,45,,2026-5,2026-09-17,43.0
1459820990850429036,"Luxury 2-Bed, 2-Bath CBD Townhouse + Car Park",49642171,Lily-SimplyHost,Christchurch City,Central Ward,-43.52507,172.63693,Entire home/apt,255.0,1.0,11,2026-08-08,1.17,97,249,11,,2026-5,2026-09-17,40.0
1680228820309966586,3 Ensuites 2 mins walk to the Stadium FREE parking,43367626,Sharon,Christchurch City,Central Ward,-43.53213849999999,172.6476764,Entire home/apt,390.0,1.0,2,2026-06-21,0.78,18,74,2,,2026-5,2026-09-17,88.0
1280090330590159753,Cashel Haven & Modern 4 beds 4 Bath Townhouses,482671075,Care Property Stays,Christchurch City,Central Ward,-43.53419691499316,172.6506266265231,Entire home/apt,485.0,1.0,21,2026-06-28,1.26,184,246,18,,2026-5,2026-09-17,81.0
1237434641425771490,"City Comfort | Indoor Swimming Pool, Gym & Parking",682808597,Devon,Christchurch City,Central Ward,-43.52312,172.63311,Entire home/apt,357.0,1.0,59,2026-08-02,2.61,28,157,38,,2026-5,2026-09-17,46.0
1365522626719817178,Stylish 1BR Retreat on Ferry Road,331763232,Managed By Williams,Christchurch City,Central Ward,-43.5371788,172.6478091,Entire home/apt,179.0,1.0,29,2026-06-28,2.19,165,239,28,,2026-5,2026-09-17,81.0
1530949696735651628,New Luxury Townhouse in the Heart of Christchurch,510730797,Kate,Christchurch City,Central Ward,-43.52622958207353,172.64021984035415,Entire home/apt,452.0,1.0,12,2026-07-05,1.51,20,235,12,,2026-5,2026-09-17,74.0
1380685972508119484,Modern Studio Retreat • Prime City Fringe Location,551181197,Paula Kat Charlotte,Christchurch City,Central Ward,-43.5371788,172.6478091,Entire home/apt,160.0,1.0,46,2026-08-04,2.73,177,240,37,,2026-5,2026-09-17,44.0
1577936862113788982,Central 3BR and 2.5 Bath Townhouse with Parking,551181197,Paula Kat Charlotte,Christchurch City,Central Ward,-43.5267436,172.6484079,Entire home/apt,284.0,1.0,4,2026-04-12,0.64,177,60,4,,2026-5,2026-09-17,158.0
47225102,Stylish one bedroom entire apartment Speedy WiFi,86216394,Min,Christchurch City,Central Ward,-43.52533,172.64131,Entire home/apt,180.0,1.0,215,2026-07-26,3.14,42,165,57,,2026-5,2026-09-17,53.0
1394565084915329210,Phillipstown Nook,24205506,"Mayie, Judi And Karen At Bookahome",Christchurch City,Linwood Ward,-43.53801,172.65852,Entire home/apt,245.0,2.0,8,2026-04-26,0.5,81,345,7,,2026-5,2026-09-17,144.0
1371188904937170127,"Stylish Warm Suite near CBD, TePae and Hagly Park",331762601,Yvonne,Christchurch City,Central Ward,-43.5275385,172.6315072,Entire home/apt,122.0,3.0,24,2026-06-07,1.45,2,25,17,,2026-5,2026-09-17,102.0
1512681103153019498,"Stylish 2BR, 2BA Retreat with Yard in Christchurch",331763232,Managed By Williams,Christchurch City,Central Ward,-43.5389655,172.6315994,Entire home/apt,305.0,1.0,16,2026-05-17,1.55,165,135,16,,2026-5,2026-09-17,123.0
1368353506669763351,City Fringe Hideout - 2 Bed With Car Park,49642171,Lily-SimplyHost,Christchurch City,Linwood Ward,-43.53820025340523,172.658439460667,Entire home/apt,246.0,1.0,9,2026-06-28,0.51,97,358,6,,2026-5,2026-09-17,81.0
1514855478543947790,Sophisticated Urban Luxury Living 1 Bedroom,45768555,Hasslefree Accommodation,Christchurch City,Central Ward,-43.5226917,172.6430901,Entire home/apt,285.0,1.0,10,2026-07-30,1.37,65,308,10,,2026-5,2026-09-17,49.0
1450558370565075595,Private 2BR House w Garage Great Central Location,551181197,Paula Kat Charlotte,Christchurch City,Central Ward,-43.5236443,172.631053,Entire home/apt,280.0,1.0,36,2026-07-25,2.65,177,256,33,,2026-5,2026-09-17,54.0
975560603139051586,Brand New Luxury 3BR Apartment in Christchurch CBD,331763232,Managed By Williams,Christchurch City,Central Ward,-43.53540934,172.63177402,Entire home/apt,455.0,1.0,28,2026-07-23,0.83,165,149,8,,2026-5,2026-09-17,56.0
1451782511416638846,Spa Hideaway in Central City+Parking!,488268220,Martin Alejandro,Christchurch City,Central Ward,-43.53068,172.65899,Entire home/apt,228.0,1.0,61,2026-08-11,4.46,8,181,55,,2026-5,2026-09-17,37.0
1338635629904867650,The Ultimate 4-Bedroom City Escape,482671075,Care Property Stays,Christchurch City,Central Ward,-43.5278212,172.6500305,Entire home/apt,431.0,1.0,52,2026-07-18,2.88,184,221,35,,2026-5,2026-09-17,61.0
1662712471227505437,"Where Everything Feels Easy, 3BR, 3 Bath, Garage",510730797,Kate,Christchurch City,Central Ward,-43.522959514881485,172.6388127481649,Entire home/apt,352.0,1.0,2,2026-07-12,0.49,20,270,2,,2026-5,2026-09-17,67.0
1038553779583124065,Botanic Bliss Bungalow: 1 bed loft,482671075,Care Property Stays,Christchurch City,Central Ward,-43.5335979,172.6499267,Entire home/apt,164.0,1.0,112,2026-08-03,3.43,184,272,38,,2026-5,2026-09-17,45.0
1487397760092278218,Stadium Edge Retreat  Modern 2 Bed with Carpark,551181197,Paula Kat Charlotte,Christchurch City,Central Ward,-43.5321685,172.6422461,Entire home/apt,235.0,1.0,32,2026-08-10,2.92,177,231,32,,2026-5,2026-09-17,38.0
1503151579013489852,Posh on Peterborough,666456183,Helen,Christchurch City,Central Ward,-43.5256110924079,172.63564896560672,Private room,287.0,1.0,17,2026-04-04,1.7,2,174,17,,2026-5,2026-09-17,166.0
45091749,Modern & Quiet | Central Christchurch Stay,24205506,"Mayie, Judi And Karen At Bookahome",Christchurch City,Central Ward,-43.52365,172.62835,Entire home/apt,241.0,2.0,50,2026-04-08,0.71,81,264,6,,2026-5,2026-09-17,162.0
934378053766836590,"City Escape, Courtyard and Free Parking.",72194360,Breidi,Christchurch City,Central Ward,-43.5223929,172.6309316,Entire home/apt,295.0,2.0,157,2026-07-22,4.21,10,29,42,,2026-5,2026-09-17,57.0
1619259575357854565,Stroll to the Stadium. 2 bed with reserved parking,482671075,Care Property Stays,Christchurch City,Central Ward,-43.531057,172.6402394,Entire home/apt,256.0,1.0,37,2026-08-08,6.07,184,218,37,,2026-5,2026-09-17,40.0
1387584491834800018,Uniquely located apartment with Kitchen,686294777,Laura,Christchurch City,Central Ward,-43.53066099999999,172.6385368,Entire home/apt,145.0,1.0,82,2026-08-08,5.48,3,312,76,,2026-5,2026-09-17,40.0
1729508213464599622,1 Bedroom Apartment in the heart of Christchurch,1729505445071771669,Timothy James,Christchurch City,Central Ward,-43.5318422,172.6398756,Entire home/apt,236.0,1.0,0,,,1,349,0,,2026-5,2026-09-17,
1307427125719691550,"Best Location in CBD, Carpark-Free Designated Park",45768555,Hasslefree Accommodation,Christchurch City,Central Ward,-43.5272862,172.639144,Entire home/apt,247.0,1.0,57,2026-07-30,2.88,65,327,42,,2026-5,2026-09-17,49.0
42203700,City Centre Large 1 bedroom,281110869,City Centre,Christchurch City,Central Ward,-43.52317,172.63862,Entire home/apt,173.0,1.0,15,2026-05-30,0.19,5,340,4,,2026-5,2026-09-17,110.0
1578041147415088308,"Modern 1BR Townhouse, Central City",551181197,Paula Kat Charlotte,Christchurch City,Central Ward,-43.523634,172.6415444,Entire home/apt,202.0,1.0,6,2026-07-11,0.81,177,267,6,,2026-5,2026-09-17,68.0
1569629323069220654,City Town House Kowhai,245835178,Melanie,Christchurch City,Central Ward,-43.54612,172.62806,Private room,55.0,1.0,57,2026-08-03,6.95,4,145,57,,2026-5,2026-09-17,45.0
1532157693001846589,Spacious 3-Bedroom City Retreat with Garage,551181197,Paula Kat Charlotte,Christchurch City,Central Ward,-43.53019,172.64908,Entire home/apt,341.0,1.0,39,2026-07-28,3.9,177,260,39,,2026-5,2026-09-17,51.0
1678059629348196596,Lux Architectural ‘Black Hut’ Near Stadium w Sauna,1678059559754222726,Paul,Christchurch City,Central Ward,-43.525231,172.6472286,Entire home/apt,310.0,1.0,10,2026-07-19,3.03,1,210,10,,2026-5,2026-09-17,60.0
1018527959587219340,Modern CBD Central Stay - Hagley Park + Balcony,482671075,Care Property Stays,Christchurch City,Central Ward,-43.535568,172.6318853,Entire home/apt,244.0,1.0,76,2026-08-07,2.26,184,228,19,,2026-5,2026-09-17,41.0
1540920914284241666,Better on Bealey,433503486,Angela Jane,Christchurch City,Central Ward,-43.5213,172.64625,Entire home/apt,190.0,1.0,11,2026-04-26,1.44,1,353,11,,2026-5,2026-09-17,144.0
1260358541707833669,City chic,39672975,Susan,Christchurch City,Central Ward,-43.5295526,172.6446809,Entire home/apt,189.0,2.0,37,2026-05-16,1.74,1,223,12,,2026-5,2026-09-17,124.0
1504574179022939471,City Haven 3 bed 3.5 bath + garage,108898953,Annabel,Christchurch City,Central Ward,-43.52525953658692,172.6316060731236,Entire home/apt,516.0,1.0,26,2026-07-25,3.86,1,138,26,,2026-5,2026-09-17,54.0
1625071956696158400,City Fringe Value | 1 Bed + Carpark on Cashel St,482671075,Care Property Stays,Christchurch City,Central Ward,-43.53282,172.65798,Entire home/apt,176.0,1.0,4,2026-06-27,0.86,184,268,4,,2026-5,2026-09-17,82.0
876612046022154745,Luxury Life Galore - Sleeps 4,202585247,Ohana,Christchurch City,Central Ward,-43.53279,172.63908,Entire home/apt,411.0,1.0,343,2026-08-01,8.54,155,116,84,,2026-5,2026-09-17,47.0
1568393967357849063,Elysian Du Regent Boutique City Apartment,682808597,Devon,Christchurch City,Central Ward,-43.53051,172.63804,Entire home/apt,370.0,1.0,11,2026-07-30,1.81,28,262,11,,2026-5,2026-09-17,49.0
49642646,CBD Bright&Warm Home Free Parking in quiet complex,86216394,Min,Christchurch City,Central Ward,-43.53368,172.64213,Entire home/apt,237.0,1.0,239,2026-08-01,3.79,42,138,41,,2026-5,2026-09-17,47.0
634415939483950840,The Coolest Townhouse in Christchurch,202585247,Ohana,Christchurch City,Central Ward,-43.5310785,172.647063,Entire home/apt,171.0,1.0,264,2026-08-06,5.25,155,153,31,,2026-5,2026-09-17,42.0
1712927575030646426,Modern 2BR with Patio | Christchurch CBD,202585247,Ohana,Christchurch City,Central Ward,-43.53157791382347,172.64630392610198,Entire home/apt,176.0,1.0,1,2026-06-26,0.6,155,136,1,,2026-5,2026-09-17,83.0
1260206447619396319,Gloucester Grotto,111997739,Gabrielle,Christchurch City,Central Ward,-43.5300005,172.647451,Entire home/apt,793.0,2.0,5,2026-08-08,1.36,2,163,5,,2026-5,2026-09-17,40.0
46548988,Outstanding Townhouse on Salisbury 1000M/S Fibre,86216394,Min,Christchurch City,Central Ward,-43.52346,172.64251,Entire home/apt,176.0,1.0,237,2026-07-19,3.43,42,192,39,,2026-5,2026-09-17,60.0
1452547845049763513,City Town House Blue,245835178,Melanie,Christchurch City,Central Ward,-43.53447,172.65617,Private room,52.0,1.0,66,2026-08-11,7.15,4,183,66,,2026-5,2026-09-17,37.0
1649654543661801414,Central CBD | Carpark | Walk to Stadium | Sleeps 4,82164717,Sam,Christchurch City,Central Ward,-43.53026,172.64496,Entire home/apt,238.0,1.0,4,2026-07-18,0.91,7,117,4,,2026-5,2026-09-17,61.0
764688080598336792,City Escape | Free Parking + Flexible Beds,72194360,Breidi,Christchurch City,Central Ward,-43.52272,172.64308,Entire home/apt,356.0,2.0,58,2026-07-13,1.29,10,168,12,,2026-5,2026-09-17,66.0
53847282,"Victoria Street Precinct
2 Bedroom Townhouse",101763097,Andrew,Christchurch City,Central Ward,-43.523804,172.630768,Entire home/apt,264.0,3.0,113,2026-07-10,2.12,1,25,20,,2026-5,2026-09-17,69.0
1168550838983641490,Haka House - Entire 3 Bed Dorm,565751605,Haka House Hostel Christchurch,Christchurch City,Central Ward,-43.53221,172.62985,Private room,255.0,1.0,2,2026-02-26,0.32,10,220,2,,2026-5,2026-09-17,203.0
1300263021173295780,Bright Cityside 4BR Sunlit Balcony at Tuam St,482671075,Care Property Stays,Christchurch City,Central Ward,-43.5367072546429,172.63121247036452,Entire home/apt,455.0,1.0,33,2026-06-28,1.89,184,215,24,,2026-5,2026-09-17,81.0
1296842241519010281,298 Home 4BR CBD with Free Parking,248111275,Winnie,Christchurch City,Central Ward,-43.5299641,172.6458587,Entire home/apt,488.0,2.0,3,2025-09-14,0.15,2,109,1,,2026-5,2026-09-17,368.0
1651865255828970957,Park in the Garage / Walk to the Stadium,482671075,Care Property Stays,Christchurch City,Central Ward,-43.5296292,172.650212,Entire home/apt,336.0,1.0,15,2026-08-03,3.52,184,209,15,,2026-5,2026-09-17,45.0
701558601171668980,Central Convenience on Armagh,374915856,Simon,Christchurch City,Central Ward,-43.528506,172.6492093,Entire home/apt,465.0,1.0,10,2024-03-10,0.21,112,184,0,,2026-5,2026-09-17,921.0
914058317533702896,"Haven near Hagley Park, Hospital, Parakiore, Avon",482671075,Care Property Stays,Christchurch City,Central Ward,-43.5373725,172.6253013,Entire home/apt,228.0,1.0,71,2026-06-10,1.85,184,223,7,,2026-5,2026-09-17,99.0
1675859538548775874,Relaxing Christchurch Base near the CBD,331763232,Managed By Williams,Christchurch City,Central Ward,-43.5396136,172.6343147,Entire home/apt,218.0,1.0,2,2026-06-29,0.77,165,338,2,,2026-5,2026-09-17,80.0
1019723264843596225,Stay in a Sleek Apartment in the Heart of CHCH,74811135,Maggie,Christchurch City,Central Ward,-43.53031,172.65709,Entire home/apt,258.0,1.0,63,2026-07-14,1.89,46,275,12,,2026-5,2026-09-17,65.0
1535107795610944093,Central Modern Apartment with carpark,177717382,Charlotte,Christchurch City,Central Ward,-43.52228,172.63563,Entire home/apt,216.0,1.0,32,2026-07-31,3.52,1,263,32,,2026-5,2026-09-17,48.0
1599110987289429508,Elegant 2BR Townhouse in Huanui Lane,331763232,Managed By Williams,Christchurch City,Central Ward,-43.5314582,172.6404355,Entire home/apt,241.0,1.0,18,2026-07-12,2.67,165,134,18,,2026-5,2026-09-17,67.0
647450066988561662,CBD Location Sunny Warm Free off Street Parking,45768555,Hasslefree Accommodation,Christchurch City,Central Ward,-43.529964,172.6411401,Entire home/apt,302.0,1.0,247,2026-07-15,4.93,65,300,31,,2026-5,2026-09-17,64.0
1701315715480763120,Sauna & Spa Escape | Walk to Stadium | CBD,1701315460028999113,The City Nest Stay,Christchurch City,Central Ward,-43.53975250465356,172.63499522096666,Entire home/apt,186.0,1.0,16,2026-08-12,8.73,1,302,16,,2026-5,2026-09-17,36.0
876611972906371671,Tuam on Top! Sleeps 5,202585247,Ohana,Christchurch City,Central Ward,-43.53283,172.64091,Entire home/apt,337.0,1.0,293,2026-07-31,7.32,155,140,76,,2026-5,2026-09-17,48.0
1526485630191760701,Vibrant CBD Studio | Walk to Hoyts & Market,551181197,Paula Kat Charlotte,Christchurch City,Central Ward,-43.536187,172.6353027,Entire home/apt,165.0,1.0,24,2026-05-23,2.34,177,258,24,,2026-5,2026-09-17,117.0
1413412509320106859,Very Central 2BR - Balcony & Full Kitchen,202585247,Ohana,Christchurch City,Central Ward,-43.53545039999999,172.6353908,Entire home/apt,247.0,1.0,88,2026-08-07,5.71,155,136,71,,2026-5,2026-09-17,41.0
1551647755559610421,Cityscape Haven - Christchurch Holiday Apartment,145244100,Bachcare,Christchurch City,Central Ward,-43.5329715851288,172.64087983241578,Entire home/apt,,2.0,2,2026-05-18,0.54,1231,364,2,,2026-5,2026-09-17,122.0
29661763,Luxury/BrandyNew 2 bedroom heart CDB/Free parking,56790664,Candy,Christchurch City,Central Ward,-43.5361789,172.6353027,Entire home/apt,228.0,1.0,157,2026-08-10,4.94,5,227,52,,2026-5,2026-09-17,38.0
1572756888505322142,"Iconic OGB 1-Bed Apartment | Gym, Pool & Carpark",49642171,Lily-SimplyHost,Christchurch City,Central Ward,-43.53116353521855,172.63830804973756,Entire home/apt,229.0,1.0,34,2026-07-22,5.18,97,261,34,,2026-5,2026-09-17,57.0
1578702570859945803,Stylish 1BR Retreat near Te Kaha Stadium,331763232,Managed By Williams,Christchurch City,Central Ward,-43.5312971,172.6399379,Entire home/apt,163.0,1.0,13,2026-07-18,1.75,165,107,13,,2026-5,2026-09-17,61.0
974126798476104082,"Best Value in CHCH, Fast Wifi, 6 Min to CBD, Sauna",271872412,Marie,Christchurch City,Burwood Ward,-43.51318,172.673,Private room,62.0,1.0,135,2026-08-12,3.82,2,322,45,,2026-5,2026-09-17,36.0
1576454284286117272,BRAND NEW City Centre Apt @ Manchester Square,119889512,Louise,Christchurch City,Central Ward,-43.53095803976464,172.6399564370513,Entire home/apt,202.0,1.0,9,2026-07-10,1.21,1,166,9,,2026-5,2026-09-17,69.0
1543775440910720345,Convenient central Riccarton sunny room,178727740,Viki,Christchurch City,Riccarton Ward,-43.53379,172.60212,Private room,,2.0,3,2026-01-03,0.39,3,0,3,,2026-5,2026-09-17,257.0
1297992375044197634,Bright & Modern Studio on Bath Street,331763232,Managed By Williams,Christchurch City,Central Ward,-43.5392668,172.6349548,Entire home/apt,150.0,1.0,21,2026-05-13,1.02,165,257,11,,2026-5,2026-09-17,127.0
1572924193887389857,Beckenham Bungalow,202925899,Laura,Christchurch City,Cashmere Ward,-43.56049,172.63712,Entire home/apt,,5.0,0,,,1,0,0,,2026-5,2026-09-17,
1562887333122567840,1 Bedroom Apartment near Te Kaha Stadium,331763232,Managed By Williams,Christchurch City,Central Ward,-43.531678,172.6399434,Entire home/apt,218.0,1.0,27,2026-07-29,4.76,165,97,27,,2026-5,2026-09-17,50.0
11976730,2 bed house near Beach + Cycleway 15min to CBD,64000316,Sue,Christchurch City,Heathcote Ward,-43.55985,172.73823,Private room,809.0,4.0,54,2026-02-27,0.43,1,270,2,,2026-5,2026-09-17,202.0
1432202288393453726,Ohinetahi Guesthouse,712998602,Shelley,Christchurch City,Banks Peninsula Ward,-43.63545,172.64586,Entire home/apt,417.0,1.0,19,2026-07-13,1.88,1,290,19,,2026-5,2026-09-17,66.0
1365575611418356856,Comfortable 1BR Living on Ferry Road,331763232,Managed By Williams,Christchurch City,Central Ward,-43.537251,172.6477124,Entire home/apt,209.0,1.0,27,2026-07-16,1.57,165,154,25,,2026-5,2026-09-17,63.0
1137969294555049218,Superior Queen Ensuite in City Centre,573074023,Drifter,Christchurch City,Central Ward,-43.5343209,172.6388765,Private room,176.0,1.0,17,2026-06-29,0.65,13,294,2,,2026-5,2026-09-17,80.0
1288589105012850165,Stylish Studio In the City Centre,551181197,Paula Kat Charlotte,Christchurch City,Central Ward,-43.5390343,172.6352557,Entire home/apt,185.0,1.0,65,2026-08-07,3.1,177,82,35,,2026-5,2026-09-17,41.0
691560291828319358,sunny house ( near airport),413070785,Sharon,Christchurch City,Waimairi Ward,-43.49627,172.57458,Entire home/apt,340.0,1.0,177,2026-07-25,3.72,1,268,36,,2026-5,2026-09-17,54.0
1505311900137670421,Banks Peninsula Escape-Birdlings Flat,690470046,Phillippa,Christchurch City,Banks Peninsula Ward,-43.8252704,172.705596,Entire home/apt,,1.0,5,2026-05-24,0.59,1,0,5,,2026-5,2026-09-17,116.0
1654885485547820695,Chic and Stylish 1BR Apartment in Manchester St,331763232,Managed By Williams,Christchurch City,Central Ward,-43.5312997,172.6399381,Entire home/apt,204.0,1.0,4,2026-06-19,0.96,165,338,4,,2026-5,2026-09-17,90.0
1574170466533153916,Central City 2BR Apartment + Carpark & Lift,482671075,Care Property Stays,Christchurch City,Central Ward,-43.53814,172.63721,Entire home/apt,237.0,1.0,14,2026-08-09,1.83,184,236,14,,2026-5,2026-09-17,39.0
1626639896614780895,Modern Manchester St Stay - 1BR with Balcony,331763232,Managed By Williams,Christchurch City,Central Ward,-43.531678,172.6399434,Entire home/apt,217.0,1.0,14,2026-07-31,2.51,165,146,14,,2026-5,2026-09-17,48.0
1416389140193851033,Lovely CBD Studio on Allen,331763232,Managed By Williams,Christchurch City,Central Ward,-43.5376852,172.6413574,Entire home/apt,178.0,1.0,33,2026-06-29,2.89,165,93,33,,2026-5,2026-09-17,80.0
1604180636887011253,Free carpark & perfect city centre haven,741776205,Greystone Property Limited,Christchurch City,Central Ward,-43.5311992,172.64014756322936,Entire home/apt,238.0,1.0,3,2026-04-18,0.44,2,159,3,,2026-5,2026-09-17,152.0
49215811,"Serene Studio(No Window), No Cleaning Fee",370484539,Colombo Lodge,Christchurch City,Central Ward,-43.54258,172.63575,Private room,87.0,1.0,337,2026-07-29,5.3,5,294,46,,2026-5,2026-09-17,50.0
1126277065390183496,Beauty in the CBD - 1bed | Free Parking | Pool,482671075,Care Property Stays,Christchurch City,Central Ward,-43.53109,172.6385,Entire home/apt,236.0,1.0,63,2026-07-04,2.22,184,100,27,,2026-5,2026-09-17,75.0
1054637061055430832,Cityscape Green Haven,74525992,Bryce,Christchurch City,Central Ward,-43.535504143303775,172.63543347605744,Entire home/apt,268.0,2.0,110,2026-07-17,3.48,1,253,45,,2026-5,2026-09-17,62.0
1729409764234015197,Walk Everywhere! CBD Pad + Stadium & Parking,482671075,Care Property Stays,Christchurch City,Central Ward,-43.5315821,172.6403968,Entire home/apt,272.0,1.0,2,2026-08-09,2.0,184,264,2,,2026-5,2026-09-17,39.0
1562888430477200629,Lively 2BR Retreat near Te Kaha Stadium,331763232,Managed By Williams,Christchurch City,Central Ward,-43.5317779,172.6404336,Entire home/apt,278.0,1.0,5,2026-04-09,0.65,165,182,5,,2026-5,2026-09-17,161.0
645998666546052452,Funk in the City - Luxury Apartment with Garage,92155537,Rachel,Christchurch City,Central Ward,-43.5298319,172.641253,Entire home/apt,525.0,1.0,28,2026-03-21,0.58,1,211,7,,2026-5,2026-09-17,180.0
16135359,By the beach and restaurants King Bed Comfort,8739275,Beth,Christchurch City,Heathcote Ward,-43.57687,172.76256,Private room,111.0,3.0,12,2026-07-12,0.11,2,91,2,,2026-5,2026-09-17,67.0
1612100458658068746,"Top-Floor City retreat, 1-Block to Te Kaha Stadium",510730797,Kate,Christchurch City,Central Ward,-43.5318421,172.6398551,Entire home/apt,365.0,1.0,6,2026-05-30,0.98,20,249,6,,2026-5,2026-09-17,110.0
1482261312503832226,Modern Hagley Park Apartment with Free Parking,58253723,Happy Hideouts,Christchurch City,Central Ward,-43.5253256,172.629516,Entire home/apt,338.0,1.0,8,2026-04-26,0.75,6,116,8,,2026-5,2026-09-17,144.0
1670719486066140318,City Escape in the Heart of Christchurch,331763232,Managed By Williams,Christchurch City,Central Ward,-43.5312938,172.6399377,Entire home/apt,217.0,1.0,3,2026-07-04,1.64,165,221,3,,2026-5,2026-09-17,75.0
1020644097541608049,Comfy | Cosy | 10 minutes walk to One NZ stadium,532142019,Tracy,Christchurch City,Central Ward,-43.53216,172.66071,Entire home/apt,1275.0,1.0,4,2025-02-23,0.14,6,3,0,,2026-5,2026-09-17,571.0
797199553416126759,Central City Convenience At The Salt District,49642171,Lily-SimplyHost,Christchurch City,Central Ward,-43.53697,172.64091,Entire home/apt,179.0,1.0,115,2026-05-16,2.66,97,337,13,,2026-5,2026-09-17,124.0
18549752,The East Penthouse,90996140,Meedoo,Christchurch City,Central Ward,-43.53055,172.63852,Private room,7102.0,1.0,0,,,1,179,0,,2026-5,2026-09-17,
1658497285811396439,1 Bedroom City Retreat at Manchester Street,331763232,Managed By Williams,Christchurch City,Central Ward,-43.5312997,172.6399381,Entire home/apt,218.0,1.0,5,2026-07-26,1.23,165,335,5,,2026-5,2026-09-17,53.0
1578697060099245061,Stunning 4-bdrm home Near CBD With Parking!,49642171,Lily-SimplyHost,Christchurch City,Central Ward,-43.54571291380489,172.62572157822282,Entire home/apt,716.0,1.0,23,2026-05-30,3.42,97,11,23,,2026-5,2026-09-17,110.0
1662555825630643702,Central Hereford St Stay Near One NZ Stadium,482671075,Care Property Stays,Christchurch City,Central Ward,-43.5318823,172.640433,Entire home/apt,237.0,1.0,6,2026-07-25,1.61,184,266,6,,2026-5,2026-09-17,54.0
779312443019658939,New York Style Apartment - Inner City Location,183401548,Lynette,Christchurch City,Central Ward,-43.52366240955136,172.63087950646877,Entire home/apt,334.0,1.0,94,2026-04-24,2.2,1,108,16,,2026-5,2026-09-17,146.0
1072597769953450545,Riverside Retreat | Heart of Christchurch,551181197,Paula Kat Charlotte,Christchurch City,Central Ward,-43.527498,172.6391301,Entire home/apt,235.0,1.0,99,2026-05-31,3.22,177,256,24,,2026-5,2026-09-17,109.0
35468903,Orari Bed & Breakfast - Room 10,258827985,Ashton,Christchurch City,Central Ward,-43.531,172.62977,Hotel room,349.0,1.0,4,2024-02-26,0.08,10,222,0,,2026-5,2026-09-17,934.0
1527914885022335938,Modern 2BR | Central Christchurch Stay,202585247,Ohana,Christchurch City,Central Ward,-43.5367705,172.638594,Entire home/apt,209.0,1.0,48,2026-07-30,4.83,155,149,48,,2026-5,2026-09-17,49.0
1414078052210026372,Light & Central CBD Stay,331763232,Managed By Williams,Christchurch City,Central Ward,-43.5376872,172.6416822,Entire home/apt,201.0,1.0,29,2026-07-18,2.11,165,212,27,,2026-5,2026-09-17,61.0
1054636517061925091,Central Christchurch: Santorini Style 1BR Studio,551181197,Paula Kat Charlotte,Christchurch City,Central Ward,-43.5360956,172.63505,Entire home/apt,175.0,1.0,69,2026-08-02,2.16,177,256,23,,2026-5,2026-09-17,46.0
1387568846052960604,Cosy Studio In CDB With Kitchenette,686294777,Laura,Christchurch City,Central Ward,-43.53066099999999,172.6385368,Entire home/apt,167.0,1.0,52,2026-08-07,3.43,3,289,44,,2026-5,2026-09-17,41.0
1581057258438236257,Luxury CBD Retreat | 2 King Beds + Ensuites,551181197,Paula Kat Charlotte,Christchurch City,Central Ward,-43.5313183,172.6404351,Entire home/apt,318.0,1.0,3,2026-04-04,0.42,177,244,3,,2026-5,2026-09-17,166.0
1053060138588435011,Discover Elegance - New central Haven. 3 bedroom,551181197,Paula Kat Charlotte,Christchurch City,Central Ward,-43.5360956,172.63505,Entire home/apt,341.0,1.0,171,2026-08-01,5.34,177,231,56,,2026-5,2026-09-17,47.0
29661813,Nestle Studio/CDB/Brand New/ChCh CDB,56790664,Candy,Christchurch City,Central Ward,-43.5361789,172.6353027,Entire home/apt,216.0,1.0,73,2026-05-21,2.33,5,46,15,,2026-5,2026-09-17,119.0
31125766,Quality Centrally Located Two Bedroom Apartment,232627620,Geoff,Christchurch City,Central Ward,-43.54658,172.64623,Entire home/apt,198.0,2.0,216,2026-07-08,2.34,3,209,25,,2026-5,2026-09-17,71.0
1410446380075350516,Cosy Studio in Allen Street,331763232,Managed By Williams,Christchurch City,Central Ward,-43.5378002,172.6416792,Entire home/apt,202.0,1.0,43,2026-07-30,2.87,165,231,38,,2026-5,2026-09-17,49.0
1740495122984362213,The Modern Hideaway for Every Stay,331763232,Managed By Williams,Christchurch City,Central Ward,-43.5367071757068,172.64227755096198,Entire home/apt,254.0,1.0,0,,,165,167,0,,2026-5,2026-09-17,
1416278115295345546,Stylish Christchurch CBD 1BR,331763232,Managed By Williams,Christchurch City,Central Ward,-43.5376872,172.6416822,Entire home/apt,164.0,1.0,29,2026-07-10,1.88,165,252,24,,2026-5,2026-09-17,69.0
1564084886314457969,Bright & Comfortable Family Home in Halswell,74811135,Maggie,Christchurch City,Halswell Ward,-43.56875,172.54166,Entire home/apt,,1.0,8,2026-02-28,1.03,46,0,8,,2026-5,2026-09-17,201.0
1476640811285791155,"Home in Parklands,
Forest Park",710516136,Philippe,Christchurch City,Coastal Ward,-43.4737022,172.7045889,Entire home/apt,,1.0,29,2026-04-25,2.44,1,0,29,,2026-5,2026-09-17,145.0
1722800532426942668,City-View Apartment: King Bed & Balcony Near Stadi,1720006030284222434,Rainer & Juliana,Christchurch City,Central Ward,-43.5318422,172.6398756,Entire home/apt,172.0,2.0,0,,,1,299,0,,2026-5,2026-09-17,
1603862267300156493,Private beach studio room,200266362,Amanda,Christchurch City,Coastal Ward,-43.50870933934795,172.73138154298067,Private room,124.0,1.0,0,,,1,6,0,,2026-5,2026-09-17,
1506366164583991766,"Stand alone, cozy, pet yes, home Near Merivale/CBD",135727771,Arlene,Christchurch City,Innes Ward,-43.508558569809765,172.64780927449465,Entire home/apt,177.0,2.0,18,2026-08-04,2.03,1,299,18,,2026-5,2026-09-17,44.0
38165279,Spacious family home.,285446275,Anna,Christchurch City,Fendalton Ward,-43.51843,172.5823,Entire home/apt,,7.0,1,2020-01-05,0.01,1,0,0,,2026-5,2026-09-17,2447.0
789342390301273709,Chic CBD Townhouse | Walk to One NZ Stadium & SALT,482671075,Care Property Stays,Christchurch City,Central Ward,-43.5366847,172.6407056,Entire home/apt,170.0,1.0,189,2026-07-18,4.31,184,270,15,,2026-5,2026-09-17,61.0
623397096468753938,"LOCATION - City Living, New, Modern, Chic",45172785,The MAC Property Team,Christchurch City,Central Ward,-43.53335189819336,172.64117431640625,Entire home/apt,199.0,1.0,247,2026-07-20,4.77,46,156,54,,2026-5,2026-09-17,59.0
1071959694413576088,Boat house by the sea,189607978,David,Christchurch City,Banks Peninsula Ward,-43.59848,172.72716,Entire home/apt,291.0,4.0,5,2026-01-11,0.25,1,259,1,,2026-5,2026-09-17,249.0
1443062405041449698,Stylish Studio- Walk  to Everything in the CBD,274590849,Char,Christchurch City,Central Ward,-43.53141045095179,172.6379477080914,Entire home/apt,138.0,1.0,77,2026-08-05,5.66,1,131,73,,2026-5,2026-09-17,43.0
1578786431961721306,Comfortable City Stay · Great Stadium Access,107729261,Dean,Christchurch City,Linwood Ward,-43.52633,172.67897,Entire home/apt,,2.0,0,,,2,0,0,,2026-5,2026-09-17,
38240947,Central located with access to hills and river,145249178,Nicole,Christchurch City,Cashmere Ward,-43.56478,172.62806,Entire home/apt,,1.0,4,2024-01-05,0.05,1,0,0,,2026-5,2026-09-17,986.0
1475637350905928884,Beautiful Views & Heated Pool,82363146,Wendy,Christchurch City,Cashmere Ward,-43.58516,172.63594,Entire home/apt,,4.0,1,2026-01-01,0.13,3,0,1,,2026-5,2026-09-17,259.0
1598731379864106979,Heritage Charm Meets Modern Luxury,582355894,Hamish,Christchurch City,Cashmere Ward,-43.55965,172.63847,Entire home/apt,,3.0,3,2026-02-23,0.46,1,0,3,,2026-5,2026-09-17,206.0
39403528,Wigram quite sunny room,302657091,Hongmei,Christchurch City,Halswell Ward,-43.56044,172.55462,Private room,,1.0,0,,,2,0,0,,2026-5,2026-09-17,
1262502977104510298,Fun relaxing home away from home,484074723,Emily,Christchurch City,Heathcote Ward,-43.5639207,172.6691455,Entire home/apt,406.0,3.0,3,2026-04-16,0.16,1,75,1,,2026-5,2026-09-17,154.0
1685041705304904464,Stunning retro apartment.,145107529,Harriet,Christchurch City,Central Ward,-43.52709013880472,172.66195146058882,Entire home/apt,,4.0,2,2026-07-26,2.0,1,2,2,,2026-5,2026-09-17,53.0
1340802605078759137,Greendale Retreat in Avonhead,74811135,Maggie,Christchurch City,Waimairi Ward,-43.5125320900675,172.5609128043645,Entire home/apt,,1.0,5,2025-07-01,0.26,46,0,0,,2026-5,2026-09-17,443.0
783422501515727269,NEW Studio 1 Bed/ 1 bath/ kit/living,103297640,Alana,Christchurch City,Heathcote Ward,-43.54928538378406,172.62830693274736,Entire home/apt,120.0,2.0,94,2026-03-02,2.19,1,4,17,,2026-5,2026-09-17,199.0
779739885501856132,in hill with Stunning sea-views,46871128,Lily,Christchurch City,Heathcote Ward,-43.5753101,172.7524342,Private room,,2.0,1,2024-12-06,0.05,1,0,0,,2026-5,2026-09-17,650.0
1709885808209520396,The Fantail Nook - Modern with Stunning Views,28100355,Joanne,Christchurch City,Heathcote Ward,-43.56287,172.7114,Entire home/apt,133.0,2.0,11,2026-08-13,7.17,1,0,11,,2026-5,2026-09-17,35.0
1682940357297962025,Cosy room with own bathroom near mall,1677233043793094902,Jess,Christchurch City,Papanui Ward,-43.47284,172.62496,Private room,,1.0,3,2026-07-11,1.03,2,0,3,,2026-5,2026-09-17,68.0
1683086835220616654,"Family Oasis | Pool, Spa & Playground Next Door",100728333,Shanae,Christchurch City,Heathcote Ward,-43.54839087544072,172.6957742124796,Entire home/apt,485.0,1.0,4,2026-07-16,2.93,1,15,4,,2026-5,2026-09-17,63.0
4776863,Beach Break,5156035,Phyllis,Christchurch City,Coastal Ward,-43.52628,172.73449,Entire home/apt,,2.0,22,2024-03-27,0.17,5,0,0,,2026-5,2026-09-17,904.0
1282387924102260926,Affordable Room by Golf Course – Christchurch,186382574,Wayne,Christchurch City,Burwood Ward,-43.50549,172.69958,Private room,,1.0,68,2026-08-06,3.19,3,0,48,,2026-5,2026-09-17,42.0
1453413355176624783,Summer holiday in Christchurch?,426510159,Darren,Christchurch City,Heathcote Ward,-43.56265,172.71917,Entire home/apt,,3.0,1,2026-01-24,0.15,1,0,1,,2026-5,2026-09-17,236.0
30298873,Hoon Hay Haven,226141533,Rachel,Christchurch City,Spreydon Ward,-43.5669,172.6108,Entire home/apt,,2.0,13,2026-04-04,1.64,1,0,13,,2026-5,2026-09-17,166.0
1300291425631390650,Home in Fendalton,146831113,Tracey,Christchurch City,Fendalton Ward,-43.50963625407333,172.59461811472872,Entire home/apt,,1.0,2,2026-04-27,0.1,1,0,1,,2026-5,2026-09-17,143.0
774004582664375375,Beach-side Executive Home,109664707,Hayley,Christchurch City,Coastal Ward,-43.47665,172.71592,Entire home/apt,,2.0,7,2025-04-20,0.16,1,0,0,,2026-5,2026-09-17,515.0
565978238943634674,Light and Bright on Lyttelton Street,158648993,Emily,Christchurch City,Spreydon Ward,-43.561508,172.6138,Entire home/apt,206.0,2.0,100,2026-07-09,1.87,1,18,30,,2026-5,2026-09-17,70.0
1284308486618081664,affordable convienent location,178727740,Viki,Christchurch City,Riccarton Ward,-43.53431179318313,172.60257865556065,Private room,,2.0,0,,,3,0,0,,2026-5,2026-09-17,
1343282107812556420,Cozy room,430177594,Paul,Christchurch City,Hornby Ward,-43.55372354488169,172.52724390509852,Private room,,1.0,8,2025-05-17,0.43,4,0,0,,2026-5,2026-09-17,488.0
775611783178511067,"Near to City, King Bed, Clean & Tidy House",451174187,Hou Keet,Christchurch City,Heathcote Ward,-43.5499921,172.6500962,Private room,,1.0,218,2026-07-05,4.96,3,0,61,,2026-5,2026-09-17,74.0
779281599162079480,Sunny Two Bedroom Townhouse,9297203,Briedi,Christchurch City,Harewood Ward,-43.48518,172.59127,Entire home/apt,,2.0,8,2026-01-02,0.18,1,0,2,,2026-5,2026-09-17,258.0
779056534187282063,Private Cottage in Christchurch,110081421,Barry And Ellie,Christchurch City,Harewood Ward,-43.44654,172.61805,Entire home/apt,,2.0,25,2026-06-11,0.57,1,0,1,,2026-5,2026-09-17,98.0
713155627306875458,Spacious and peaceful guest house,63012446,Marrieke,Christchurch City,Cashmere Ward,-43.56306,172.65976,Entire home/apt,,1.0,175,2025-07-13,3.67,1,0,0,,2026-5,2026-09-17,431.0
717065966071440477,Lovely relaxing warm and quiet 2 bedroom house,479728303,Russell,Christchurch City,Heathcote Ward,-43.56385,172.66416,Entire home/apt,,1.0,125,2026-02-28,2.64,1,0,11,,2026-5,2026-09-17,201.0
760931471627203236,"Charming, central, 2 bedroom haven.",35112765,Jess,Christchurch City,Fendalton Ward,-43.50627422245262,172.62139588594437,Entire home/apt,,1.0,102,2026-03-14,2.25,1,2,30,,2026-5,2026-09-17,187.0
634110355656239813,High Roller Luxury Casino Suite,202585247,Ohana,Christchurch City,Central Ward,-43.52611541748047,172.63377380371094,Entire home/apt,,1.0,423,2026-08-07,8.25,155,0,69,,2026-5,2026-09-17,41.0
639289432327481547,Luxury 3 Floor Townhome near Casino and Vitoria st,86216394,Min,Christchurch City,Central Ward,-43.52524,172.63461,Entire home/apt,,1.0,157,2025-08-22,3.08,42,0,1,,2026-5,2026-09-17,391.0
637001139039213011,City on your doorstep. Super location 1 bed apt.,443205598,Andy,Christchurch City,Central Ward,-43.5289,172.63022,Entire home/apt,211.0,2.0,250,2026-08-11,4.89,1,53,69,,2026-5,2026-09-17,37.0
725681410668957532,Hidden gem - 3 bedroom house in Christchurch,14392677,Susanne,Christchurch City,Cashmere Ward,-43.56066,172.63147,Entire home/apt,137.0,45.0,16,2026-06-30,0.37,1,73,5,,2026-5,2026-09-17,79.0
745712957453228462,Bright and Central Town House,484064380,James,Christchurch City,Spreydon Ward,-43.54275,172.61515,Entire home/apt,,2.0,126,2025-09-02,2.76,1,0,1,,2026-5,2026-09-17,380.0
757362069067963121,"Luxurious Villa - Spacious, Charming, Views",120828035,Mike,Christchurch City,Banks Peninsula Ward,-43.6018503,172.7218374,Entire home/apt,,3.0,9,2026-01-03,0.2,1,0,2,,2026-5,2026-09-17,257.0
688043635610386226,Architectural Award winning - FREE parking!,115598472,Rachel,Christchurch City,Central Ward,-43.53017999029019,172.64141125033188,Entire home/apt,,2.0,69,2026-02-19,1.43,2,0,5,,2026-5,2026-09-17,210.0
45090375,"Single accommodation, en suite and breakfast.",96710780,Peter,Christchurch City,Innes Ward,-43.51391,172.65364,Private room,118.0,1.0,97,2026-03-09,1.35,3,168,1,,2026-5,2026-09-17,192.0
14044090,Double room near the beach in North New Brighton,52522304,Michael,Christchurch City,Coastal Ward,-43.50208,172.71265,Private room,48.0,7.0,20,2026-02-16,0.17,2,214,2,,2026-5,2026-09-17,213.0
845956409292827970,Private Room with Ensuite.,505136076,Diann,Christchurch City,Innes Ward,-43.51284,172.63723,Private room,,1.0,7,2025-02-22,0.17,1,0,0,,2026-5,2026-09-17,572.0
856849026777479916,Central Wellness Retreat. Gym/sauna + DBL Garage,47522450,Anthony David,Christchurch City,Central Ward,-43.52488,172.6396,Entire home/apt,256.0,2.0,30,2026-07-16,0.94,1,49,6,,2026-5,2026-09-17,63.0
829046467486279709,Cosy Room in Central City,69744267,Emile,Christchurch City,Innes Ward,-43.5172,172.65905,Private room,,1.0,69,2025-09-06,1.93,2,0,1,,2026-5,2026-09-17,376.0
1676171004462147918,The Landing Pad | Family Home Near Airport,439038269,Serena,Christchurch City,Waimairi Ward,-43.496470272123865,172.57618302862406,Entire home/apt,592.0,2.0,4,2026-07-12,1.45,7,336,4,,2026-5,2026-09-17,67.0
854386633543233339,Choice city location with parking,8659767,Gaynor,Christchurch City,Central Ward,-43.52484,172.62857,Entire home/apt,,2.0,2,2024-02-24,0.07,1,0,0,,2026-5,2026-09-17,936.0
1604623945300562573,Luxury 3-Bed 3-Bath Home Near CBD,49642171,Lily-SimplyHost,Christchurch City,Innes Ward,-43.51745784754617,172.6525655690092,Entire home/apt,315.0,1.0,7,2026-07-13,1.11,97,335,7,,2026-5,2026-09-17,66.0
922569412495247920,Central & Convenient City Apartment,329341602,Andrew,Christchurch City,Central Ward,-43.52426255948435,172.6434292153442,Entire home/apt,,2.0,83,2026-05-16,2.19,3,0,11,,2026-5,2026-09-17,124.0
927063683905028303,2 bedroom apartment- G02/36B,89191145,Jackson,Christchurch City,Central Ward,-43.5370608,172.6384266,Entire home/apt,,2.0,4,2025-01-01,0.11,3,0,0,,2026-5,2026-09-17,624.0
943225253268850599,Central City Sanctuary  NO FEES,27460981,Nadine,Christchurch City,Central Ward,-43.53053,172.6486,Entire home/apt,,2.0,6,2025-08-30,0.28,1,0,4,,2026-5,2026-09-17,383.0
842189384680375371,"Home with view over Cass Bay, Lyttelton. Spa pool",398242792,David,Christchurch City,Banks Peninsula Ward,-43.60428,172.68807,Entire home/apt,,2.0,18,2026-01-12,0.43,1,0,5,,2026-5,2026-09-17,248.0
842307883026755345,Spacious City Apartment with stunning views,504396169,Denise,Christchurch City,Burwood Ward,-43.49517,172.66655,Entire home/apt,,1.0,6,2023-04-15,0.14,1,0,0,,2026-5,2026-09-17,1251.0
846495415945498870,Luxury Private Room in St Albans | Walk to CBD,36414636,Art,Christchurch City,Innes Ward,-43.51194,172.64267,Private room,,2.0,35,2026-07-13,0.85,1,0,13,,2026-5,2026-09-17,66.0
927118956899352473,Sleek modern city apartment,137791556,Elissia,Christchurch City,Central Ward,-43.53103565205278,172.64373407826258,Entire home/apt,,1.0,257,2026-03-21,6.83,1,0,50,,2026-5,2026-09-17,180.0
31659082,"Te Onepoto lodge Sumner, 151a TM road",237369570,Julie,Christchurch City,Heathcote Ward,-43.5797582,172.7752207,Entire home/apt,364.0,1.0,344,2026-08-08,3.97,1,210,37,,2026-5,2026-09-17,40.0
1200338218728704148,Black Diamond,91121378,Holly,Christchurch City,Banks Peninsula Ward,-43.6318847,172.7251646,Entire home/apt,463.0,1.0,186,2026-08-06,7.97,1,252,97,,2026-5,2026-09-17,42.0
978413064498812402,Classy Parkside Entire Townhouse,53055547,Emma,Christchurch City,Fendalton Ward,-43.5217061,172.6218904,Entire home/apt,,4.0,7,2025-01-03,0.22,2,0,0,,2026-5,2026-09-17,622.0
1003323959381709547,Feel at Home in Stylish Urban Accom in Center,74811135,Maggie,Christchurch City,Central Ward,-43.52907,172.65736,Entire home/apt,,1.0,46,2026-07-11,1.38,46,0,5,,2026-5,2026-09-17,68.0
919863472030667911,Brockworth Comfort,133985647,Kate,Christchurch City,Riccarton Ward,-43.5323347,172.6103348,Private room,,1.0,12,2025-02-28,0.32,2,0,0,,2026-5,2026-09-17,566.0
954758785997132076,Room in Christchurch,131216378,Adam,Christchurch City,Cashmere Ward,-43.57766,172.64594,Private room,,1.0,46,2025-09-07,1.26,3,0,1,,2026-5,2026-09-17,375.0
1052320855959750967,Two Bedroom Family Spa Unit,179297759,Peng,Christchurch City,Riccarton Ward,-43.5384412,172.5789749,Entire home/apt,249.0,1.0,6,2026-02-06,0.2,19,263,1,,2026-5,2026-09-17,223.0
985630726695248144,Modern home near the beach,538281346,Bee,Christchurch City,Coastal Ward,-43.5082235,172.7312974,Entire home/apt,,3.0,29,2026-03-20,0.91,1,0,11,,2026-5,2026-09-17,181.0
961081601047058125,Spacious 4 Bedroom Home,532642950,Cillin,Christchurch City,Spreydon Ward,-43.56227278027235,172.6102629376977,Entire home/apt,,4.0,2,2023-12-26,0.06,1,0,0,,2026-5,2026-09-17,996.0
971874555406521769,Okuti Cabin,115121570,Grace,Christchurch City,Banks Peninsula Ward,-43.7862144,172.8306747,Entire home/apt,,1.0,45,2026-05-24,1.38,1,0,18,,2026-5,2026-09-17,116.0
1437344405173920949,Sumner Views,36077654,Simon,Christchurch City,Heathcote Ward,-43.57425,172.77059,Entire home/apt,232.0,1.0,32,2026-06-28,2.38,1,297,30,,2026-5,2026-09-17,81.0
982925951327525527,Park side ensuite bedroom and balcony,97694138,Stacey,Christchurch City,Heathcote Ward,-43.5511,172.64841,Private room,,2.0,38,2025-02-17,1.1,2,0,0,,2026-5,2026-09-17,577.0
1001066360429786234,Sunny Room in Central City,69744267,Emile,Christchurch City,Central Ward,-43.51725,172.66004,Private room,,1.0,86,2026-04-06,2.5,2,0,37,,2026-5,2026-09-17,164.0
1026627183349833222,Room in Christchurch,546911773,Harvinder,Christchurch City,Riccarton Ward,-43.5337265,172.5820374,Private room,,1.0,81,2025-04-01,2.44,1,0,0,,2026-5,2026-09-17,534.0
1028021447294282292,Entire 2-bed House in Woolston,159021723,Mark,Christchurch City,Linwood Ward,-43.55427,172.67188,Entire home/apt,,10.0,5,2025-02-22,0.16,1,0,0,,2026-5,2026-09-17,572.0
1547451780110472952,One Wakefield,400942547,Krista,Christchurch City,Heathcote Ward,-43.56764,172.75847,Entire home/apt,320.0,1.0,24,2026-07-15,2.69,2,221,24,,2026-5,2026-09-17,64.0
948883490267612790,Coastal Sanctuary - Brand New ModernTownhouse.,49642171,Lily-SimplyHost,Christchurch City,Coastal Ward,-43.50876359999999,172.7312418,Entire home/apt,205.0,1.0,56,2026-07-17,1.55,97,75,8,,2026-5,2026-09-17,62.0
556017309497677453,Welcome to a private room in a shared cosy home.,13549874,Birga,Christchurch City,Heathcote Ward,-43.57766,172.77481,Private room,87.0,1.0,17,2026-04-27,0.33,1,362,2,,2026-5,2026-09-17,143.0
1409854663748672761,Central Merivale Town House,65000078,Victoria,Christchurch City,Fendalton Ward,-43.51519533131728,172.61426226367902,Entire home/apt,207.0,3.0,14,2026-08-01,1.05,1,280,13,,2026-5,2026-09-17,47.0
871849845979834306,Stylish City Fringe 2 Bedroom House.,510533154,Francesca,Christchurch City,Central Ward,-43.51774,172.64286,Entire home/apt,261.0,1.0,189,2026-07-12,4.78,1,226,20,,2026-5,2026-09-17,67.0
1292549038085439498,Your Home in Christchurch,162838353,Syed,Christchurch City,Papanui Ward,-43.47667970265973,172.62373902490305,Private room,88.0,1.0,2,2024-11-23,0.1,2,364,0,,2026-5,2026-09-17,663.0
39117117,French Farm Whare,131092358,Mark,Christchurch City,Banks Peninsula Ward,-43.78393,172.90976,Entire home/apt,252.0,2.0,115,2026-07-14,1.4,1,335,18,,2026-5,2026-09-17,65.0
1112335464725835490,Cliffside - Akaroa Holiday Home,145244100,Bachcare,Christchurch City,Banks Peninsula Ward,-43.81094,172.96507,Entire home/apt,,2.0,3,2026-04-29,0.2,1231,363,2,,2026-5,2026-09-17,141.0
1070469852450301264,A Home Away from Home,402650843,Sarita,Christchurch City,Cashmere Ward,-43.56047539446644,172.62677706503575,Entire home/apt,,2.0,16,2025-07-31,0.52,1,0,0,,2026-5,2026-09-17,413.0
1059045323270242661,Entire place in Christchurch,231230780,Cecilia,Christchurch City,Linwood Ward,-43.52805,172.68337,Entire home/apt,139.0,2.0,20,2026-02-28,0.66,1,162,13,,2026-5,2026-09-17,201.0
1659737635327319572,Sunny South Brighton Retreat | 250m to Beach,312742834,Daniel,Christchurch City,Coastal Ward,-43.5227702,172.7334341,Entire home/apt,239.0,1.0,7,2026-07-15,1.76,3,192,7,,2026-5,2026-09-17,64.0
1652678928492235697,Cosy Comfy Home,162838353,Syed,Christchurch City,Papanui Ward,-43.48117,172.61454,Private room,154.0,1.0,0,,,2,365,0,,2026-5,2026-09-17,
935174676330161986,Studio 310,516376646,Kathryn,Christchurch City,Banks Peninsula Ward,-43.63517004515888,172.7178467810154,Entire home/apt,217.0,1.0,16,2026-08-05,3.12,1,127,16,,2026-5,2026-09-17,43.0
46786855,Park view on Hagley Park,321562392,J&H House,Christchurch City,Central Ward,-43.52953,172.61297,Entire home/apt,188.0,1.0,479,2026-07-25,6.92,3,126,71,,2026-5,2026-09-17,54.0
43582508,Architectural Oasis | Serenity & Spectacular Views,340463660,Nikki And Chris,Christchurch City,Cashmere Ward,-43.57199,172.62887,Entire home/apt,367.0,1.0,80,2026-08-03,1.11,3,296,39,,2026-5,2026-09-17,45.0
1654770226366505100,Central Studio Getaway on Bath Street,331763232,Managed By Williams,Christchurch City,Central Ward,-43.5390359,172.6348925,Entire home/apt,189.0,1.0,3,2026-06-07,0.81,165,345,3,,2026-5,2026-09-17,102.0
46265578,"Sky Window Studio, City Center NO CLEANING FEE !!",370484539,Colombo Lodge,Christchurch City,Central Ward,-43.54259,172.63797,Entire home/apt,102.0,1.0,360,2026-07-11,5.19,5,295,8,,2026-5,2026-09-17,68.0
1138055398852872178,"Drifter Bunkhouse Ensuite, Sleeps 4",573074023,Drifter,Christchurch City,Central Ward,-43.53482,172.6379,Private room,208.0,1.0,5,2026-07-26,0.23,13,345,4,,2026-5,2026-09-17,53.0
1462575964205793637,Trendy And Lux Studio In CBD By South City Mall!,507210765,Donna,Christchurch City,Central Ward,-43.53915484941684,172.63562584484404,Entire home/apt,165.0,1.0,25,2026-07-11,2.34,1,154,25,,2026-5,2026-09-17,68.0
663865174329279524,Worcester Terraces - One Central Christchurch,128163295,Rachael,Christchurch City,Central Ward,-43.53107,172.64087,Entire home/apt,226.0,1.0,210,2026-08-06,4.21,3,245,30,,2026-5,2026-09-17,42.0
572548641800067195,City Life on Your Doorstep with cosy double bed,221100338,Muk,Christchurch City,Central Ward,-43.5289073,172.6461528,Private room,100.0,1.0,149,2026-07-04,2.92,1,205,37,,2026-5,2026-09-17,75.0
1160463041336650708,Central Ground Floor Apartment,257255998,Susan,Christchurch City,Central Ward,-43.52845765502843,172.64291593491822,Entire home/apt,287.0,2.0,74,2026-08-02,2.78,1,132,39,,2026-5,2026-09-17,46.0
51393507,Little paradise in City Centre,321562392,J&H House,Christchurch City,Central Ward,-43.53066,172.64341,Entire home/apt,204.0,1.0,428,2026-07-08,7.01,3,153,63,,2026-5,2026-09-17,71.0
885657432428572346,The Majestic Retreat 2 bed 2 bath CBD,482671075,Care Property Stays,Christchurch City,Central Ward,-43.5312859,172.6450051,Entire home/apt,220.0,1.0,88,2026-07-17,2.21,184,169,25,,2026-5,2026-09-17,62.0
1512217292565037506,The Game Day Lounge | Walk to One NZ Stadium,551181197,Paula Kat Charlotte,Christchurch City,Central Ward,-43.5321334,172.6475968,Entire home/apt,237.0,1.0,39,2026-08-09,3.79,177,245,39,,2026-5,2026-09-17,39.0
1534403636534168505,Perfect City Retreat 1 bdrm Prime Location,45768555,Hasslefree Accommodation,Christchurch City,Central Ward,-43.5305567,172.6385671,Entire home/apt,265.0,1.0,19,2026-08-09,1.95,65,268,19,,2026-5,2026-09-17,39.0
1678527879310520977,Stylish 2BR Townhouse in Prime Location,331763232,Managed By Williams,Christchurch City,Central Ward,-43.531885633224206,172.6387681601367,Entire home/apt,324.0,1.0,3,2026-07-11,1.07,165,28,3,,2026-5,2026-09-17,68.0
1530789340885556868,"Executive Accommodation. 3 Bed, 3 bath + Garage",551181197,Paula Kat Charlotte,Christchurch City,Central Ward,-43.525857,172.6399837,Entire home/apt,359.0,1.0,39,2026-08-10,4.02,177,238,39,,2026-5,2026-09-17,38.0
1241368912811080729,Superb Location - 2bd + 2bth - Carpark Included,45172785,The MAC Property Team,Christchurch City,Central Ward,-43.5260972,172.6408548,Entire home/apt,202.0,1.0,215,2026-08-09,6.29,46,255,104,,2026-5,2026-09-17,39.0
852379563003393500,Central City 2BR Apartment – Balcony & Parking,23278101,Jason,Christchurch City,Central Ward,-43.524851,172.6359997,Entire home/apt,363.0,1.0,152,2026-08-08,3.73,19,293,67,,2026-5,2026-09-17,40.0
1748466891123303722,Stylish Two Bedroom for a Christchurch Getaway,331763232,Managed By Williams,Christchurch City,Central Ward,-43.52534,172.63602,Entire home/apt,207.0,1.0,0,,,165,345,0,,2026-5,2026-09-17,
10528665,Rose Cottage. Central City. Free Parking.,54292480,Rose,Christchurch City,Central Ward,-43.52647,172.64719,Entire home/apt,246.0,1.0,430,2026-07-12,3.37,1,132,52,,2026-5,2026-09-17,67.0
1237432198643511831,Heart of CHCH: Stylish 1 bdrm 2 bed apartment,597970593,Christa,Christchurch City,Central Ward,-43.5261163,172.6422883,Entire home/apt,218.0,1.0,119,2026-06-02,5.47,1,151,68,,2026-5,2026-09-17,107.0
929292191221984365,"Urban Elegance: 2 Bed, 2 Bath in the CBD",482671075,Care Property Stays,Christchurch City,Central Ward,-43.5231959,172.6424764,Entire home/apt,211.0,1.0,51,2026-07-21,1.37,184,182,5,,2026-5,2026-09-17,58.0
1668546817581693057,Central Christchurch Sweet Home,707858717,Stay At Christchurch Ltd,Christchurch City,Central Ward,-43.52133,172.63236,Entire home/apt,260.0,1.0,0,,,14,359,0,,2026-5,2026-09-17,
1168479528960954250,Haka House Entire 4 Bed Dorm Ens,565751605,Haka House Hostel Christchurch,Christchurch City,Central Ward,-43.53215801999091,172.62982995419372,Private room,560.0,1.0,0,,,10,208,0,,2026-5,2026-09-17,
1713270442443912973,Tram Gem Studio | CBD | 2 Guests,1699581441776159126,Cathedral Tram Gem,Christchurch City,Central Ward,-43.5305567,172.6385671,Entire home/apt,136.0,1.0,2,2026-08-02,2.0,3,213,2,,2026-5,2026-09-17,46.0
1613574794898957723,Sleek & New 1BR Apartment on Manchester Street,331763232,Managed By Williams,Christchurch City,Central Ward,-43.5312971,172.6399379,Entire home/apt,186.0,1.0,13,2026-07-29,2.1,165,352,13,,2026-5,2026-09-17,50.0
1139306834570569568,Relaxing City Hideaway - 2 Bed in Christchurch CBD,551181197,Paula Kat Charlotte,Christchurch City,Central Ward,-43.5330056,172.6402228,Entire home/apt,313.0,1.0,95,2026-08-08,3.4,177,240,39,,2026-5,2026-09-17,40.0
1603203951021808021,Stylish & Central - City View Apt w/ Free Carpark,482671075,Care Property Stays,Christchurch City,Central Ward,-43.53237,172.6408,Entire home/apt,286.0,1.0,7,2026-05-02,1.03,184,237,7,,2026-5,2026-09-17,138.0
1196782627167451807,"Drifter Bunkhouse Ensuite, Sleeps 8",573074023,Drifter,Christchurch City,Central Ward,-43.53377,172.63819,Private room,408.0,1.0,0,,,13,345,0,,2026-5,2026-09-17,
1361856073304636182,SEAS THE DAY | Ocean Views • Sauna Retreat,119067882,Yvonne,Christchurch City,Heathcote Ward,-43.57407103015629,172.75113621628893,Entire home/apt,353.0,1.0,44,2026-07-14,2.52,2,153,32,,2026-5,2026-09-17,65.0
1612013759514282363,Classic and Comfy Townhouse + Carpark on Colombo,551181197,Paula Kat Charlotte,Christchurch City,Central Ward,-43.5233087,172.6362476,Entire home/apt,228.0,1.0,12,2026-07-25,2.02,177,264,12,,2026-5,2026-09-17,54.0
1538064493553326837,"Executive Stay, Work Trip, Event Base with Parking",551181197,Paula Kat Charlotte,Christchurch City,Central Ward,-43.5296292,172.650212,Entire home/apt,318.0,1.0,49,2026-08-05,5.12,177,218,49,,2026-5,2026-09-17,43.0
38186323,Avonview Cottage,174595370,Liesbeth,Christchurch City,Central Ward,-43.52242,172.65902,Entire home/apt,224.0,2.0,184,2026-06-21,2.18,1,186,44,,2026-5,2026-09-17,88.0
1129258149076732566,Beautiful Home in Christchurch,141259571,Stephanie,Christchurch City,Halswell Ward,-43.57717,172.54954,Entire home/apt,,2.0,3,2026-04-25,0.12,1,0,1,,2026-5,2026-09-17,145.0
1562887830618575006,Fresh 1 Bedroom Apartment Close to Te Kaha Stadium,331763232,Managed By Williams,Christchurch City,Central Ward,-43.5312971,172.6399379,Entire home/apt,221.0,1.0,8,2026-07-12,1.04,165,139,8,,2026-5,2026-09-17,67.0
1132079562848522949,Tui's Retreat - Duvauchelle Holiday Home,145244100,Bachcare,Christchurch City,Banks Peninsula Ward,-43.75186,172.94121,Entire home/apt,,2.0,2,2026-01-02,0.1,1231,354,1,,2026-5,2026-09-17,258.0
844336853364643343,Central City Boutique Escape,202585247,Ohana,Christchurch City,Central Ward,-43.537291,172.6254294,Entire home/apt,209.0,1.0,246,2026-07-15,5.9,155,129,51,,2026-5,2026-09-17,64.0
1720541297586994769,Stylish Boutique City Apartment – Sleeps up to 6,172090996,Warrick,Christchurch City,Central Ward,-43.5370148574075,172.63864014847948,Entire home/apt,299.0,1.0,2,2026-08-08,1.67,1,163,2,,2026-5,2026-09-17,40.0
1515727300425817246,Central City Apartment. Sleeps 4. Elevator Access,551181197,Paula Kat Charlotte,Christchurch City,Central Ward,-43.535675,172.6355541,Entire home/apt,176.0,1.0,49,2026-07-26,5.44,177,264,49,,2026-5,2026-09-17,53.0
1132768478165178554,Luxury 2 Bed 2 Bath Townhouse Central Christchurch,7686048,Virginia,Christchurch City,Central Ward,-43.5360637,172.6485723,Entire home/apt,,1.0,9,2026-03-01,0.32,1,0,6,,2026-5,2026-09-17,200.0
1506945987194869288,One Bedroom Stunner in Allen Street,331763232,Managed By Williams,Christchurch City,Central Ward,-43.53681,172.64223,Entire home/apt,165.0,1.0,38,2026-07-26,3.5,165,121,38,,2026-5,2026-09-17,53.0
1173621497447840518,Alpha Motel City Spa One-Bedroom,179297759,Peng,Christchurch City,Riccarton Ward,-43.53965,172.57962,Entire home/apt,170.0,1.0,3,2026-01-28,0.16,19,269,2,,2026-5,2026-09-17,232.0
30420515,Te Ara Cottage Tranquil Retreat,55630368,Akiko,Christchurch City,Banks Peninsula Ward,-43.62753,172.73202,Entire home/apt,180.0,2.0,344,2026-07-16,3.68,1,74,41,,2026-5,2026-09-17,63.0
1651851477413583343,The Metro New York Style Loft Apartment,55081827,Caleb,Christchurch City,Central Ward,-43.52363724111439,172.62921190769725,Entire home/apt,385.0,1.0,1,2026-05-10,0.31,2,72,1,,2026-5,2026-09-17,130.0
43717426,Purau Luxury Retreat with Spa,182141026,Denissa,Christchurch City,Banks Peninsula Ward,-43.63958,172.75167,Entire home/apt,276.0,2.0,189,2026-08-12,2.61,1,300,42,,2026-5,2026-09-17,36.0
817011585202989754,Clifftop Retreat- Seaviews,245921468,Donna,Christchurch City,Heathcote Ward,-43.56142,172.73152,Entire home/apt,134.0,1.0,138,2026-07-18,3.21,1,122,37,,2026-5,2026-09-17,61.0
1477073018841163793,Cath's cottage,563118750,Ian,Christchurch City,Banks Peninsula Ward,-43.656104096812705,172.70317379290714,Entire home/apt,172.0,2.0,19,2026-07-25,1.7,1,313,19,,2026-5,2026-09-17,54.0
846595843743458997,2 Bedrooms apprtmt.+Underground Parking in CBD,245025642,Amy,Christchurch City,Central Ward,-43.53498,172.63512,Entire home/apt,283.0,1.0,190,2026-08-08,4.57,1,232,33,,2026-5,2026-09-17,40.0
1661077384380636852,Charming Centennial Ave House,567935165,Michelle,Christchurch City,Riccarton Ward,-43.53731,172.59259,Entire home/apt,,1.0,0,,,2,0,0,,2026-5,2026-09-17,
1724143031731972846,Mt Pleasant Coastal Relaxation,19355206,Seamus & Anne,Christchurch City,Heathcote Ward,-43.5568286,172.7190255,Entire home/apt,294.0,2.0,1,2026-08-09,1.0,1,2,1,,2026-5,2026-09-17,39.0
1139631699008440105,Airport Retreat: 4BR 8 Guests,573419952,Bruce,Christchurch City,Waimairi Ward,-43.50592314266713,172.5694282607132,Entire home/apt,,1.0,41,2025-12-26,1.57,8,0,3,,2026-5,2026-09-17,265.0
34001168,Welcome to our Charming 1927 Villa- Minutes to CBD,125448109,Maddy,Christchurch City,Innes Ward,-43.51576908491404,172.6549992339138,Private room,,2.0,43,2026-07-20,3.06,1,0,34,,2026-5,2026-09-17,59.0
1612137444495603423,"Beachside apartment, North Beach New Brighton.",128807329,Samantha Rosemary,Christchurch City,Coastal Ward,-43.5004903,172.7277743,Entire home/apt,250.0,2.0,8,2026-07-08,1.37,1,284,8,,2026-5,2026-09-17,71.0
1144400667993815628,Walnut Studio - private self contained,511479466,Mel,Christchurch City,Coastal Ward,-43.43176895261542,172.6961564272642,Entire home/apt,,2.0,26,2025-04-28,1.08,1,0,0,,2026-5,2026-09-17,507.0
1142999703340739833,Bernie's Guesthouse,197157096,Olivia,Christchurch City,Halswell Ward,-43.57615,172.56291,Entire home/apt,,1.0,138,2026-08-05,7.03,1,0,74,,2026-5,2026-09-17,43.0
46800217,Settlers Retreat (quiet oasis) with own entrance.,13349472,John Warwick,Christchurch City,Banks Peninsula Ward,-43.62929,172.65009,Entire home/apt,139.0,2.0,67,2026-02-25,1.02,1,152,7,,2026-5,2026-09-17,204.0
1303175953486529488,"Riverside Haven: City, Beer&Brew",664977374,Jack Anthony,Christchurch City,Central Ward,-43.52633,172.6483808,Entire home/apt,330.0,2.0,1,2024-12-06,0.05,1,72,0,,2026-5,2026-09-17,650.0
1264737313499568022,Incredible luxury 3 floors,86216394,Min,Christchurch City,Central Ward,-43.53360771704917,172.6484024129679,Entire home/apt,,1.0,0,,,42,0,0,,2026-5,2026-09-17,
698679672986567099,Church Bay Hideaway - Beach Access & Sea Views,26320955,Laura,Christchurch City,Banks Peninsula Ward,-43.633959914136426,172.71888077259064,Entire home/apt,341.0,1.0,235,2026-08-09,5.34,1,243,51,,2026-5,2026-09-17,39.0
1604214784756885753,North Avon Bright Modern Home Near CBD,49642171,Lily-SimplyHost,Christchurch City,Central Ward,-43.5178011,172.6522235,Entire home/apt,272.0,1.0,5,2026-06-09,0.8,97,347,5,,2026-5,2026-09-17,100.0
1057494426658475676,Casebrook Guest Suite - 5 min drive to airport,553364401,Timothy,Christchurch City,Harewood Ward,-43.469555970085935,172.6016340404749,Entire home/apt,,1.0,191,2026-07-03,6.0,1,0,58,,2026-5,2026-09-17,76.0
1061953839641410464,Betty place,139032017,Deepinder,Christchurch City,Burwood Ward,-43.51846,172.70659,Private room,,1.0,0,,,1,0,0,,2026-5,2026-09-17,
20139393,Snowberry Cottage @ Loch Sloy Farm Little River,42799059,Rob,Christchurch City,Banks Peninsula Ward,-43.7817,172.79195,Entire home/apt,160.0,1.0,191,2026-05-29,1.77,2,329,11,,2026-5,2026-09-17,111.0
1541663434633320587,"The Loft - Hot Tub, Views & Nature Escape",9061158,Elly,Christchurch City,Heathcote Ward,-43.56991,172.74702,Entire home/apt,440.0,1.0,5,2026-07-11,1.35,1,143,5,,2026-5,2026-09-17,68.0
1115455513371722902,Bayview Retreat - Your Tranquil Haven,275204353,Ulrike,Christchurch City,Banks Peninsula Ward,-43.63709,172.72243,Entire home/apt,183.0,2.0,88,2026-07-24,3.2,1,325,36,,2026-5,2026-09-17,55.0
1350171874683360737,Book a room in home - Tranquil Oasis close to city,164752883,Prachi,Christchurch City,Riccarton Ward,-43.53499339350306,172.58527701078782,Private room,78.0,1.0,0,,,1,363,0,,2026-5,2026-09-17,
36770920,Treetops Cottage,106088822,Barbara,Christchurch City,Banks Peninsula Ward,-43.79345,172.83375,Entire home/apt,176.0,2.0,304,2026-08-12,3.53,1,132,62,,2026-5,2026-09-17,36.0
1288148849284910546,The Sea-nic Place,353482567,Denise,Christchurch City,Coastal Ward,-43.50043863084985,172.72758452098,Private room,176.0,1.0,56,2026-04-25,2.7,1,253,28,,2026-5,2026-09-17,145.0
1677825634330988757,Waves & Wellness | Spa Pool + Parking,482671075,Care Property Stays,Christchurch City,Coastal Ward,-43.4949398,172.726053,Entire home/apt,200.0,1.0,17,2026-07-27,5.2,184,232,17,,2026-5,2026-09-17,52.0
1213421716456728073,Tranquil seaside summit retreat,584359919,Sandra And Daryn,Christchurch City,Heathcote Ward,-43.5771958,172.7509595,Entire home/apt,170.0,2.0,160,2026-07-27,7.62,1,180,97,,2026-5,2026-09-17,52.0
568949570277268481,Character and charm in a perfect location,45172785,The MAC Property Team,Christchurch City,Papanui Ward,-43.50333786010742,172.6168975830078,Entire home/apt,516.0,1.0,173,2026-01-22,3.3,46,35,10,,2026-5,2026-09-17,238.0
1415109376973610394,Ocean Views | 3BR Redcliffs Coastal Stay | Parking,202585247,Ohana,Christchurch City,Heathcote Ward,-43.5698711,172.7301574,Entire home/apt,242.0,1.0,52,2026-08-09,3.4,155,123,44,,2026-5,2026-09-17,39.0
31002610,warm house in south island,231538523,Mia,Christchurch City,Burwood Ward,-43.5045,172.69422,Entire home/apt,343.0,1.0,218,2026-06-21,2.35,1,166,17,,2026-5,2026-09-17,88.0
46421695,Private oasis with stunning views to native bush,6298490,Victoria,Christchurch City,Banks Peninsula Ward,-43.76174,172.8075,Entire home/apt,195.0,2.0,160,2026-07-18,2.34,1,210,41,,2026-5,2026-09-17,61.0
877765279118945674,"Sunny beachside retreat, Hot Pools,
Christchurch",404417379,Gregory,Christchurch City,Coastal Ward,-43.5036249,172.7293298,Entire home/apt,126.0,2.0,173,2026-07-18,4.35,1,274,59,,2026-5,2026-09-17,61.0
27374938,Paradise by the beach!,135150399,Toni,Christchurch City,Coastal Ward,-43.4788,172.71784,Private room,100.0,2.0,194,2026-03-28,1.99,2,279,1,,2026-5,2026-09-17,173.0
17560120,The Gatehouse at Greystones,119195642,Millie,Christchurch City,Hornby Ward,-43.5023,172.43362,Entire home/apt,175.0,1.0,583,2026-08-08,5.97,2,203,77,,2026-5,2026-09-17,40.0
872536912546992887,Beachside Escape – New Brighton Apartment,510565698,Kieran,Christchurch City,Coastal Ward,-43.5039339,172.7284552,Entire home/apt,236.0,1.0,48,2026-08-06,1.2,2,320,12,,2026-5,2026-09-17,42.0
1280757633294876729,Cosy room in a Beachside Timber Guesthouse #3,136520408,Anny,Christchurch City,Coastal Ward,-43.50880430179557,172.7223306008745,Private room,82.0,1.0,21,2026-05-24,1.03,4,132,9,,2026-5,2026-09-17,116.0
1298200643215909720,Forest View - Spacious & private full home retreat,77653030,Shayna,Christchurch City,Banks Peninsula Ward,-43.772718245767614,172.78269522749258,Entire home/apt,398.0,2.0,16,2026-07-18,0.81,1,205,7,,2026-5,2026-09-17,61.0
1626454454607688901,Seagulls n Surf,323087875,Sarah Jane,Christchurch City,Coastal Ward,-43.4957491,172.7164664,Entire home/apt,175.0,1.0,1,2026-08-06,1.0,1,358,1,,2026-5,2026-09-17,42.0
1317893481706192970,Cosy room in a Beachside Timber Guesthouse #5,105265867,Andrew,Christchurch City,Coastal Ward,-43.51028352609523,172.72159960428695,Private room,86.0,1.0,20,2026-04-22,1.01,8,101,8,,2026-5,2026-09-17,148.0
46328701,Le Bons Bay Beach House,288043923,Sophie,Christchurch City,Banks Peninsula Ward,-43.74227,173.09222,Entire home/apt,229.0,2.0,73,2026-05-09,1.07,1,314,13,,2026-5,2026-09-17,131.0
1504173086779310217,"Waimari Waves
Private ground floor studio",572202728,Angela,Christchurch City,Coastal Ward,-43.486116474588584,172.71888244897127,Private room,114.0,1.0,19,2026-04-05,2.01,1,265,19,,2026-5,2026-09-17,165.0
1626595649068743024,Seabell in South Brighton,274432528,Liz,Christchurch City,Coastal Ward,-43.52079636744504,172.73438192903996,Entire home/apt,274.0,1.0,20,2026-07-27,4.65,1,186,20,,2026-5,2026-09-17,52.0
1693846741277111930,Beachside Stay | Parking + EV Charger & Spa,482671075,Care Property Stays,Christchurch City,Coastal Ward,-43.4949398,172.726053,Entire home/apt,220.0,1.0,4,2026-07-12,1.71,184,245,4,,2026-5,2026-09-17,67.0
31196567,Coniston Cabin,97678070,Bizz,Christchurch City,Banks Peninsula Ward,-43.76781,172.79302,Entire home/apt,128.0,1.0,180,2026-04-06,1.94,1,28,32,,2026-5,2026-09-17,164.0
21476778,Beach Life Getaway!,64000277,Janice,Christchurch City,Coastal Ward,-43.48134231567383,172.72076416015625,Private room,135.0,1.0,152,2026-07-13,1.44,1,162,16,,2026-5,2026-09-17,66.0
29989360,Cockle Lane Beach Studio Two,225439420,Despina,Christchurch City,Coastal Ward,-43.48384,172.72264,Entire home/apt,289.0,1.0,67,2026-04-25,0.73,2,343,6,,2026-5,2026-09-17,145.0
46665510,Pocket of Paradise,170491934,Karyn,Christchurch City,Banks Peninsula Ward,-43.62822,172.74174,Entire home/apt,251.0,1.0,147,2026-07-08,2.14,1,70,21,,2026-5,2026-09-17,71.0
1307493043678679003,Cosy room in a Beachside Timber Guesthouse #4,105265867,Andrew,Christchurch City,Coastal Ward,-43.50831151259389,172.72122814663922,Private room,83.0,1.0,27,2026-07-22,1.32,8,150,12,,2026-5,2026-09-17,57.0
1545256753793398235,"Affordable, relaxing, private. Our happy place!",23084750,Bronnie And Andie,Christchurch City,Coastal Ward,-43.488884,172.7110978,Entire home/apt,122.0,3.0,11,2026-07-12,1.51,1,254,11,,2026-5,2026-09-17,67.0
35842951,#69 Romantic Waterfront Apt  4-Poster Bed & Spa,70726871,Darren,Christchurch City,Banks Peninsula Ward,-43.80863,172.96231,Hotel room,220.0,1.0,132,2026-07-05,1.65,22,240,27,,2026-5,2026-09-17,74.0
1703175930055733293,Discover the comfortable Corporate Twin Studio,749412607,Airport Gateway Christchurch,Christchurch City,Waimairi Ward,-43.499662854579185,172.55906024561827,Private room,279.0,1.0,1,2026-06-30,0.65,5,340,1,,2026-5,2026-09-17,79.0
1253190516988136077,Black Hut Retreat,100452974,Cheryl,Christchurch City,Heathcote Ward,-43.555366050820055,172.71729802839994,Entire home/apt,694.0,2.0,5,2026-02-19,0.26,1,288,1,,2026-5,2026-09-17,210.0
1326307687697196314,A peaceful haven,117634857,Frances,Christchurch City,Waimairi Ward,-43.50762,172.55149,Private room,128.0,1.0,53,2026-05-05,2.8,1,295,40,,2026-5,2026-09-17,135.0
1114903661155805101,Your Blissful Abode near Travis Wetlands,239700620,Larry N Megan,Christchurch City,Burwood Ward,-43.49316,172.69038,Private room,83.0,1.0,37,2026-08-06,1.29,3,32,13,,2026-5,2026-09-17,42.0
1617891945866832890,Modern Queen Room | WiFi & Full Kitchen | Quiet,203064866,Jamie,Christchurch City,Linwood Ward,-43.53263658193102,172.6827031522214,Private room,93.0,1.0,16,2026-07-05,2.62,2,270,16,,2026-5,2026-09-17,74.0
1109144959395988332,Your Cosy Sunny Cove near Travis Wetlands,239700620,Larry N Megan,Christchurch City,Burwood Ward,-43.49198902481829,172.69125306441802,Private room,61.0,1.0,58,2026-08-10,1.97,3,31,29,,2026-5,2026-09-17,38.0
1326377013431876284,Self-contained Unit @ Buddha Bungalow,6045148,Bruce,Christchurch City,Banks Peninsula Ward,-43.80957,172.88041,Entire home/apt,170.0,2.0,4,2026-02-07,0.22,1,364,1,,2026-5,2026-09-17,222.0
5936861,Your own Eco friendly bedroom + lounge unit,30825105,Shaun And Vanessa,Christchurch City,Banks Peninsula Ward,-43.76285,172.80538,Entire home/apt,174.0,2.0,411,2026-05-31,3.13,2,298,39,,2026-5,2026-09-17,109.0
842384898215984534,Cabino,962345,Rollo,Christchurch City,Banks Peninsula Ward,-43.78565,172.80874,Entire home/apt,368.0,1.0,1,2023-03-19,0.02,1,89,0,,2026-5,2026-09-17,1278.0
735615577129132475,1910 Shepherd's cottage,78041874,Lisa,Christchurch City,Banks Peninsula Ward,-43.78827,172.80742,Entire home/apt,221.0,2.0,56,2026-02-14,1.27,1,347,6,,2026-5,2026-09-17,215.0
1617830484060543250,Cozy coastal tiny house retreat,745378382,Lynley,Christchurch City,Coastal Ward,-43.51821,172.73073,Entire home/apt,155.0,2.0,10,2026-08-01,1.66,1,351,10,,2026-5,2026-09-17,47.0
1631422659869031000,Beachside appartment,748842252,Paul,Christchurch City,Coastal Ward,-43.5145162,172.7336462,Entire home/apt,164.0,1.0,1,2026-05-02,0.29,1,314,1,,2026-5,2026-09-17,138.0
12363747,Cozy Self-Contained Studio with Beachside Charm,66691457,Tracy,Christchurch City,Coastal Ward,-43.48418,172.72136,Entire home/apt,170.0,1.0,58,2026-04-16,0.72,1,75,4,,2026-5,2026-09-17,154.0
1526663271772493743,Modern 3BR 2.5Bath Retreat|Sleeps 8|Near Airport,151763245,Karen,Christchurch City,Waimairi Ward,-43.5002,172.5672,Entire home/apt,382.0,1.0,70,2026-06-09,7.09,1,174,70,,2026-5,2026-09-17,100.0
1636724234290836143,Robin Hood Bay Farm House,750195039,Emma,Christchurch City,Banks Peninsula Ward,-43.8309556,172.8150155,Entire home/apt,483.0,1.0,0,,,1,361,0,,2026-5,2026-09-17,
977777342591287332,Christchurch Bright Private Room Near Airport,170865743,Fang,Christchurch City,Waimairi Ward,-43.51444,172.5611,Private room,97.0,2.0,7,2026-01-04,0.2,4,106,2,,2026-5,2026-09-17,256.0
776299880968318243,Modern Indoor/Outdoor Living in Burwood,201964581,Thomas,Christchurch City,Burwood Ward,-43.478002223382695,172.67507310824303,Entire home/apt,446.0,2.0,12,2026-04-12,0.61,1,22,10,,2026-5,2026-09-17,158.0
855824410311713641,Burnside Launchpad,8928964,Karl,Christchurch City,Waimairi Ward,-43.49835,172.56755,Entire home/apt,109.0,1.0,108,2026-08-11,2.86,1,26,39,,2026-5,2026-09-17,37.0
996706136833322111,C-Side-R (Modern Beachfront Living),64394181,Cherie,Christchurch City,Coastal Ward,-43.50833,172.73143,Entire home/apt,187.0,2.0,95,2026-08-12,2.78,1,291,24,,2026-5,2026-09-17,36.0
1122983867587005183,Your Whispering Grove near Travis Wetlands,239700620,Larry N Megan,Christchurch City,Burwood Ward,-43.49200081057242,172.69124764949083,Private room,93.0,1.0,38,2026-07-23,1.33,3,33,16,,2026-5,2026-09-17,56.0
49201627,Spacious and Private,396881798,Chris,Christchurch City,Burwood Ward,-43.47649,172.67465,Entire home/apt,111.0,1.0,23,2026-07-07,0.36,1,14,4,,2026-5,2026-09-17,72.0
50829465,Lavandula 4 Bedroom,24205506,"Mayie, Judi And Karen At Bookahome",Christchurch City,Waimairi Ward,-43.49878,172.55842,Entire home/apt,303.0,2.0,26,2026-04-16,0.42,81,341,3,,2026-5,2026-09-17,154.0
1590299308724549229,Governor's Bay Paradise,371205994,Theresa Katherine Eve,Christchurch City,Banks Peninsula Ward,-43.6249146,172.6470868,Entire home/apt,531.0,1.0,0,,,1,22,0,,2026-5,2026-09-17,
51967635,Garden View Studio,97876830,La Rochelle,Christchurch City,Banks Peninsula Ward,-43.80187,172.97091,Private room,200.0,1.0,35,2026-07-03,0.61,2,344,8,,2026-5,2026-09-17,76.0
1525039037725322326,Kohunga - Modern coastal retreat,166072656,Beck,Christchurch City,Banks Peninsula Ward,-43.6495363,172.8361412,Entire home/apt,338.0,2.0,12,2026-08-08,1.39,1,115,12,,2026-5,2026-09-17,40.0
48149313,"Modern, self-contained unit in a restful setting.",36107689,Simon,Christchurch City,Banks Peninsula Ward,-43.7475,172.82748,Entire home/apt,211.0,2.0,46,2026-04-04,0.7,1,177,8,,2026-5,2026-09-17,166.0
23504695,Pōhue PurePod,22739927,PurePods,Christchurch City,Banks Peninsula Ward,-43.67181,172.78756,Entire home/apt,633.0,1.0,33,2025-11-23,0.35,16,360,2,,2026-5,2026-09-17,298.0
38498546,Avonhead Studio Just 5 minutes from the airport.,166058915,Maurice,Christchurch City,Waimairi Ward,-43.51043,172.55376,Entire home/apt,110.0,1.0,843,2026-08-06,10.03,1,137,120,,2026-5,2026-09-17,42.0
44926806,Kereru Haven: Pigeon Bay home with a view,362879771,Natasha,Christchurch City,Banks Peninsula Ward,-43.67692,172.8806,Entire home/apt,330.0,2.0,199,2026-08-08,2.79,1,199,35,,2026-5,2026-09-17,40.0
48081652,Kaihope Cottage,246642111,Annabel And Clare & Richard,Christchurch City,Banks Peninsula Ward,-43.6492,172.81929,Entire home/apt,200.0,2.0,60,2026-07-11,0.92,1,350,15,,2026-5,2026-09-17,68.0
632676662518375173,Delightful Dolphin 'Lodge',61298318,Hollie,Christchurch City,Banks Peninsula Ward,-43.804573,172.988098,Entire home/apt,158.0,1.0,64,2026-06-19,1.25,1,164,35,,2026-5,2026-09-17,90.0
1425927653473712535,5 Minutes Airport 4 Bedrooms 8 Guests,695191864,John,Christchurch City,Waimairi Ward,-43.50581469999999,172.5695731,Entire home/apt,348.0,1.0,32,2026-08-08,2.53,1,20,29,,2026-5,2026-09-17,40.0
40014649,"Number One Archdalls,
Robinsons Bay",86033053,Amy,Christchurch City,Banks Peninsula Ward,-43.76103,172.95207,Entire home/apt,300.0,1.0,660,2026-08-08,8.12,1,248,84,,2026-5,2026-09-17,40.0
1410484574087764324,"Tranquil Bay Family Retreat | Relax, Recharge",24205506,"Mayie, Judi And Karen At Bookahome",Christchurch City,Banks Peninsula Ward,-43.75504856944127,172.94497131192003,Entire home/apt,264.0,2.0,12,2026-06-15,0.94,81,340,11,,2026-5,2026-09-17,94.0
4711783,Takamatua Lavender Loft,24350479,Rebecca,Christchurch City,Banks Peninsula Ward,-43.7841,172.97777,Entire home/apt,216.0,2.0,83,2026-07-12,1.55,2,350,21,,2026-5,2026-09-17,67.0
9392387,Birdsong Lodge,47575189,Tanya,Christchurch City,Banks Peninsula Ward,-43.7263,172.78377,Entire home/apt,406.0,2.0,296,2026-07-26,2.29,1,322,12,,2026-5,2026-09-17,53.0
1391576532660811687,Overleigh Homestead,127379295,John,Christchurch City,Banks Peninsula Ward,-43.66080714228149,172.8100438666135,Entire home/apt,325.0,2.0,11,2026-07-11,0.72,3,342,8,,2026-5,2026-09-17,68.0
1333812432304697985,Room with Queen Size bed - bedroom 1,173308474,Dawn,Christchurch City,Waimairi Ward,-43.50071326452485,172.56605010818723,Private room,63.0,1.0,129,2026-07-15,6.77,3,263,74,,2026-5,2026-09-17,64.0
1373428497052833149,Spacious home close to the waterfront,248359085,Andy,Christchurch City,Banks Peninsula Ward,-43.8135157980429,172.96247668772094,Entire home/apt,404.0,2.0,34,2026-07-26,2.13,1,301,30,,2026-5,2026-09-17,53.0
1419954262725071323,Hillsborough 3-Bed Family Retreat | Entertainment,49642171,Lily-SimplyHost,Christchurch City,Heathcote Ward,-43.5615844,172.6772681,Entire home/apt,,1.0,32,2026-08-07,2.29,97,0,30,,2026-5,2026-09-17,41.0
988971548453341410,Takamatua Holiday Home,537639282,Judith,Christchurch City,Banks Peninsula Ward,-43.78449,172.95071,Entire home/apt,453.0,1.0,34,2026-07-10,0.98,6,217,12,,2026-5,2026-09-17,69.0
1139450302238716947,Overleigh Shearers' Quarters,127379295,John,Christchurch City,Banks Peninsula Ward,-43.66141,172.80837,Entire home/apt,165.0,1.0,99,2026-08-12,3.69,3,345,36,,2026-5,2026-09-17,36.0
1265643560225251913,Magdalena’s French Cottage Akaroa. Pet friendly.,64593001,Shelley,Christchurch City,Banks Peninsula Ward,-43.801150710953735,172.97605901956558,Entire home/apt,265.0,1.0,92,2026-07-25,4.21,1,141,59,,2026-5,2026-09-17,54.0
1049690496785725722,Hilltop Hideaway Akaroa,92070095,Philippa,Christchurch City,Banks Peninsula Ward,-43.81054,172.97109,Entire home/apt,229.0,2.0,89,2026-05-18,2.79,1,208,22,,2026-5,2026-09-17,122.0
53747019,Cosy  1-bedroom self contained guest cabin,376924646,Kerry,Christchurch City,Banks Peninsula Ward,-43.80925,172.90809,Entire home/apt,135.0,2.0,116,2026-05-31,2.09,1,353,15,,2026-5,2026-09-17,109.0
41158752,Kanuka Retreat,10953991,Peter,Christchurch City,Banks Peninsula Ward,-43.8029,172.9882,Entire home/apt,188.0,1.0,239,2026-08-08,3.3,3,294,16,,2026-5,2026-09-17,40.0
979855121206754601,Left-side Private Guest Studio-No cleaning fee,537007306,Po-Wen,Christchurch City,Harewood Ward,-43.48317,172.56164,Entire home/apt,129.0,1.0,258,2026-07-08,7.83,2,163,62,,2026-5,2026-09-17,71.0
773979923937128991,Glenwood Akaroa Bush Retreat - Kanuka Hut,159130015,Jenny,Christchurch City,Banks Peninsula Ward,-43.80802843600328,172.99700053649292,Entire home/apt,232.0,1.0,38,2026-07-31,0.86,2,352,20,,2026-5,2026-09-17,48.0
16932670,Romantic Shepherds Hut at Coombe Farm B&B,33238586,Kathrine,Christchurch City,Banks Peninsula Ward,-43.78659,172.9838,Entire home/apt,245.0,1.0,408,2026-04-28,3.64,2,293,45,,2026-5,2026-09-17,142.0
20159264,Hawthornden Studio - Rural Retreat In ChCh City,143455926,Sarah,Christchurch City,Waimairi Ward,-43.50211,172.55357,Entire home/apt,189.0,1.0,851,2026-08-04,7.79,1,119,80,,2026-5,2026-09-17,44.0
879229537631874283,Robinson's Bay Lifestyle,426704386,Kimberley,Christchurch City,Banks Peninsula Ward,-43.76146,172.96074,Entire home/apt,269.0,2.0,44,2026-07-15,1.17,1,261,12,,2026-5,2026-09-17,64.0
13434509,"Coombe Farm, B&B, Akaroa, Banks Peninsula",33238586,Kathrine,Christchurch City,Banks Peninsula Ward,-43.78468,172.98529,Private room,283.0,2.0,173,2026-04-29,1.48,2,243,37,,2026-5,2026-09-17,141.0
32795092,Spectacular views at Wainui Waterfront Haven,13965413,Sarah,Christchurch City,Banks Peninsula Ward,-43.81904,172.90317,Entire home/apt,272.0,2.0,176,2026-07-12,1.99,1,227,29,,2026-5,2026-09-17,67.0
658372698395586164,"Charming Rose Cottage, Akaroa",233725674,Lucy,Christchurch City,Banks Peninsula Ward,-43.80044,172.97626,Entire home/apt,270.0,2.0,177,2026-07-16,3.56,2,298,34,,2026-5,2026-09-17,63.0
1148170805108041713,"Leafy 2BR Studio, 10 mins to airport",404266756,Alison,Christchurch City,Waimairi Ward,-43.50085,172.55899,Entire home/apt,211.0,1.0,239,2026-07-31,8.73,1,164,116,,2026-5,2026-09-17,48.0
1159012037387316428,Cosy self-contained unit,578174241,Stony Bay Retreat,Christchurch City,Banks Peninsula Ward,-43.81717000808772,172.98814932565614,Entire home/apt,300.0,1.0,12,2026-02-28,0.52,1,163,8,,2026-5,2026-09-17,201.0
1599518248005017272,Akaroa Streamside Retreat • Hot Tub • Valley Views,583798543,Simon,Christchurch City,Banks Peninsula Ward,-43.81163,172.96733,Entire home/apt,388.0,2.0,22,2026-08-01,3.86,1,93,22,,2026-5,2026-09-17,47.0
47816522,King Studio at Airways Motel,341679977,Jeff,Christchurch City,Waimairi Ward,-43.5192,172.53539,Private room,193.0,1.0,6,2023-07-29,0.11,2,362,0,,2026-5,2026-09-17,1146.0
1549037938084250156,Yaldhurst Hideaway,177778821,Julie,Christchurch City,Hornby Ward,-43.52070202408268,172.52212934195995,Entire home/apt,184.0,1.0,47,2026-08-12,5.2,1,41,47,,2026-5,2026-09-17,36.0
1703864993376543128,"Perfect for families or groups, two bed apartment",749412607,Airport Gateway Christchurch,Christchurch City,Waimairi Ward,-43.49825,172.55981,Private room,279.0,1.0,1,2026-07-10,0.83,5,348,1,,2026-5,2026-09-17,69.0
25464282,Peaceful paradise,22963739,Jacqui,Christchurch City,Banks Peninsula Ward,-43.81195,172.96162,Entire home/apt,260.0,1.0,130,2026-05-31,1.33,2,228,10,,2026-5,2026-09-17,109.0
922211642533316727,Wharfside Apartment,310504522,Andrew,Christchurch City,Banks Peninsula Ward,-43.8101125,172.9617198,Entire home/apt,180.0,1.0,136,2026-08-05,3.79,1,277,39,,2026-5,2026-09-17,43.0
1519800349618644901,La Vue - Boutique Waterfront Apartment,721188230,Michelle,Christchurch City,Banks Peninsula Ward,-43.80907243460973,172.9618957661316,Entire home/apt,436.0,1.0,26,2026-07-18,2.61,1,195,26,,2026-5,2026-09-17,61.0
50045889,#70 The Penthouse Suite,70726871,Darren,Christchurch City,Banks Peninsula Ward,-43.80892,172.96117,Entire home/apt,300.0,1.0,55,2026-07-28,0.89,22,287,15,,2026-5,2026-09-17,51.0
693588539843713850,Glenwood Akaroa Bush Retreat,159130015,Jenny,Christchurch City,Banks Peninsula Ward,-43.8085,172.99923,Entire home/apt,232.0,1.0,42,2026-04-18,0.95,2,325,13,,2026-5,2026-09-17,152.0
33232168,Eclectic Cottage 2 minutes to airport,62684840,Sharon,Christchurch City,Waimairi Ward,-43.50461,172.56226,Entire home/apt,195.0,1.0,340,2026-08-07,3.78,1,298,74,,2026-5,2026-09-17,41.0
1345128029279658710,Perfect 1-Bedroom Retreat Near the Airport,551181197,Paula Kat Charlotte,Christchurch City,Waimairi Ward,-43.507641,172.5693324,Entire home/apt,183.0,1.0,49,2026-06-28,2.65,177,321,30,,2026-5,2026-09-17,81.0
52537281,#71 The Penthouse Suite,70726871,Darren,Christchurch City,Banks Peninsula Ward,-43.81016,172.96106,Private room,300.0,1.0,41,2026-07-05,0.71,22,289,11,,2026-5,2026-09-17,74.0
1391046801701974472,Seaside sanctuary with spa,14691243,Chris,Christchurch City,Banks Peninsula Ward,-43.7959394692492,172.91849474127807,Entire home/apt,823.0,2.0,31,2026-07-12,2.04,1,301,26,,2026-5,2026-09-17,67.0
1061831977473227709,Children's Bay Exclusive - Akaroa,599729683,Grand Hotel Akaroa,Christchurch City,Banks Peninsula Ward,-43.79834,172.96314,Entire home/apt,571.0,1.0,94,2026-07-11,3.01,6,340,30,,2026-5,2026-09-17,68.0
1543394950742402693,Seaview Family Stay- 2 min walk to waterfront,24205506,"Mayie, Judi And Karen At Bookahome",Christchurch City,Banks Peninsula Ward,-43.81019,172.96174,Entire home/apt,331.0,2.0,12,2026-07-24,1.5,81,327,12,,2026-5,2026-09-17,55.0
1429955726656838456,Sun Baked Duvachelle's Views,697723531,Cheryl,Christchurch City,Banks Peninsula Ward,-43.7603459,172.9476981,Entire home/apt,386.0,2.0,5,2026-02-14,0.68,1,331,5,,2026-5,2026-09-17,215.0
1182371131632736897,Peaceful holiday home in Duvauchelles,42199625,Maree,Christchurch City,Banks Peninsula Ward,-43.7469573,172.9322358,Entire home/apt,265.0,2.0,20,2026-04-07,0.82,2,342,8,,2026-5,2026-09-17,163.0
45549098,3 Bedroom House,98758734,North South Holiday Park,Christchurch City,Harewood Ward,-43.4716,172.56983,Entire home/apt,269.0,1.0,4,2022-10-31,0.07,20,292,0,,2026-5,2026-09-17,1417.0
1400604223708523632,Cosy Tiny Home – Peaceful Paddock Stay,482671075,Care Property Stays,Christchurch City,Harewood Ward,-43.5081935,172.4761624,Entire home/apt,191.0,1.0,17,2026-07-27,1.22,184,60,14,,2026-5,2026-09-17,52.0
33344121,Quiet haven near airport.,251181579,Joy,Christchurch City,Waimairi Ward,-43.51108,172.55383,Private room,120.0,1.0,120,2026-08-04,1.34,1,115,29,,2026-5,2026-09-17,44.0
744320032123049205,Freshly Renovated House in Fendalton,17433821,Samantha,Christchurch City,Fendalton Ward,-43.5152,172.60174,Entire home/apt,316.0,2.0,39,2026-03-03,0.85,1,96,10,,2026-5,2026-09-17,198.0
46627912,Stylish Seaview Villa perched above Akaroa,156839737,Zane,Christchurch City,Banks Peninsula Ward,-43.79892,172.96755,Entire home/apt,675.0,1.0,312,2026-07-11,4.6,5,177,37,,2026-5,2026-09-17,68.0
593743172640289395,Hector's Tiny House - Akaroa Holiday Home,145244100,Bachcare,Christchurch City,Banks Peninsula Ward,-43.76267,172.94449,Entire home/apt,,2.0,25,2026-08-08,0.3,1231,361,12,,2026-5,2026-09-17,40.0
34318008,Tahi House – 2 Bedroom Retreat with Private Garden,259085786,Helen,Christchurch City,Waimairi Ward,-43.50422,172.56064,Entire home/apt,264.0,1.0,238,2026-07-08,2.89,1,229,49,,2026-5,2026-09-17,71.0
1399585665487879546,Maison de Marianne,17020060,Marianne,Christchurch City,Banks Peninsula Ward,-43.80691784985575,172.9699825430664,Entire home/apt,297.0,1.0,25,2026-07-10,1.55,1,140,22,,2026-5,2026-09-17,69.0
33316094,Lovely guess cottage close to Airport,145686302,Anali,Christchurch City,Waimairi Ward,-43.49157,172.5692,Entire home/apt,104.0,4.0,93,2026-07-09,1.27,1,122,11,,2026-5,2026-09-17,70.0
52844357,Vintage Decor Caravan,56150980,Lynnie,Christchurch City,Banks Peninsula Ward,-43.80574,172.98993,Private room,70.0,2.0,12,2024-12-31,0.21,3,364,0,,2026-5,2026-09-17,625.0
35844335,#25 The Bruce Waterfront Apartments by AVI,70726871,Darren,Christchurch City,Banks Peninsula Ward,-43.81013,172.96066,Hotel room,260.0,1.0,53,2026-08-09,0.89,22,268,32,,2026-5,2026-09-17,39.0
997406387895535931,Valley View - Paradise in Wainui,45842834,Lucy,Christchurch City,Banks Peninsula Ward,-43.80739,172.90368,Entire home/apt,389.0,2.0,48,2026-03-05,1.43,1,317,9,,2026-5,2026-09-17,196.0
959676520557116080,5. Single room - Downstairs,184564246,Tung,Christchurch City,Waimairi Ward,-43.4974633,172.5653503,Private room,69.0,1.0,84,2026-04-02,2.37,5,236,17,,2026-5,2026-09-17,168.0
26607644,Akaroa Retreat Gatekeepers Cottage,10953991,Peter,Christchurch City,Banks Peninsula Ward,-43.80371,172.98709,Entire home/apt,264.0,1.0,197,2026-07-04,2.13,3,256,10,,2026-5,2026-09-17,75.0
1429956075522204865,Harewood Haven with Super King bed,140303354,Lucas,Christchurch City,Harewood Ward,-43.47974052834015,172.5622014754481,Entire home/apt,103.0,1.0,63,2026-08-08,5.05,1,82,61,,2026-5,2026-09-17,40.0
24233643,French Bay House - Mt Bossu Room,130642642,Tim And Jacqui,Christchurch City,Banks Peninsula Ward,-43.80844,172.96245,Hotel room,300.0,1.0,47,2026-05-21,0.51,4,208,11,,2026-5,2026-09-17,119.0
1555507338450228734,Harbour Views in the heart of Akaroa,543198937,Lucy,Christchurch City,Banks Peninsula Ward,-43.81045787880396,172.969973411508,Entire home/apt,490.0,1.0,5,2026-07-18,1.2,1,275,5,,2026-5,2026-09-17,61.0
34067826,2 bedroom self contained unit,118258506,Michelle,Christchurch City,Banks Peninsula Ward,-43.80128,172.97057,Entire home/apt,206.0,2.0,359,2026-08-01,4.07,1,162,35,,2026-5,2026-09-17,47.0
28517864,Three beautiful rooms give you a comfortable feel.,114475989,Vince,Christchurch City,Hornby Ward,-43.52044,172.53391,Private room,316.0,1.0,157,2026-07-12,1.64,4,198,21,,2026-5,2026-09-17,67.0
1178567676258813098,"Private, own entrance, guest suite",7644479,Barbara,Christchurch City,Waimairi Ward,-43.51289,172.56588,Private room,105.0,1.0,244,2026-08-01,9.59,1,12,117,,2026-5,2026-09-17,47.0
1460760931643530475,Sumner Beach Front House,53109097,Tim,Christchurch City,Heathcote Ward,-43.56946352039458,172.76138639999996,Entire home/apt,206.0,5.0,3,2026-05-18,0.4,1,83,3,,2026-5,2026-09-17,122.0
593743323294587097,Kotare Point Paradise - Akaroa Holiday Home,145244100,Bachcare,Christchurch City,Banks Peninsula Ward,-43.78454,172.94965,Entire home/apt,,2.0,9,2024-02-10,0.11,1231,363,0,,2026-5,2026-09-17,950.0
710948262069320811,Akaroa Harbour Views | Sunny 3-Bedroom Retreat,77175072,Rachael,Christchurch City,Banks Peninsula Ward,-43.806072,172.971893,Entire home/apt,358.0,2.0,99,2026-07-11,2.11,1,339,21,,2026-5,2026-09-17,68.0
1664230268685829057,Affordable 4BR Home Near Airport | Sleeps 8,49642171,Lily-SimplyHost,Christchurch City,Waimairi Ward,-43.51187,172.55377,Entire home/apt,467.0,1.0,2,2026-07-09,1.5,97,355,2,,2026-5,2026-09-17,70.0
1616981815826429035,Ensuite with Spa Bathtub / Close to Airport,661507438,Young,Christchurch City,Waimairi Ward,-43.50593,172.56887,Private room,113.0,1.0,18,2026-04-23,3.09,2,140,18,,2026-5,2026-09-17,147.0
1722968604122497519,Unique Character Home in the Heart of Akaroa,22963739,Jacqui,Christchurch City,Banks Peninsula Ward,-43.81221439999999,172.9614765,Entire home/apt,373.0,1.0,0,,,2,199,0,,2026-5,2026-09-17,
42908593,Two Bedroom Townhouse at Airways Motel,341679977,Jeff,Christchurch City,Waimairi Ward,-43.519215,172.535065,Entire home/apt,348.0,1.0,11,2024-07-22,0.14,2,352,0,,2026-5,2026-09-17,787.0
37122552,The Grandstand - French Farm Holiday Home,145244100,Bachcare,Christchurch City,Banks Peninsula Ward,-43.78801,172.9065,Entire home/apt,,2.0,17,2026-05-31,0.21,1231,363,1,,2026-5,2026-09-17,109.0
32504694,Warm & Cosy Airport Apartment - Self Check-In,244242301,Hazel And Trevor,Christchurch City,Waimairi Ward,-43.51147,172.54075,Entire home/apt,181.0,2.0,452,2026-08-02,4.98,1,223,77,,2026-5,2026-09-17,46.0
1599615301261661750,Renard Retreat,21245809,Craig & Kellie,Christchurch City,Banks Peninsula Ward,-43.8094928,172.9718994,Entire home/apt,,2.0,6,2026-07-06,1.06,1,212,6,,2026-5,2026-09-17,73.0
750379744089215466,French Bay House - Raupo Room,130642642,Tim And Jacqui,Christchurch City,Banks Peninsula Ward,-43.81022,172.96406,Private room,300.0,1.0,1,2026-01-30,0.15,4,229,1,,2026-5,2026-09-17,230.0
34092924,Seaclusion - Great for Multigenerational Families,257443958,Annette,Christchurch City,Banks Peninsula Ward,-43.80634,172.97249,Entire home/apt,399.0,2.0,160,2026-08-08,1.82,3,282,24,,2026-5,2026-09-17,40.0
1050226937718084984,"Views + Quiet, Akaroa Retreat- pet friendly",24205506,"Mayie, Judi And Karen At Bookahome",Christchurch City,Banks Peninsula Ward,-43.81078,172.96749,Entire home/apt,306.0,2.0,24,2026-07-18,0.8,81,201,8,,2026-5,2026-09-17,61.0
53564132,Your own spacious studio near the Airport,238665849,Hiroshi,Christchurch City,Waimairi Ward,-43.51778,172.56057,Entire home/apt,122.0,2.0,126,2026-07-16,2.21,1,203,27,,2026-5,2026-09-17,63.0
5385328,Tranquil and relaxing Lavender Studio,24350479,Rebecca,Christchurch City,Banks Peninsula Ward,-43.78376,172.97608,Entire home/apt,235.0,2.0,164,2026-03-08,1.17,2,336,12,,2026-5,2026-09-17,193.0
43582497,LyLo Ensuite Family Room,368461906,Alexandria,Christchurch City,Harewood Ward,-43.48946,172.54867,Private room,224.0,1.0,11,2026-03-15,0.25,13,328,3,,2026-5,2026-09-17,186.0
24233834,French Bay House - Ōnawe King Suite,130642642,Tim And Jacqui,Christchurch City,Banks Peninsula Ward,-43.80896,172.96283,Hotel room,300.0,1.0,15,2026-05-01,0.27,4,241,6,,2026-5,2026-09-17,139.0
1409191524155886363,"Imagine - Morning ski, Dusk surf",586510245,Margaret,Christchurch City,Heathcote Ward,-43.573471283065544,172.77056296921378,Entire home/apt,560.0,3.0,3,2026-01-07,0.34,1,351,3,,2026-5,2026-09-17,253.0
1639858765445789842,"Tiny House w/ Views, Akaroa NZ",720465840,GlampingHub,Christchurch City,Banks Peninsula Ward,-43.67607708608889,172.99534967962728,Entire home/apt,354.0,2.0,3,2026-08-01,2.57,9,320,3,,2026-5,2026-09-17,47.0
721292427895248402,Camellia Cottage by the sea.,424362646,Zelda,Christchurch City,Banks Peninsula Ward,-43.81056,172.96073,Entire home/apt,206.0,2.0,108,2026-05-18,2.37,1,135,15,,2026-5,2026-09-17,122.0
768487037167064237,Le Bons Bay - The old hall,464252537,Paul,Christchurch City,Banks Peninsula Ward,-43.76331,173.0614,Entire home/apt,365.0,2.0,30,2026-07-11,0.68,1,285,9,,2026-5,2026-09-17,68.0
1533704437617300694,Relax and Unwind at Our Duvauchelle Bach,306023540,Barry,Christchurch City,Banks Peninsula Ward,-43.75522985135089,172.94540928431616,Entire home/apt,226.0,2.0,12,2026-07-14,1.31,1,168,12,,2026-5,2026-09-17,65.0
24233719,French Bay House - Onuku King Suite,130642642,Tim And Jacqui,Christchurch City,Banks Peninsula Ward,-43.80903,172.96288,Hotel room,300.0,1.0,24,2026-04-18,0.25,4,229,2,,2026-5,2026-09-17,152.0
977777333272385964,Christchurch Work Friendly Room,170865743,Fang,Christchurch City,Waimairi Ward,-43.51303,172.55987,Private room,97.0,2.0,6,2026-02-15,0.19,4,89,1,,2026-5,2026-09-17,214.0
1035679923207298025,Luxury Ocean View Retreat | Private Beach,131004794,Annabel,Christchurch City,Banks Peninsula Ward,-43.67802,173.03795,Entire home/apt,473.0,2.0,170,2026-08-06,5.32,2,170,65,,2026-5,2026-09-17,42.0
1181402666717871385,Right-side Private Guest Studio-No cleaning fee,537007306,Po-Wen,Christchurch City,Harewood Ward,-43.48343,172.56115,Entire home/apt,135.0,1.0,134,2026-07-05,6.18,2,123,84,,2026-5,2026-09-17,74.0
1219080913433015718,"The Red House, Pigeon Bay",7815883,Elena,Christchurch City,Banks Peninsula Ward,-43.6846435,172.8905194,Entire home/apt,250.0,1.0,41,2026-07-19,1.73,1,157,25,,2026-5,2026-09-17,60.0
1135656937970459557,Akaroa Walnut Retreat,572511188,Roger,Christchurch City,Banks Peninsula Ward,-43.80945,172.96405,Entire home/apt,660.0,2.0,25,2026-07-14,1.12,1,126,16,,2026-5,2026-09-17,65.0
27936778,Overton Cottage - Akaroa Holiday Home,145244100,Bachcare,Christchurch City,Banks Peninsula Ward,-43.79323,172.97018,Entire home/apt,,2.0,15,2025-12-28,0.16,1231,363,2,,2026-5,2026-09-17,263.0
45414665,Family Bach on Woodills,367284717,Victoria,Christchurch City,Banks Peninsula Ward,-43.80033,172.97273,Entire home/apt,290.0,2.0,52,2026-02-28,0.74,2,242,9,,2026-5,2026-09-17,201.0
18815287,Banks Peninsula Heritage Farmhouse | Sleeps 17,131004794,Annabel,Christchurch City,Banks Peninsula Ward,-43.67506,173.01616,Entire home/apt,689.0,2.0,98,2026-07-22,0.88,2,227,15,,2026-5,2026-09-17,57.0
1580851527434824325,Coastal Cabin With Ocean Views & Spa,98883601,Claire,Christchurch City,Heathcote Ward,-43.57956,172.77319,Entire home/apt,203.0,1.0,56,2026-07-31,7.92,1,232,56,,2026-5,2026-09-17,48.0
5787709,The Velvet Suite,21073822,Sue And Greg,Christchurch City,Harewood Ward,-43.47665,172.56715,Entire home/apt,325.0,1.0,29,2026-05-30,0.21,2,185,5,,2026-5,2026-09-17,110.0
1568383226125227879,"Lucky number 8, 4br. free parking close to Airport",431781991,Alistair Natalie,Christchurch City,Waimairi Ward,-43.5012,172.56639,Entire home/apt,347.0,1.0,13,2026-07-19,1.69,2,323,13,,2026-5,2026-09-17,60.0
1329359601082111306,Single Room 3,173308474,Dawn,Christchurch City,Waimairi Ward,-43.49897114335805,172.56445876448242,Private room,58.0,1.0,113,2026-08-08,5.94,3,259,61,,2026-5,2026-09-17,40.0
21731055,Rustic Cabin,158251762,Fiona Grace,Christchurch City,Banks Peninsula Ward,-43.71518,172.8968,Entire home/apt,184.0,1.0,443,2026-07-11,4.24,2,268,29,,2026-5,2026-09-17,68.0
1100966719806807919,Escape to Duvauchelle,7583750,Stephanie,Christchurch City,Banks Peninsula Ward,-43.75790076314373,172.94439964232788,Entire home/apt,390.0,2.0,29,2026-07-18,1.14,1,206,15,,2026-5,2026-09-17,61.0
52209891,Historic Shipping Office - Akaroa,599729683,Grand Hotel Akaroa,Christchurch City,Banks Peninsula Ward,-43.80881,172.96264,Entire home/apt,458.0,1.0,52,2026-05-02,0.89,6,286,5,,2026-5,2026-09-17,138.0
22193925,One Bedroom Spa Bath Apartment,44728588,Anita Marie,Christchurch City,Papanui Ward,-43.485,172.61692,Hotel room,208.0,1.0,4,2025-03-12,0.04,6,355,0,,2026-5,2026-09-17,554.0
45639036,#72 3 Bedroom Apt with partial Water Views,70726871,Darren,Christchurch City,Banks Peninsula Ward,-43.80867,172.9612,Entire home/apt,200.0,1.0,64,2026-07-18,0.91,22,212,11,,2026-5,2026-09-17,61.0
1633499429177254375,Raupo Beach Retreat,70878697,Joanna,Christchurch City,Banks Peninsula Ward,-43.66201,173.02608,Entire home/apt,1057.0,2.0,1,2026-03-11,0.19,2,176,1,,2026-5,2026-09-17,190.0
23279192,Queen Bed - bedroom 2,173308474,Dawn,Christchurch City,Waimairi Ward,-43.4995527,172.5654651,Private room,66.0,1.0,166,2026-07-30,8.75,3,257,98,,2026-5,2026-09-17,49.0
1202405045220430039,Les Troupes Maison des Papillons,70726871,Darren,Christchurch City,Banks Peninsula Ward,-43.81057,172.96199,Entire home/apt,270.0,1.0,5,2026-05-30,0.27,22,194,3,,2026-5,2026-09-17,110.0
1577812555967440017,Private Guest Suite in Quiet Avonhead Cul-de-Sac,105498827,Karen,Christchurch City,Waimairi Ward,-43.50783524550181,172.56046603529438,Entire home/apt,115.0,1.0,74,2026-07-27,10.14,1,59,74,,2026-5,2026-09-17,52.0
737452,Mumfords Akaroa,3851282,Nicky,Christchurch City,Banks Peninsula Ward,-43.82343,172.94643,Entire home/apt,405.0,2.0,103,2026-07-31,0.67,1,182,4,,2026-5,2026-09-17,48.0
1153097663982764201,#65 La Voyageur Waterfront Apts by AVI,70726871,Darren,Christchurch City,Banks Peninsula Ward,-43.81014,172.96055,Entire home/apt,288.0,1.0,2,2026-05-23,0.23,22,187,2,,2026-5,2026-09-17,117.0
1153081911739732658,#62 The Turret - La Voyageur Waterfront Apts,70726871,Darren,Christchurch City,Banks Peninsula Ward,-43.80865,172.96226,Entire home/apt,288.0,1.0,29,2026-07-28,1.06,22,162,9,,2026-5,2026-09-17,51.0
40265231,Stunning sea views in Akaroa township,311028057,John,Christchurch City,Banks Peninsula Ward,-43.79912,172.97038,Entire home/apt,329.0,2.0,83,2026-03-01,1.02,1,128,11,,2026-5,2026-09-17,200.0
39337939,Villa Heights . Native Bush and birdsong,210006890,Stuart,Christchurch City,Banks Peninsula Ward,-43.81054,172.97323,Entire home/apt,420.0,2.0,98,2026-04-06,1.21,1,252,9,,2026-5,2026-09-17,164.0
36774423,#55 The Captains Cottage Waterview Apt by AVI,70726871,Darren,Christchurch City,Banks Peninsula Ward,-43.80857,172.96068,Hotel room,230.0,1.0,60,2026-07-18,0.71,22,269,4,,2026-5,2026-09-17,61.0
37497062,#8 Jacques Garden Apartments by AVI,70726871,Darren,Christchurch City,Banks Peninsula Ward,-43.81015,172.96075,Hotel room,290.0,1.0,21,2025-03-01,0.33,22,260,0,,2026-5,2026-09-17,565.0
1271995831970325855,Grand Hotel & Akaroa - Queen Room En-Suite,599729683,Grand Hotel Akaroa,Christchurch City,Banks Peninsula Ward,-43.80167172664381,172.97067882185712,Private room,170.0,1.0,4,2026-06-27,0.19,6,350,2,,2026-5,2026-09-17,82.0
1426488645214241678,Guest Favourite l Spacious 4BR Near Airport,49642171,Lily-SimplyHost,Christchurch City,Hornby Ward,-43.519228444186005,172.52589410002594,Entire home/apt,346.0,1.0,39,2026-07-26,2.79,97,313,35,,2026-5,2026-09-17,53.0
1202398782018835722,Les Troupes Maison Nature,70726871,Darren,Christchurch City,Banks Peninsula Ward,-43.8086,172.96282,Entire home/apt,270.0,1.0,13,2026-07-11,0.57,22,159,2,,2026-5,2026-09-17,68.0
43499389,Beachside Apartment,9427994,Mary,Christchurch City,Banks Peninsula Ward,-43.81497,172.95135,Private room,225.0,2.0,4,2023-03-02,0.07,2,274,0,,2026-5,2026-09-17,1295.0
1271953888292905097,Grand Hotel & Bar Akaroa - King Twin En-Suite,599729683,Grand Hotel Akaroa,Christchurch City,Banks Peninsula Ward,-43.79961870439148,172.9692871292172,Private room,219.0,1.0,6,2026-05-30,0.31,6,350,4,,2026-5,2026-09-17,110.0
1444412420738793838,"Maison de Armstronge, Les Troupes #3",70726871,Darren,Christchurch City,Banks Peninsula Ward,-43.80858,172.96316,Entire home/apt,311.0,1.0,5,2026-03-28,0.52,22,308,5,,2026-5,2026-09-17,173.0
44450397,Love Akaroa Retreat,69251025,Claire,Christchurch City,Banks Peninsula Ward,-43.80822,172.9752,Entire home/apt,360.0,2.0,63,2026-02-14,0.88,3,326,2,,2026-5,2026-09-17,215.0
36811613,Tranquil Family Retreat in Akaroa,191332341,Simone,Christchurch City,Banks Peninsula Ward,-43.79316,172.96854,Entire home/apt,497.0,2.0,36,2025-12-23,0.42,1,180,1,,2026-5,2026-09-17,268.0
53482809,Le Solterre - Akaroa Holiday Home,145244100,Bachcare,Christchurch City,Banks Peninsula Ward,-43.81252,172.96107,Entire home/apt,,2.0,10,2026-01-10,0.24,1231,361,3,,2026-5,2026-09-17,250.0
50829464,"Airport Family Stay, Burnside",24205506,"Mayie, Judi And Karen At Bookahome",Christchurch City,Waimairi Ward,-43.50109,172.55823,Entire home/apt,272.0,2.0,32,2026-04-09,0.52,81,341,5,,2026-5,2026-09-17,161.0
1082916023342403004,Papakowhai Bach,147339087,Liz,Christchurch City,Banks Peninsula Ward,-43.76137,172.95085,Entire home/apt,263.0,2.0,33,2026-04-26,1.1,2,162,17,,2026-5,2026-09-17,144.0
1500598351241570358,Peaceful four bedroom holiday house near airport,211195948,Jenny,Christchurch City,Waimairi Ward,-43.49644,172.56805,Entire home/apt,420.0,1.0,61,2026-07-26,5.7,19,134,61,,2026-5,2026-09-17,53.0
1717278113342220584,The Swithland Nook near airport,74811135,Maggie,Christchurch City,Waimairi Ward,-43.50752,172.55772,Entire home/apt,424.0,1.0,0,,,46,312,0,,2026-5,2026-09-17,
1062136412909193640,Kūkupa Puni at Akaroa Lavender by Tiny Away,481232463,Tiny Away NZ,Christchurch City,Banks Peninsula Ward,-43.7462476,172.9373347,Entire home/apt,257.0,1.0,26,2026-06-13,0.82,98,355,3,,2026-5,2026-09-17,96.0
1517988456772117450,Relaxed Kiwi Bach Over Akaroa Harbour - Port Watch,24205506,"Mayie, Judi And Karen At Bookahome",Christchurch City,Banks Peninsula Ward,-43.79982010343136,172.97314201917615,Entire home/apt,542.0,2.0,11,2026-05-31,1.12,81,282,11,,2026-5,2026-09-17,109.0
925886246458274108,Large Queen Room - Downstairs,184564246,Tung,Christchurch City,Waimairi Ward,-43.49812,172.56609,Private room,72.0,1.0,88,2026-06-27,2.38,5,304,37,,2026-5,2026-09-17,82.0
16030936,Riverside Bedouin Hut,56150980,Lynnie,Christchurch City,Banks Peninsula Ward,-43.80556,172.99072,Private room,246.0,2.0,221,2025-03-02,1.87,3,55,0,,2026-5,2026-09-17,564.0
1686817147916629463,Harewood Lodge Deluxe Twin Room,1685772148285939721,Moon,Christchurch City,Harewood Ward,-43.47541043673037,172.5224892222333,Private room,153.0,1.0,1,2026-07-07,0.77,5,282,1,,2026-5,2026-09-17,72.0
1257875577428084999,Kūkupa Taunga at Akaroa Lavender by Tiny Away,481232463,Tiny Away NZ,Christchurch City,Banks Peninsula Ward,-43.7462476,172.9373347,Entire home/apt,257.0,1.0,18,2026-05-31,0.82,98,359,4,,2026-5,2026-09-17,109.0
28597079,近机场的独立套间,162335636,Yingzi,Christchurch City,Waimairi Ward,-43.49304,172.56933,Private room,105.0,1.0,13,2026-07-22,1.92,1,208,13,,2026-5,2026-09-17,57.0
1686047453405389299,Harewood Lodge Double Room,1685772148285939721,Moon,Christchurch City,Harewood Ward,-43.47693,172.52463,Private room,100.0,1.0,0,,,5,283,0,,2026-5,2026-09-17,
1422069304741217298,Modern Private Unit,695773936,Kaye,Christchurch City,Harewood Ward,-43.4750889,172.5675473,Entire home/apt,174.0,1.0,18,2026-07-25,1.84,1,71,18,,2026-5,2026-09-17,54.0
1703198736222469428,Corporate Studios designed for your comfort!,749412607,Airport Gateway Christchurch,Christchurch City,Waimairi Ward,-43.4987962,172.5602225,Private room,279.0,1.0,0,,,5,350,0,,2026-5,2026-09-17,
801618124369631156,Bushside Cottage - Akaroa Holiday Home,145244100,Bachcare,Christchurch City,Banks Peninsula Ward,-43.79268,172.96841,Entire home/apt,,2.0,10,2024-11-23,0.25,1231,365,0,,2026-5,2026-09-17,663.0
1289499394296943880,Akaroa Oceanview Home | Sleeps 6,81390838,Perfect Stays,Christchurch City,Banks Peninsula Ward,-43.813317987242776,172.95525773264177,Entire home/apt,580.0,1.0,32,2026-05-13,1.52,28,231,19,,2026-5,2026-09-17,127.0
43857059,LyLo Family Pod Room,368461906,Alexandria,Christchurch City,Harewood Ward,-43.48889,172.54921,Private room,351.0,1.0,9,2022-07-16,0.12,13,364,0,,2026-5,2026-09-17,1524.0
551548833328799347,"Sunny, modern apartment with sea views",140812367,Melissa,Christchurch City,Banks Peninsula Ward,-43.813106536865234,172.9611053466797,Entire home/apt,395.0,2.0,137,2026-04-07,2.88,1,225,15,,2026-5,2026-09-17,163.0
43499396,Penthouse Studio,9427994,Mary,Christchurch City,Banks Peninsula Ward,-43.8163,172.95242,Private room,235.0,2.0,1,2025-03-29,0.06,2,255,0,,2026-5,2026-09-17,537.0
16798852,Yani Home,111675989,Yani,Christchurch City,Waimairi Ward,-43.51944,172.56245,Private room,92.0,1.0,108,2026-03-31,0.93,1,243,9,,2026-5,2026-09-17,170.0
43669749,LyLo Twin Ensuite Accessible,368461906,Alexandria,Christchurch City,Harewood Ward,-43.48955,172.54792,Private room,149.0,1.0,0,,,13,312,0,,2026-5,2026-09-17,
43759375,Fantail Cottage with Sea Views - Akaroa Home,145244100,Bachcare,Christchurch City,Banks Peninsula Ward,-43.79384,172.96914,Entire home/apt,,2.0,10,2025-12-27,0.15,1231,363,1,,2026-5,2026-09-17,264.0
1277090859368096423,Repose x Head Of The Bay Stay,460622795,Jack,Christchurch City,Banks Peninsula Ward,-43.66440582143249,172.67623576337698,Entire home/apt,206.0,2.0,38,2026-08-01,1.79,3,31,27,,2026-5,2026-09-17,47.0
1267145957641608513,Zion House|Modern & Cozy|near Airport|free parking,51956035,Stella,Christchurch City,Waimairi Ward,-43.5092,172.56363,Entire home/apt,205.0,1.0,185,2026-07-17,8.58,1,307,108,,2026-5,2026-09-17,62.0
1314084012189150890,Quality Barn Lodge for short or long term stay,667530956,Richard Brooke,Christchurch City,Harewood Ward,-43.5123891,172.5169109,Entire home/apt,548.0,3.0,4,2026-05-23,0.41,1,254,4,,2026-5,2026-09-17,117.0
1686811057660629911,Harewood Lodge Deluxe Queen Room,1685772148285939721,Moon,Christchurch City,Harewood Ward,-43.47589649404515,172.52158211996144,Private room,190.0,1.0,0,,,5,280,0,,2026-5,2026-09-17,
1465045141748734584,Studio cozy room close to Airport,380744891,Kelly,Christchurch City,Waimairi Ward,-43.500837798015304,172.5648770481348,Entire home/apt,120.0,1.0,22,2026-06-21,1.74,1,116,20,,2026-5,2026-09-17,88.0
998988937581767083,Relax overlooking Akaroa Harbour,454656692,Nicola,Christchurch City,Banks Peninsula Ward,-43.81282,172.96473,Entire home/apt,596.0,2.0,25,2026-04-26,0.79,1,242,9,,2026-5,2026-09-17,144.0
1100466783530346620,Close to Airport - Sauna/Aviation/Motorcycle Twist,25553832,Rachel,Christchurch City,Waimairi Ward,-43.50159412458696,172.5553246960044,Entire home/apt,221.0,1.0,63,2026-06-18,2.13,1,322,19,,2026-5,2026-09-17,91.0
1409780415921603187,Laneside - Akaroa Holiday Cottage,145244100,Bachcare,Christchurch City,Banks Peninsula Ward,-43.794359320128855,172.96719143658095,Entire home/apt,,2.0,5,2026-05-23,0.39,1231,365,4,,2026-5,2026-09-17,117.0
1153073966167029358,#56 Le Petite Palais - La Voyageur Waterfront Apts,70726871,Darren,Christchurch City,Banks Peninsula Ward,-43.8094855,172.9616825,Entire home/apt,300.0,1.0,10,2025-01-24,0.37,22,176,0,,2026-5,2026-09-17,601.0
1153098927137918897,#67 La Voyageur Waterfront Apts by AVI,70726871,Darren,Christchurch City,Banks Peninsula Ward,-43.81034,172.96057,Entire home/apt,230.0,1.0,2,2024-10-04,0.07,22,185,0,,2026-5,2026-09-17,713.0
39559017,Self Contained Unit 18,98758734,North South Holiday Park,Christchurch City,Harewood Ward,-43.47092,172.56966,Private room,194.0,1.0,1,2020-12-30,0.01,20,307,0,,2026-5,2026-09-17,2087.0
1544627092564421586,Tiny House in Peaceful Heathcote Valley,110107914,Louise,Christchurch City,Heathcote Ward,-43.57565,172.70724,Entire home/apt,164.0,1.0,8,2026-03-01,0.9,1,207,8,,2026-5,2026-09-17,200.0
1617217291291502538,"Hop, Skip & Snack – Walk to Airport Stay",53402672,Gayan,Christchurch City,Waimairi Ward,-43.4961,172.55573,Entire home/apt,211.0,1.0,35,2026-08-10,6.29,1,306,35,,2026-5,2026-09-17,38.0
1686825087470723403,Harewood Lodge King Single Room,1685772148285939721,Moon,Christchurch City,Harewood Ward,-43.47567044882815,172.52381162584638,Private room,98.0,1.0,0,,,5,294,0,,2026-5,2026-09-17,
25211023,Nikau Villa - Akaroa Luxury. Own ensuites!,25208716,Ingrid,Christchurch City,Banks Peninsula Ward,-43.80798,172.97337,Entire home/apt,672.0,2.0,13,2026-05-09,0.14,1,339,4,,2026-5,2026-09-17,131.0
1449696013380039367,灵动双床房，适配每一种出行需求,453866398,Bei,Christchurch City,Waimairi Ward,-43.51624,172.55905,Private room,114.0,1.0,4,2026-07-04,0.63,2,286,4,,2026-5,2026-09-17,75.0
1686101904773720813,Harewood Lodge Family Room,1685772148285939721,Moon,Christchurch City,Harewood Ward,-43.47554,172.52518,Private room,186.0,1.0,0,,,5,277,0,,2026-5,2026-09-17,
1153079471185773158,#60 La Voyageur Waterfront Apts by AVI,70726871,Darren,Christchurch City,Banks Peninsula Ward,-43.80877,172.9625,Entire home/apt,276.0,1.0,2,2025-12-27,0.08,22,169,1,,2026-5,2026-09-17,264.0
1124891258738319625,"Big Sky Retreat, house and yurts",54831628,Erin,Christchurch City,Banks Peninsula Ward,-43.77063,172.90677,Entire home/apt,1159.0,2.0,0,,,1,269,0,,2026-5,2026-09-17,
42337018,Quiet spacious family home.,104576721,Janine,Christchurch City,Waimairi Ward,-43.51932,172.54181,Entire home/apt,331.0,1.0,125,2026-04-25,1.6,1,112,10,,2026-5,2026-09-17,145.0
1056914490055508782,Aylmers Valley Vista,553244065,Amy,Christchurch City,Banks Peninsula Ward,-43.8140677,172.9615118,Entire home/apt,628.0,2.0,13,2026-04-06,0.42,1,59,6,,2026-5,2026-09-17,164.0
16578589,Garden Studio with ocean views,12516114,Kaye,Christchurch City,Heathcote Ward,-43.57302,172.7554,Entire home/apt,153.0,1.0,247,2026-03-14,2.11,1,171,23,,2026-5,2026-09-17,187.0
1068585801043939349,Christchurch Airport Stop,210171833,Lucy,Christchurch City,Waimairi Ward,-43.49821,172.56021,Entire home/apt,166.0,1.0,125,2026-08-02,4.04,1,122,25,,2026-5,2026-09-17,46.0
1633921420954345450,Maison Pierre Rouge - Duvauchelle Holiday Home,145244100,Bachcare,Christchurch City,Banks Peninsula Ward,-43.74810142683118,172.9340983954585,Entire home/apt,,2.0,0,,,1231,365,0,,2026-5,2026-09-17,
1031184292736676744,The Crow's Nest,86774456,Rosina,Christchurch City,Banks Peninsula Ward,-43.6276608,172.7415626,Entire home/apt,214.0,1.0,115,2026-08-08,3.71,1,249,50,,2026-5,2026-09-17,40.0
21885178,Airport Haven  with Netflix. NO CLEANING FEE.,67545571,Sharon,Christchurch City,Harewood Ward,-43.48136,172.56753,Entire home/apt,163.0,1.0,1399,2026-08-05,13.18,3,176,88,,2026-5,2026-09-17,43.0
1449394234553615970,Terrace View - Sun & Freedom in Your Bedroom,453866398,Bei,Christchurch City,Waimairi Ward,-43.5155805,172.5601998,Private room,110.0,1.0,3,2026-03-13,0.22,2,289,2,,2026-5,2026-09-17,188.0
1732251669224212150,5 Minutes Airport 3 Bedrooms 6 Guests,1732250997278621116,John,Christchurch City,Waimairi Ward,-43.505974855310406,172.5694366226206,Entire home/apt,356.0,1.0,3,2026-08-03,3.0,1,287,3,,2026-5,2026-09-17,45.0
4063028,The Pool Studio,21073822,Sue And Greg,Christchurch City,Harewood Ward,-43.47764,172.5668,Entire home/apt,300.0,1.0,33,2025-11-15,0.24,2,170,1,,2026-5,2026-09-17,306.0
1503456249809346001,Lushingtons Bay - Takamatua,145244100,Bachcare,Christchurch City,Banks Peninsula Ward,-43.79016364114325,172.94508941770826,Entire home/apt,,2.0,1,2026-01-01,0.13,1231,365,1,,2026-5,2026-09-17,259.0
15619194,Country House - Super King Space,100696941,Tara-Jayne,Christchurch City,Waimairi Ward,-43.50506,172.56618,Private room,431.0,1.0,2,2021-07-18,0.02,3,89,0,,2026-5,2026-09-17,1887.0
24026180,"Chic, homely with view, on park.7 mins to airport",251305,Joanne,Christchurch City,Waimairi Ward,-43.50683,172.56675,Entire home/apt,142.0,2.0,97,2024-05-10,0.96,1,111,0,,2026-5,2026-09-17,860.0
1540236141507693089,Christchurch Entire Guest Suite| 2 Private Rooms,170865743,Fang,Christchurch City,Waimairi Ward,-43.513727324653715,172.56105858832598,Entire home/apt,173.0,2.0,1,2026-01-01,0.13,4,263,1,,2026-5,2026-09-17,259.0
1588871136197575484,Ocean view getaway in Charteris Bay,57713196,Eilish,Christchurch City,Banks Peninsula Ward,-43.645279116830665,172.7109762329338,Entire home/apt,315.0,2.0,4,2026-05-12,0.68,1,301,4,,2026-5,2026-09-17,128.0
710318515139246702,Spacious room in Family Home,251219305,Sarah,Christchurch City,Waimairi Ward,-43.52024,172.53817,Private room,88.0,1.0,210,2026-07-28,4.4,2,210,54,,2026-5,2026-09-17,51.0
1289482913781028901,Lavender Cottage at Akaroa Lavender,30174761,Akaroa Lavender,Christchurch City,Banks Peninsula Ward,-43.74509619663165,172.93798326402273,Entire home/apt,423.0,2.0,0,,,2,280,0,,2026-5,2026-09-17,
914026522342226717,Birdsong Bliss - Takamatua Holiday Home,145244100,Bachcare,Christchurch City,Banks Peninsula Ward,-43.78557,172.95512,Entire home/apt,,2.0,5,2026-04-26,0.14,1231,365,2,,2026-5,2026-09-17,144.0
21950707,Okereru - Relax & Recharge,160238893,Kimberley,Christchurch City,Banks Peninsula Ward,-43.81208,172.89129,Entire home/apt,105.0,1.0,341,2025-04-19,3.26,1,135,0,,2026-5,2026-09-17,516.0
925876583304780110,Large Sunny Room Upstairs (En-suite),184564246,Tung,Christchurch City,Waimairi Ward,-43.49645,172.56616,Private room,112.0,1.0,27,2026-04-27,0.83,5,202,9,,2026-5,2026-09-17,143.0
900501957432872857,Lovely townhouse in Avonhead,74811135,Maggie,Christchurch City,Waimairi Ward,-43.51647,172.55342,Entire home/apt,334.0,1.0,78,2026-07-07,2.04,46,278,14,,2026-5,2026-09-17,72.0
1211078018510624511,ALPHA Eco Spa Studio,179297759,Peng,Christchurch City,Riccarton Ward,-43.5385502,172.5789156,Private room,153.0,1.0,4,2026-03-12,0.18,19,362,1,,2026-5,2026-09-17,189.0
1619135982618586517,Twin room with Sofa / Close to Airport,661507438,Young,Christchurch City,Waimairi Ward,-43.50602,172.56846,Private room,113.0,1.0,34,2026-08-01,5.7,2,326,34,,2026-5,2026-09-17,47.0
1610713261415269819,Peaceful Retreat: King Bed & Quick City Access,44332109,Zoez,Christchurch City,Waimairi Ward,-43.51366,172.56835,Private room,117.0,1.0,13,2026-07-07,2.09,1,242,13,,2026-5,2026-09-17,72.0
1616354741542754003,Paradise Point,527339889,Cameron,Christchurch City,Banks Peninsula Ward,-43.6329375,172.7400284,Entire home/apt,411.0,1.0,3,2026-07-25,1.29,1,335,3,,2026-5,2026-09-17,54.0
1022705066437676155,Ocean Views | 3BR Home with Hot Tub & Parking,202585247,Ohana,Christchurch City,Heathcote Ward,-43.56732,172.73128,Entire home/apt,415.0,1.0,150,2026-07-04,4.64,155,154,46,,2026-5,2026-09-17,75.0
18598438,"Private, Secure, Near Dining & Park, Airport 4 min",129155259,Andrea,Christchurch City,Waimairi Ward,-43.500576,172.561295,Entire home/apt,187.0,1.0,971,2026-07-13,8.76,1,114,101,,2026-5,2026-09-17,66.0
1703213871706348611,Experience seamless economy in the Standard Studio,749412607,Airport Gateway Christchurch,Christchurch City,Waimairi Ward,-43.498833,172.5602016,Private room,167.0,1.0,0,,,5,314,0,,2026-5,2026-09-17,
1466564201449157261,Smart Stay Quiet Guest Suite • 8-min to Airport,702583186,Ricky,Christchurch City,Waimairi Ward,-43.513,172.56165,Private room,105.0,1.0,10,2026-08-10,1.95,1,313,10,,2026-5,2026-09-17,38.0
933707164000386411,Large single room - Upstairs,184564246,Tung,Christchurch City,Waimairi Ward,-43.4974633,172.5653503,Private room,60.0,1.0,65,2026-06-19,1.77,5,292,24,,2026-5,2026-09-17,90.0
1217695187293023936,Skyline Studio by airport w/home theater &Netflix,51395017,Elaine,Christchurch City,Waimairi Ward,-43.512,172.56725,Entire home/apt,129.0,1.0,218,2026-07-30,8.92,1,146,118,,2026-5,2026-09-17,49.0
1561857497153542390,Overleigh Eco-Pod,127379295,John,Christchurch City,Banks Peninsula Ward,-43.66059533736677,172.80999403797318,Entire home/apt,235.0,1.0,23,2026-07-11,2.99,3,358,23,,2026-5,2026-09-17,68.0
1393947566063106963,Spacious 3 BR house near sumner,211195948,Jenny,Christchurch City,Heathcote Ward,-43.56118777686561,172.7371907414108,Entire home/apt,298.0,1.0,23,2026-07-12,1.43,19,218,15,,2026-5,2026-09-17,67.0
835707864186190895,Central Diamond Harbour Guest Suite,55459019,Gillian,Christchurch City,Banks Peninsula Ward,-43.62853,172.72304,Entire home/apt,172.0,1.0,27,2026-05-12,0.72,1,149,11,,2026-5,2026-09-17,128.0
3498611,"Sunny Bayview Studio - Charteris Bay, Canterbury",17615479,Felicia,Christchurch City,Banks Peninsula Ward,-43.63553,172.7195,Entire home/apt,180.0,1.0,45,2026-02-06,0.32,1,340,2,,2026-5,2026-09-17,223.0
30450536,Beach Guest House with pool & private beach access,213149937,Robert,Christchurch City,Coastal Ward,-43.55578,172.7518,Entire home/apt,182.0,5.0,53,2024-06-04,0.58,1,85,0,,2026-5,2026-09-17,835.0
814154388984215688,Embrace the Sumner beach!,108655719,Craig,Christchurch City,Heathcote Ward,-43.58003764747089,172.7574618914771,Entire home/apt,267.0,2.0,7,2025-04-12,0.33,1,74,0,,2026-5,2026-09-17,523.0
774301125872084924,Surf Break Apartment 1,489814732,Cheryl,Christchurch City,Heathcote Ward,-43.56749407861191,172.7573892615738,Entire home/apt,658.0,2.0,39,2026-03-14,0.91,2,317,2,,2026-5,2026-09-17,187.0
1612619095946921139,Cecil Wood Views,376930565,Cara,Christchurch City,Heathcote Ward,-43.5725689,172.7561797,Entire home/apt,174.0,1.0,17,2026-06-19,2.8,2,84,17,,2026-5,2026-09-17,90.0
1673629828807030356,Panoramic Sumner Views | Coastal Retreat Sleeps 8,376930565,Cara,Christchurch City,Heathcote Ward,-43.57257,172.75618,Entire home/apt,466.0,1.0,0,,,2,137,0,,2026-5,2026-09-17,
1250060735515306718,Character House By The Sea,95211040,Jo,Christchurch City,Heathcote Ward,-43.561658660011574,172.73758416050998,Entire home/apt,470.0,2.0,6,2026-03-15,0.29,2,183,2,,2026-5,2026-09-17,186.0
42926171,Redcliffs Loft (self-contained),95211040,Jo,Christchurch City,Heathcote Ward,-43.56057,172.73905,Entire home/apt,171.0,2.0,70,2026-07-18,2.34,2,321,23,,2026-5,2026-09-17,61.0
6695894,Beach Front Apartment,15913354,Chris,Christchurch City,Heathcote Ward,-43.56989,172.75997,Entire home/apt,366.0,4.0,20,2026-03-02,0.48,1,254,6,,2026-5,2026-09-17,199.0
42049669,"Sumner, Lush 2 bdrm Downstairs Apt w Private Pool",73243003,Jules,Christchurch City,Heathcote Ward,-43.57331859509404,172.77420032769442,Entire home/apt,400.0,2.0,19,2026-03-28,0.57,1,277,4,,2026-5,2026-09-17,173.0
1627227935566634525,Redcliffs Estuary lookout,721742761,Michael,Christchurch City,Heathcote Ward,-43.56441740661284,172.73222375661135,Entire home/apt,369.0,1.0,1,2026-03-19,0.2,1,197,1,,2026-5,2026-09-17,182.0
1512703817542253371,Super host’s Cute cottage-views of Sea city & snow,435117318,Ankita,Christchurch City,Heathcote Ward,-43.57043,172.71805,Entire home/apt,186.0,1.0,14,2026-05-02,1.42,1,31,14,,2026-5,2026-09-17,138.0
31419933,Surf & Ski in one Day!,113158845,Kim,Christchurch City,Heathcote Ward,-43.57565,172.76431,Entire home/apt,434.0,4.0,9,2025-12-28,0.1,1,276,1,,2026-5,2026-09-17,263.0
18759969,Hillside studio in sea side suburb of Sumner,108574985,Don,Christchurch City,Heathcote Ward,-43.57359,172.75569,Entire home/apt,144.0,2.0,146,2026-07-29,1.39,1,277,29,,2026-5,2026-09-17,50.0
39974635,Pacific Bayview Apartment,15652602,Amanda,Christchurch City,Heathcote Ward,-43.577,172.76889,Entire home/apt,294.0,2.0,20,2026-07-25,0.24,1,362,10,,2026-5,2026-09-17,54.0
1316930604137478312,Beachside Hideaway in Sumner,83137468,Joel & Gerry,Christchurch City,Heathcote Ward,-43.5732996,172.7658275,Entire home/apt,663.0,3.0,7,2026-03-24,0.72,1,310,7,,2026-5,2026-09-17,177.0
721415565066664451,'The Tug Watch' private home with beautiful views.,26127543,Amelia,Christchurch City,Banks Peninsula Ward,-43.60723,172.70688,Entire home/apt,385.0,1.0,36,2025-07-29,0.76,1,115,0,,2026-5,2026-09-17,415.0
976369154673473011,Surfside Bach,351305354,Sarah,Christchurch City,Heathcote Ward,-43.56962,172.77383,Entire home/apt,940.0,3.0,19,2026-02-28,0.59,1,159,8,,2026-5,2026-09-17,201.0
1738737549022752062,"The Sumner Escape - Sleeps 5, Walk to Beach",81390838,Perfect Stays,Christchurch City,Heathcote Ward,-43.573153143070805,172.76480527964952,Entire home/apt,406.0,2.0,0,,,28,47,0,,2026-5,2026-09-17,
15789362,"seasalt, sumner beach, sumner",100458569,Karen,Christchurch City,Heathcote Ward,-43.56916,172.76075,Entire home/apt,455.0,2.0,55,2021-07-24,0.47,2,322,0,,2026-5,2026-09-17,1881.0
1105536954919663651,Luxury Room,447145180,Johanni,Christchurch City,Heathcote Ward,-43.55927,172.71127,Private room,536.0,1.0,1,2024-12-28,0.05,1,363,0,,2026-5,2026-09-17,628.0
10235867,Moncks bay retreat,8558995,Judith,Christchurch City,Heathcote Ward,-43.56726,172.74426,Private room,83.0,2.0,41,2026-07-31,0.51,3,102,6,,2026-5,2026-09-17,48.0
947535036619522313,"Family friendly, harbour views",487780645,Holly,Christchurch City,Banks Peninsula Ward,-43.60255622232757,172.71415979577029,Entire home/apt,553.0,2.0,10,2026-01-01,0.31,1,161,2,,2026-5,2026-09-17,259.0
11419685,Cave Rock Guest House - studio apartment,59970552,Gayle,Christchurch City,Heathcote Ward,-43.56648,172.75864,Entire home/apt,195.0,1.0,71,2026-04-11,0.58,2,267,11,,2026-5,2026-09-17,159.0
1687389814425761506,Character Loft Studio with Private Spa,297759468,Bonnie,Christchurch City,Linwood Ward,-43.54708,172.68905,Entire home/apt,258.0,1.0,9,2026-07-05,3.6,1,240,9,,2026-5,2026-09-17,74.0
1701844056814700496,"River Room: The Tannery, Ferry to Diamond Harbor",305595616,Manoj,Christchurch City,Linwood Ward,-43.55506248174752,172.68349405378103,Private room,84.0,1.0,1,2026-06-27,0.61,1,365,1,,2026-5,2026-09-17,82.0
1446187659153192432,Beach Bach in Southshore,550460587,Jessica,Christchurch City,Coastal Ward,-43.54989558253496,172.74847087277328,Entire home/apt,234.0,1.0,0,,,1,105,0,,2026-5,2026-09-17,
1691899419093835265,Character townhouse with pooch,1691898122808997771,Cam,Christchurch City,Linwood Ward,-43.52999883623848,172.6761010273809,Private room,69.0,2.0,0,,,1,90,0,,2026-5,2026-09-17,
27936143,2 Bedroom Suite at Arcadia Motel,109363834,Ronald Geoffrey,Christchurch City,Linwood Ward,-43.54827,172.67828,Private room,201.0,1.0,0,,,3,312,0,,2026-5,2026-09-17,
896800298014517655,Home Away From Home,262148957,Eru And Averil,Christchurch City,Linwood Ward,-43.52435453089455,172.68418941646814,Private room,70.0,1.0,73,2026-03-15,1.93,1,214,11,,2026-5,2026-09-17,186.0
54023662,"Sun, Sea & Stunning Views: Modern Cass Bay Escape",340463660,Nikki And Chris,Christchurch City,Banks Peninsula Ward,-43.60476,172.68934,Entire home/apt,258.0,1.0,109,2026-07-27,1.99,3,284,39,,2026-5,2026-09-17,52.0
42295186,Quality Apartment; Million Dollar View  Courtyard.,7666271,Clive,Christchurch City,Heathcote Ward,-43.56828,172.71835,Entire home/apt,226.0,1.0,61,2026-02-27,0.78,1,297,3,,2026-5,2026-09-17,202.0
1686401020130386884,Private Sanctuary with City Views!,450424479,Diane,Christchurch City,Heathcote Ward,-43.5791451,172.7135626,Entire home/apt,307.0,3.0,0,,,1,266,0,,2026-5,2026-09-17,
1383017223066043673,Ridgeway Escape,454030872,Neil,Christchurch City,Heathcote Ward,-43.56904,172.69499,Private room,158.0,2.0,1,2026-03-01,0.18,1,162,1,,2026-5,2026-09-17,200.0
1236779934033284131,Cannon Hill E-scape,146373432,Lynda,Christchurch City,Heathcote Ward,-43.56232,172.71476,Entire home/apt,316.0,3.0,2,2025-02-26,0.09,4,86,0,,2026-5,2026-09-17,568.0
15207638,"Breathtaking Ocean Views in Modern Comfort, Room 2",24026499,Lynne,Christchurch City,Heathcote Ward,-43.57138,172.72156,Private room,137.0,3.0,64,2026-04-28,0.57,2,179,6,,2026-5,2026-09-17,142.0
5739354,Modern self contained unit,29133056,Nadia,Christchurch City,Banks Peninsula Ward,-43.59799,172.71911,Private room,311.0,1.0,8,2026-02-28,0.27,1,269,6,,2026-5,2026-09-17,201.0
1649672660222061144,Stylish Room in Sumner • Walk to Beach,4803746,Fang,Christchurch City,Heathcote Ward,-43.57266,172.76201,Private room,121.0,1.0,0,,,1,328,0,,2026-5,2026-09-17,
1605562489439434163,Scandi Inspired Tranquil Cabin,304322427,Allison,Christchurch City,Heathcote Ward,-43.5648,172.71963,Entire home/apt,150.0,1.0,14,2026-06-02,2.14,1,184,14,,2026-5,2026-09-17,107.0
1092369614179884726,Tranquil Bamboo Oasis - New 2 Bed Close To CBD,54009314,Pond,Christchurch City,Linwood Ward,-43.53528,172.67718,Entire home/apt,235.0,2.0,35,2026-07-07,1.17,1,189,20,,2026-5,2026-09-17,72.0
1657584408035540659,Port Hills Basecamp – Scenic Cashmere Stay,71029437,Saskia,Christchurch City,Cashmere Ward,-43.5741,172.63689,Private room,90.0,1.0,3,2026-06-11,0.81,1,333,3,,2026-5,2026-09-17,98.0
1614819443997767882,Coastal Calm Suite | Bay & Walks Access,744614610,Jared,Christchurch City,Banks Peninsula Ward,-43.6302411,172.7408654,Entire home/apt,105.0,1.0,13,2026-08-04,3.02,3,276,13,,2026-5,2026-09-17,44.0
1009021502558754149,Relaxing Redcliffs,180782531,Hazel,Christchurch City,Heathcote Ward,-43.55816,172.73536,Private room,120.0,1.0,25,2026-04-18,0.83,1,215,16,,2026-5,2026-09-17,152.0
1064862769851053601,Retro Chic NY Style Apartment.,41068157,John,Christchurch City,Heathcote Ward,-43.56993,172.75882,Private room,86.0,1.0,23,2026-07-05,0.75,1,89,11,,2026-5,2026-09-17,74.0
9235519,"Lovely, sunny 2 bedrooms, 1 block to Sumner beach.",37373022,Sharon,Christchurch City,Heathcote Ward,-43.57386,172.76726,Private room,209.0,1.0,82,2026-07-04,0.88,1,158,9,,2026-5,2026-09-17,75.0
22570965,One Bedroom Apartment,44728588,Anita Marie,Christchurch City,Papanui Ward,-43.48606,172.61688,Hotel room,201.0,1.0,3,2022-04-27,0.03,6,348,0,,2026-5,2026-09-17,1604.0
1041869261357192819,Home away from home.,547933078,Kapil,Christchurch City,Linwood Ward,-43.54932935377938,172.69013922661543,Private room,99.0,1.0,26,2026-04-28,0.83,2,269,7,,2026-5,2026-09-17,142.0
1601124151878031785,Stroll to the village and beach,438672907,Penny,Christchurch City,Heathcote Ward,-43.570746744635514,172.75717199236072,Entire home/apt,872.0,4.0,0,,,1,197,0,,2026-5,2026-09-17,
16017448,Cave Rock Guest House - Sumner beach apartment,59970552,Gayle,Christchurch City,Heathcote Ward,-43.56828,172.75776,Entire home/apt,241.0,2.0,28,2026-03-27,0.24,2,250,1,,2026-5,2026-09-17,174.0
1714144552012072939,Little Beach Break,5156035,Phyllis,Christchurch City,Coastal Ward,-43.5256383,172.7352941,Entire home/apt,225.0,2.0,0,,,5,164,0,,2026-5,2026-09-17,
1289578941931220496,Coastal Comfort: Spacious 3BR Getaway in Redcliffs,551181197,Paula Kat Charlotte,Christchurch City,Heathcote Ward,-43.5631728,172.7367477,Entire home/apt,257.0,1.0,31,2026-07-15,1.48,177,266,22,,2026-5,2026-09-17,64.0
1116895260959320736,Cottage by the Beach,206315550,Kate,Christchurch City,Coastal Ward,-43.531170977895584,172.7352348715067,Entire home/apt,204.0,1.0,84,2026-08-01,2.88,1,63,45,,2026-5,2026-09-17,47.0
1106685365552672088,Beachtown retreat,220662178,Nick,Christchurch City,Heathcote Ward,-43.58586608298245,172.7515049005249,Entire home/apt,348.0,2.0,28,2026-05-02,0.95,1,177,12,,2026-5,2026-09-17,138.0
1280581319682245474,Panoramic Perfection,64594082,Martin,Christchurch City,Heathcote Ward,-43.568806952730256,172.75229304105568,Entire home/apt,304.0,5.0,23,2026-07-21,1.09,1,36,14,,2026-5,2026-09-17,58.0
1312670483273901962,Sumner Ocean Views,242963199,Antony,Christchurch City,Heathcote Ward,-43.568411631296115,172.7551373799454,Entire home/apt,1014.0,3.0,4,2026-01-18,0.21,1,65,3,,2026-5,2026-09-17,242.0
15315107,Luxury Moncks Bay B&B over looking the sea.,5778688,Catherine,Christchurch City,Heathcote Ward,-43.56741,172.74499,Private room,314.0,2.0,110,2026-04-18,1.04,1,237,6,,2026-5,2026-09-17,152.0
46751754,Monck's Bay Retreat,8558995,Judith,Christchurch City,Heathcote Ward,-43.56847,172.74462,Private room,57.0,3.0,43,2026-07-11,0.83,3,148,8,,2026-5,2026-09-17,68.0
15791761,Amazing private space to rest and relax,102162700,Elena,Christchurch City,Banks Peninsula Ward,-43.62637,172.72101,Entire home/apt,180.0,1.0,117,2026-04-15,0.99,1,130,4,,2026-5,2026-09-17,155.0
1141527366370455593,Spacious Sumner beach house w/ hot tub & fire,25090344,Jess,Christchurch City,Heathcote Ward,-43.56779174736025,172.75772037301638,Entire home/apt,1139.0,2.0,3,2026-01-31,0.15,1,147,2,,2026-5,2026-09-17,229.0
707982807208900618,Sumner Retreat,266641969,Elisa,Christchurch City,Heathcote Ward,-43.57614,172.76551,Entire home/apt,793.0,4.0,5,2026-03-01,0.12,1,173,2,,2026-5,2026-09-17,200.0
1099727454742343267,The Sandbar Nook | Cozy Tiny House Near Beach,104419698,Lukas,Christchurch City,Coastal Ward,-43.5315247,172.7372218,Entire home/apt,,1.0,133,2026-07-15,6.35,1,241,73,,2026-5,2026-09-17,64.0
1090280268723344343,Seaglass Beach House,561804702,Karina,Christchurch City,Coastal Ward,-43.55588,172.75165,Entire home/apt,931.0,1.0,54,2026-08-12,1.8,1,318,25,,2026-5,2026-09-17,36.0
1015631040054133018,Stunning E-scape @ Cannonhill,146373432,Lynda,Christchurch City,Heathcote Ward,-43.56162,172.71447,Entire home/apt,396.0,3.0,11,2026-04-26,0.34,4,86,6,,2026-5,2026-09-17,144.0
1461771,Mt Pleasant - Retro Living apartment,6353005,Suzanne,Christchurch City,Heathcote Ward,-43.55813,172.72025,Entire home/apt,364.0,3.0,16,2024-06-03,0.11,1,89,0,,2026-5,2026-09-17,836.0
1521508614579722588,Dune Retreat,128033807,Jenny,Christchurch City,Coastal Ward,-43.5412,172.74344,Entire home/apt,229.0,2.0,17,2026-03-15,1.89,1,13,17,,2026-5,2026-09-17,186.0
5459948,Beautiful historic cottage,28321790,Janette,Christchurch City,Banks Peninsula Ward,-43.60187,172.71958,Private room,148.0,1.0,0,,,1,75,0,,2026-5,2026-09-17,
1504668345319770919,Beach retreat at Beachville,98100145,Wendy,Christchurch City,Heathcote Ward,-43.5593492953946,172.73844245821238,Entire home/apt,246.0,2.0,11,2026-04-18,1.1,1,22,11,,2026-5,2026-09-17,152.0
1633016836500983409,Sunrise on Sumner Beach,449015623,Deanna,Christchurch City,Heathcote Ward,-43.57571,172.75355,Entire home/apt,162.0,2.0,0,,,1,364,0,,2026-5,2026-09-17,
23636135,Redcliffs on Park by Sea,168658812,Alison,Christchurch City,Heathcote Ward,-43.56973,172.73972,Entire home/apt,200.0,2.0,172,2026-07-20,1.75,1,83,6,,2026-5,2026-09-17,59.0
1146495170713666062,Mid-Century by the Beach,125757390,KTD Property Services Ltd,Christchurch City,Heathcote Ward,-43.5708616,172.7617876,Entire home/apt,258.0,1.0,42,2026-08-05,1.57,7,80,16,,2026-5,2026-09-17,43.0
975628635219664968,"Panorama: Surf, Sun & Mountains",443618907,Paul,Christchurch City,Heathcote Ward,-43.57404827821513,172.74571105399778,Private room,136.0,2.0,38,2026-04-03,1.07,2,177,13,,2026-5,2026-09-17,167.0
1015392920158351090,Lyttelton Sweet Spot,242653543,Lisette,Christchurch City,Banks Peninsula Ward,-43.59991549999999,172.720745,Entire home/apt,314.0,6.0,13,2026-01-05,0.41,1,253,2,,2026-5,2026-09-17,255.0
4121687,Contemporary living by the sea.,21308288,Sandy,Christchurch City,Heathcote Ward,-43.5664,172.73825,Private room,109.0,1.0,173,2026-07-18,1.2,1,353,8,,2026-5,2026-09-17,61.0
787823178586479718,Water view Apartment,37860112,Hamish,Christchurch City,Heathcote Ward,-43.55923,172.70349,Entire home/apt,105.0,7.0,3,2025-02-27,0.1,1,144,0,,2026-5,2026-09-17,567.0
775733180577168083,Surf Break Apartment 2,489814732,Cheryl,Christchurch City,Heathcote Ward,-43.5675981,172.7574481,Entire home/apt,470.0,2.0,41,2026-01-03,0.95,2,209,1,,2026-5,2026-09-17,257.0
1514869159379758506,Villa on Wiggins - Sumner Beach,183494238,Sarah,Christchurch City,Heathcote Ward,-43.57339801733017,172.76280362159014,Entire home/apt,414.0,3.0,3,2026-04-21,0.38,1,40,3,,2026-5,2026-09-17,149.0
1527080854578053077,"Entire home in Lyttelton, New Zealand",230573657,Alex,Christchurch City,Banks Peninsula Ward,-43.6025687,172.7214882,Entire home/apt,227.0,1.0,0,,,2,308,0,,2026-5,2026-09-17,
16123605,Lyttelton Boatique House - Marina/Harbour Views,76024169,Frances,Christchurch City,Banks Peninsula Ward,-43.6026,172.71657,Entire home/apt,525.0,1.0,24,2026-04-11,0.21,2,350,2,,2026-5,2026-09-17,159.0
1626535641400320472,Double suite with beautiful harbour views,747572364,Joanne,Christchurch City,Banks Peninsula Ward,-43.60709,172.70779,Private room,196.0,1.0,11,2026-07-25,1.95,1,318,11,,2026-5,2026-09-17,54.0
1546501121696708464,Family-Friendly 1940s Villa - modern and sunny,138463842,Ruby,Christchurch City,Linwood Ward,-43.55403367869266,172.68820703029633,Entire home/apt,223.0,3.0,1,2026-01-22,0.15,1,7,1,,2026-5,2026-09-17,238.0
703104519599711015,Relax with amazing ocean views in Sumner,94414839,Alison,Christchurch City,Heathcote Ward,-43.56759,172.75303,Entire home/apt,159.0,1.0,147,2026-07-20,4.8,1,58,56,,2026-5,2026-09-17,59.0
1017671989456056518,Views at Cannon Hill,146373432,Lynda,Christchurch City,Heathcote Ward,-43.56233,172.71498,Entire home/apt,318.0,3.0,3,2026-02-25,0.1,4,86,1,,2026-5,2026-09-17,204.0
1041553491428912543,House of Serenity.,547933078,Kapil,Christchurch City,Linwood Ward,-43.55012,172.6898,Private room,96.0,1.0,12,2025-02-25,0.38,2,269,0,,2026-5,2026-09-17,569.0
1437433881677664651,Sculpture House,519488257,Bon,Christchurch City,Coastal Ward,-43.53642869999999,172.7419738,Entire home/apt,194.0,1.0,51,2026-06-19,3.61,1,86,45,,2026-5,2026-09-17,90.0
1430643551790655392,Smugglers Cove Escape  Sunrises in Super King Beds,44139597,Canterbury Property Management,Christchurch City,Heathcote Ward,-43.57631,172.77501,Entire home/apt,764.0,2.0,23,2026-03-01,1.7,6,4,21,,2026-5,2026-09-17,200.0
1267757500940681589,Oma's Cottage,73997354,Anna,Christchurch City,Linwood Ward,-43.555176462155664,172.68524935847938,Entire home/apt,214.0,2.0,141,2026-07-29,6.8,1,74,59,,2026-5,2026-09-17,50.0
794544434578707500,Large Self-Contained Room with ensuite Mt Pleasant,493679589,Deb,Christchurch City,Heathcote Ward,-43.56012310542845,172.717664,Entire home/apt,140.0,1.0,22,2024-12-26,0.51,1,364,0,,2026-5,2026-09-17,630.0
1683148336891923776,Christchurch Family Accommodation - 2 BR House,732287498,Jind K,Christchurch City,Linwood Ward,-43.54188736214691,172.67586915152057,Entire home/apt,160.0,1.0,2,2026-07-18,1.71,2,348,2,,2026-5,2026-09-17,61.0
40012440,Nikau Nest in Cass Bay / Lyttelton,73707835,Elfi,Christchurch City,Banks Peninsula Ward,-43.60366,172.6936,Entire home/apt,158.0,2.0,62,2026-07-13,0.76,1,175,12,,2026-5,2026-09-17,66.0
912294726864420541,Lyttelton Glamping 5 Star Tiny House,76024169,Frances,Christchurch City,Banks Peninsula Ward,-43.60288,172.71254,Entire home/apt,246.0,1.0,8,2026-04-18,0.22,2,347,5,,2026-5,2026-09-17,152.0
14635112,"Stand alone, ensuite - The Pool House",90859739,Lynn,Christchurch City,Linwood Ward,-43.54321,172.68812,Private room,159.0,1.0,451,2026-06-20,3.83,1,319,32,,2026-5,2026-09-17,89.0
31129567,Relax and Enjoy in Sumner,232664907,Hilary,Christchurch City,Heathcote Ward,-43.57584,172.75861,Private room,146.0,1.0,167,2026-07-18,1.83,1,245,26,,2026-5,2026-09-17,61.0
1623640150875532804,Electric Ave home base awaits you!,40825075,Richie,Christchurch City,Linwood Ward,-43.544873243998914,172.6762800256109,Entire home/apt,,2.0,0,,,1,89,0,,2026-5,2026-09-17,
1094458918173184621,"Beach Hideaway, Sumner",32460033,Fiona,Christchurch City,Heathcote Ward,-43.57606870877193,172.76306681334972,Entire home/apt,152.0,2.0,62,2026-06-27,2.05,1,42,29,,2026-5,2026-09-17,82.0
26848494,Land Sea Adventure,83381954,Anji,Christchurch City,Banks Peninsula Ward,-43.60421,172.69076,Entire home/apt,543.0,5.0,7,2026-01-17,0.09,2,325,2,,2026-5,2026-09-17,243.0
26233936,Panoramic Views & Total Privacy. Romantic getaway.,109918531,Gabby,Christchurch City,Heathcote Ward,-43.56871,172.74903,Entire home/apt,171.0,2.0,374,2026-05-24,3.81,1,248,28,,2026-5,2026-09-17,116.0
1688696053627195098,Coastal Retreat Family Home | Sea Views + Parking,482671075,Care Property Stays,Christchurch City,Heathcote Ward,-43.5572577,172.7205727,Entire home/apt,257.0,1.0,3,2026-07-27,2.37,184,85,3,,2026-5,2026-09-17,52.0
598076573659387775,"Dog friendly, self contained Clifton living",56080061,Harriet,Christchurch City,Heathcote Ward,-43.57262,172.74677,Entire home/apt,110.0,2.0,137,2026-07-07,3.19,1,177,26,,2026-5,2026-09-17,72.0
975516400891950720,Relaxed City‑Edge Townhouse Near CBD & Beach,49642171,Lily-SimplyHost,Christchurch City,Linwood Ward,-43.53477,172.67697,Entire home/apt,275.0,1.0,124,2026-07-18,3.65,97,322,24,,2026-5,2026-09-17,61.0
21178486,Garden apartment with panoramic coastal views.,53657941,Steve,Christchurch City,Heathcote Ward,-43.56405,172.72342,Entire home/apt,191.0,2.0,190,2026-04-19,1.77,1,183,15,,2026-5,2026-09-17,151.0
809778469981150692,"City lights, Mountain heights",497329414,Michael,Christchurch City,Heathcote Ward,-43.56228,172.71287,Entire home/apt,,2.0,0,,,1,364,0,,2026-5,2026-09-17,
8144885,Cass Bay House,10339399,Vivienne,Christchurch City,Banks Peninsula Ward,-43.60461,172.6948,Entire home/apt,537.0,3.0,17,2026-04-10,0.21,3,196,2,,2026-5,2026-09-17,160.0
1457507444250005550,"Sumner Seaside | Sleeps 4, Walk to Beach",81390838,Perfect Stays,Christchurch City,Heathcote Ward,-43.57336,172.76037,Entire home/apt,457.0,1.0,9,2026-07-23,0.99,28,279,9,,2026-5,2026-09-17,56.0
53275033,Harbour Haven Retreat,431294402,Jennifer,Christchurch City,Banks Peninsula Ward,-43.599133,172.724884,Entire home/apt,315.0,1.0,77,2026-06-07,1.35,1,50,15,,2026-5,2026-09-17,102.0
21680282,Beach House - South Brighton 2 bedroom unit,135886387,Peter,Christchurch City,Coastal Ward,-43.5339,172.74123,Entire home/apt,153.0,2.0,121,2026-02-28,1.53,1,62,18,,2026-5,2026-09-17,201.0
1607847761696958957,Brand New Beachside Suite,504395469,Katherine,Christchurch City,Heathcote Ward,-43.58003,172.75517,Entire home/apt,182.0,1.0,0,,,1,1,0,,2026-5,2026-09-17,
1002449573136021344,“Te Ihutai View” Coastal Panorama & Sanctuary,540107726,Tracey,Christchurch City,Heathcote Ward,-43.56991499999999,172.7251675,Private room,,1.0,84,2026-03-23,2.52,1,38,22,,2026-5,2026-09-17,178.0
1719218877543935003,Private ensuite room/own entrance (1),1719214057073079410,Gerard,Christchurch City,Banks Peninsula Ward,-43.60332677556611,172.7222326953483,Private room,135.0,1.0,0,,,3,356,0,,2026-5,2026-09-17,
42181408,Redcliffs-Sumner Award Winning Contemporary Studio,26336269,Marion,Christchurch City,Heathcote Ward,-43.56294,172.73986,Entire home/apt,214.0,1.0,61,2026-04-21,0.79,2,21,9,,2026-5,2026-09-17,149.0
1379589836525277143,"7 mins from city, 2 mins to Shops, Peaceful, Gated",249376807,Plivia,Christchurch City,Linwood Ward,-43.53051759785859,172.68029853701591,Private room,70.0,1.0,7,2026-08-08,7.0,2,280,7,,2026-5,2026-09-17,40.0
6992775,1 Bedroom  beach themed walking distance to beach,5156035,Phyllis,Christchurch City,Coastal Ward,-43.52918,172.73721,Entire home/apt,241.0,2.0,1,2017-02-16,0.01,5,139,0,,2026-5,2026-09-17,3500.0
1285779338142572407,Architectural Coastal Retreat • Sumner,10570992,Alice,Christchurch City,Heathcote Ward,-43.5791804,172.7605532,Entire home/apt,708.0,1.0,1,2026-04-12,0.24,1,206,1,,2026-5,2026-09-17,158.0
1627706368437012929,Best of all worlds Beach & City Single to Double,8739275,Beth,Christchurch City,Heathcote Ward,-43.578802344125215,172.7627866832373,Private room,130.0,2.0,1,2026-05-03,0.29,2,365,1,,2026-5,2026-09-17,137.0
916753998285135942,Esplanade - Beachfront - Sumner Getaway,214933379,Benjamin,Christchurch City,Heathcote Ward,-43.5720791,172.7649366,Entire home/apt,2143.0,5.0,0,,,2,30,0,,2026-5,2026-09-17,
49424505,Redcliffs 3 Bd Waterfront Home | Near Sumner,8129785,Lisa,Christchurch City,Heathcote Ward,-43.5596,172.73788,Entire home/apt,411.0,1.0,0,,,1,63,0,,2026-5,2026-09-17,
1137067694175762746,The Hidden Doors,194363925,Caroline,Christchurch City,Heathcote Ward,-43.57886258900885,172.77501165396728,Entire home/apt,1445.0,2.0,0,,,1,71,0,,2026-5,2026-09-17,
1191553868068551050,Scarborough sanctuary!,445462271,Michelle,Christchurch City,Heathcote Ward,-43.5740533,172.7739765,Entire home/apt,777.0,1.0,3,2026-03-22,0.13,1,283,1,,2026-5,2026-09-17,179.0
1035105828386935445,Sumner Beach Pad,548626603,Maxine,Christchurch City,Heathcote Ward,-43.57279002045904,172.76457086205482,Entire home/apt,1031.0,3.0,8,2026-01-17,0.26,1,319,3,,2026-5,2026-09-17,243.0
1604198050009475813,City-Fringe Luxury Stay | 2BR Parking | Guest Fav,49642171,Lily-SimplyHost,Christchurch City,Innes Ward,-43.51753,172.65243,Entire home/apt,232.0,1.0,21,2026-06-28,3.21,97,353,21,,2026-5,2026-09-17,81.0
1265653416224892151,Fun funky beach house,367598181,Ruth,Christchurch City,Coastal Ward,-43.5477372,172.746651,Private room,93.0,2.0,15,2026-03-28,0.74,1,257,11,,2026-5,2026-09-17,173.0
1553212376684335798,Luxury 4-Bedroom Sumner Home with Ocean Views,724968808,Denis,Christchurch City,Heathcote Ward,-43.56388,172.73322,Entire home/apt,705.0,3.0,1,2026-03-29,0.22,2,179,1,,2026-5,2026-09-17,172.0
1151158356715025942,"Private Sleepout. Sunny, quiet, accessible",370086396,Joanna,Christchurch City,Papanui Ward,-43.496263686048934,172.60077324716374,Entire home/apt,116.0,1.0,53,2026-05-18,2.66,1,3,45,,2026-5,2026-09-17,122.0
1697552554418003873,Sumner beach Art house,1695167662431246614,Jodi Ann,Christchurch City,Heathcote Ward,-43.57235992170913,172.76525530471883,Entire home/apt,1142.0,2.0,0,,,1,170,0,,2026-5,2026-09-17,
775791108238004862,Surf Break Apartment 3,42353024,Danielle,Christchurch City,Heathcote Ward,-43.5675981,172.7574481,Entire home/apt,628.0,2.0,8,2025-02-22,0.19,3,250,0,,2026-5,2026-09-17,572.0
1647524559592467492,Papanui Southarora House,575337610,Jack,Christchurch City,Papanui Ward,-43.491354544516795,172.6147973164916,Entire home/apt,246.0,1.0,7,2026-07-16,1.69,1,148,7,,2026-5,2026-09-17,63.0
1670624195526866670,"Coastal Retreat | Sleeps 8, Walk to Beach",81390838,Perfect Stays,Christchurch City,Heathcote Ward,-43.57687,172.76383,Entire home/apt,639.0,2.0,0,,,28,93,0,,2026-5,2026-09-17,
1565062999498952836,Laid-back Sumner bach- 5 min walk to the beach,283584035,Rhys,Christchurch City,Heathcote Ward,-43.5735481,172.7613758,Entire home/apt,437.0,1.0,0,,,1,231,0,,2026-5,2026-09-17,
1289263607163688993,Redcliffs Treehouse,149767064,David,Christchurch City,Heathcote Ward,-43.5659335,172.7343454,Entire home/apt,335.0,2.0,12,2026-03-21,0.61,1,32,6,,2026-5,2026-09-17,180.0
1040038269419481427,Beachside cabin,498286875,Anna,Christchurch City,Coastal Ward,-43.52782592227783,172.7360013536194,Entire home/apt,155.0,1.0,10,2026-03-06,0.31,1,269,7,,2026-5,2026-09-17,195.0
1112546697655609511,Sawyer's Sanctuary,45860810,Lydia,Christchurch City,Papanui Ward,-43.4888674,172.6089088,Entire home/apt,243.0,1.0,64,2026-07-06,2.21,1,218,28,,2026-5,2026-09-17,73.0
1048114951342428719,Alpha Motel Deluxe One-Bedroom,179297759,Peng,Christchurch City,Riccarton Ward,-43.5384412,172.5789749,Private room,169.0,1.0,2,2025-04-20,0.11,19,270,0,,2026-5,2026-09-17,515.0
22571313,Two Bedroom Spa Bath Apartment,44728588,Anita Marie,Christchurch City,Papanui Ward,-43.48523,172.61557,Hotel room,208.0,1.0,8,2025-02-07,0.08,6,348,0,,2026-5,2026-09-17,587.0
14406415,Two bdrm house. Double/twin room. Garage parking,10986405,Punam,Christchurch City,Riccarton Ward,-43.531864,172.605331,Entire home/apt,,4.0,87,2026-04-18,0.74,1,0,16,,2026-5,2026-09-17,152.0
51480433,"20 min walk to city, large room with ensuite",76714495,Damein,Christchurch City,Central Ward,-43.51924,172.64817,Private room,69.0,2.0,102,2026-07-19,2.06,1,255,21,,2026-5,2026-09-17,60.0
1375518139487177843,Lux Local Living,368515906,Jed,Christchurch City,Innes Ward,-43.50276638371723,172.66183337639325,Entire home/apt,212.0,1.0,40,2026-07-12,2.41,4,272,34,,2026-5,2026-09-17,67.0
14937801,Back House of Papanui,50163342,Susie,Christchurch City,Papanui Ward,-43.49113,172.59717,Entire home/apt,266.0,2.0,275,2026-05-03,2.28,2,115,16,,2026-5,2026-09-17,137.0
1651088780257505011,3BR Family Cottage | warm and central,3626215,Anna,Christchurch City,Heathcote Ward,-43.57195806405291,172.69650679081678,Entire home/apt,261.0,2.0,2,2026-05-24,0.69,1,122,2,,2026-5,2026-09-17,116.0
17190653,Single accommodation with own bathroom/ breakfast,96710780,Peter,Christchurch City,Innes Ward,-43.51536,172.6528,Private room,76.0,1.0,678,2026-07-17,6.31,3,211,61,,2026-5,2026-09-17,62.0
1173606925791155144,Alpha Motel City Spa-bath Studio,179297759,Peng,Christchurch City,Riccarton Ward,-43.5385502,172.5789156,Entire home/apt,153.0,1.0,8,2025-12-06,0.31,19,270,2,,2026-5,2026-09-17,285.0
31040916,Spacious Family Home in Central Christchurch,19256013,Robyn,Christchurch City,Fendalton Ward,-43.51423,172.60978,Entire home/apt,398.0,7.0,9,2024-12-30,0.13,2,134,0,,2026-5,2026-09-17,626.0
1566800894718363469,Cotswold Retreat – Cosy 1-Bedroom with Logburner,28774099,Liz,Christchurch City,Harewood Ward,-43.48726,172.58432,Entire home/apt,178.0,1.0,33,2026-08-10,4.11,3,273,33,,2026-5,2026-09-17,38.0
1238064460701518987,Spacious Stay near Avon River w/ Carpark,551181197,Paula Kat Charlotte,Christchurch City,Central Ward,-43.5195555,172.6594498,Entire home/apt,304.0,1.0,32,2026-08-02,1.43,177,160,16,,2026-5,2026-09-17,46.0
1061077356432442792,Max Penthouse 3 Bedroom with Spa,179297759,Peng,Christchurch City,Riccarton Ward,-43.5384412,172.5789749,Entire home/apt,377.0,1.0,4,2026-04-26,0.21,19,270,2,,2026-5,2026-09-17,144.0
37942941,"Orchard Cottage, Diamond Harbour",251871632,Paula,Christchurch City,Banks Peninsula Ward,-43.62664,172.7414,Entire home/apt,185.0,2.0,124,2026-07-18,1.5,1,263,8,,2026-5,2026-09-17,61.0
1514168353047619331,Large 4 Bedroom Home | Split Bed Option | Parking,72194360,Breidi,Christchurch City,Fendalton Ward,-43.51158,172.60973,Entire home/apt,605.0,1.0,17,2026-08-02,2.29,10,226,17,,2026-5,2026-09-17,46.0
1163370474837044485,Modern Town House in the Heart of Merivale,72194360,Breidi,Christchurch City,Fendalton Ward,-43.51303619999999,172.618855,Entire home/apt,381.0,2.0,78,2026-07-14,2.92,10,308,35,,2026-5,2026-09-17,65.0
1089973018895629280,Family Haven - mins from airport,561736486,Jessica,Christchurch City,Papanui Ward,-43.49232,172.59881,Entire home/apt,384.0,3.0,1,2024-10-03,0.04,1,361,0,,2026-5,2026-09-17,714.0
846614858284264314,Jeffreys Road,24205506,"Mayie, Judi And Karen At Bookahome",Christchurch City,Fendalton Ward,-43.51176,172.60199,Entire home/apt,281.0,5.0,13,2026-04-27,0.31,81,97,7,,2026-5,2026-09-17,143.0
1583705298392044829,Master bedroom with its own bathroom and toilet.,733820483,Bhupinder,Christchurch City,Innes Ward,-43.49556748982597,172.65456373857197,Private room,104.0,1.0,12,2026-04-26,1.71,1,365,12,,2026-5,2026-09-17,144.0
1322765114103289114,Backpacker Deluxe with living space,98758734,North South Holiday Park,Christchurch City,Harewood Ward,-43.47061,172.57066,Entire home/apt,194.0,1.0,1,2025-01-25,0.05,20,323,0,,2026-5,2026-09-17,600.0
1570731573815881619,Beautiful Caravan Studio in Ōtautahi,63955373,Luis Esteban,Christchurch City,Linwood Ward,-43.53913,172.67406,Entire home/apt,92.0,2.0,4,2026-07-06,0.69,1,88,4,,2026-5,2026-09-17,73.0
7748377,Manor Cottage and Kowhai Room,39214866,Leah,Christchurch City,Papanui Ward,-43.50015,172.58851,Entire home/apt,208.0,2.0,93,2026-04-27,0.7,2,268,4,,2026-5,2026-09-17,143.0
982665707456333129,"Self contained, private, sunny & peaceful retreat",247294642,Ian,Christchurch City,Waimairi Ward,-43.5016939,172.5809391,Entire home/apt,203.0,1.0,64,2026-07-23,1.83,1,168,20,,2026-5,2026-09-17,56.0
39559011,Cottage,98758734,North South Holiday Park,Christchurch City,Harewood Ward,-43.47165,172.57018,Private room,174.0,1.0,2,2023-06-18,0.03,20,274,0,,2026-5,2026-09-17,1187.0
735192520611509658,Relax & Escape | Incredible Views & Outdoor Bath,20429507,Megan,Christchurch City,Banks Peninsula Ward,-43.60377,172.68891,Entire home/apt,230.0,1.0,566,2026-08-08,12.43,1,93,134,,2026-5,2026-09-17,40.0
12073907,Grassmere Estate  With Beautiful Tranquil Gardens,64702979,Kim And Mandy,Christchurch City,Papanui Ward,-43.49461,172.61691,Entire home/apt,264.0,1.0,259,2026-08-09,2.09,1,210,23,,2026-5,2026-09-17,39.0
1289423259952490542,Graceful Stay 3BR beside UC,542186568,Sharon,Christchurch City,Fendalton Ward,-43.5207314,172.5849414,Entire home/apt,270.0,1.0,131,2026-08-01,6.24,7,96,98,,2026-5,2026-09-17,47.0
1402718603558905707,Stillpoint  Retreat,496443088,Louise,Christchurch City,Heathcote Ward,-43.5683736,172.72091,Entire home/apt,229.0,2.0,17,2026-07-16,1.11,1,340,16,,2026-5,2026-09-17,63.0
52795827,Stylish Comfort in Fendalton  - Sunny 2 Bedroom,83006490,Aleisha,Christchurch City,Fendalton Ward,-43.51678,172.60084,Entire home/apt,215.0,3.0,146,2026-07-15,2.91,1,290,31,,2026-5,2026-09-17,64.0
24561890,Fabulous Views of city and alps,50867124,Chryssie,Christchurch City,Heathcote Ward,-43.57355,172.71798,Private room,170.0,1.0,177,2026-03-02,1.88,1,155,29,,2026-5,2026-09-17,199.0
1739692995996204827,"Peaceful Stay Near Airport, UC & Mall | Breakfast",318839994,⁨秀秀Joy（基督城民宿）⁩,Christchurch City,Waimairi Ward,-43.4989041,172.5839518,Private room,86.0,1.0,0,,,1,179,0,,2026-5,2026-09-17,
1334508408580305348,"Private Entry 
 Sunny Deck & Ensuite
Room 3",672613640,Stephen,Christchurch City,Burwood Ward,-43.511331120394466,172.66636390665803,Private room,110.0,1.0,109,2026-04-30,5.8,3,74,67,,2026-5,2026-09-17,140.0
27859940,Strowan House 1 - Single Level with Aircon,200539374,Rose,Christchurch City,Fendalton Ward,-43.50974,172.60462,Entire home/apt,257.0,2.0,140,2026-07-17,1.48,1,245,20,,2026-5,2026-09-17,62.0
882341847699783999,Mariners Cabin: Your seaside escape,377819206,Chelsea,Christchurch City,Banks Peninsula Ward,-43.60472071695861,172.6898292729285,Entire home/apt,257.0,1.0,297,2026-08-01,7.63,1,54,79,,2026-5,2026-09-17,47.0
52830397,Close to airport getaway,23389870,Hennie,Christchurch City,Harewood Ward,-43.48845,172.57352,Entire home/apt,144.0,1.0,575,2026-08-01,9.94,5,147,83,,2026-5,2026-09-17,47.0
1066959172551806311,3 Bedroom House - NEW,98758734,North South Holiday Park,Christchurch City,Harewood Ward,-43.47173,172.57087,Private room,328.0,1.0,0,,,20,293,0,,2026-5,2026-09-17,
719766372866700075,Outstanding on Aikmans!,72194360,Breidi,Christchurch City,Fendalton Ward,-43.51253,172.61963,Entire home/apt,370.0,1.0,181,2026-07-26,3.82,10,211,37,,2026-5,2026-09-17,53.0
1069093779086670816,Waimairi Road - Handy to University,24205506,"Mayie, Judi And Karen At Bookahome",Christchurch City,Waimairi Ward,-43.5098,172.57225,Entire home/apt,237.0,7.0,9,2026-02-21,0.29,81,282,5,,2026-5,2026-09-17,208.0
1199551533649117688,Peaceful Lyttelton Studio - Free Parking,556031357,Madhu,Christchurch City,Banks Peninsula Ward,-43.60248516298357,172.7245818078518,Entire home/apt,150.0,1.0,35,2026-07-23,1.56,1,168,4,,2026-5,2026-09-17,56.0
1292546632781932856,Modern 5 bdrm House perfect for groups & families,522470829,Vicky,Christchurch City,Harewood Ward,-43.470831697633784,172.57265143096447,Entire home/apt,500.0,1.0,20,2026-07-04,1.86,1,225,20,,2026-5,2026-09-17,75.0
1520637015528070519,Sumner Beach Retreat - Steps to Sand & Surf! + Spa,107606354,Callum,Christchurch City,Heathcote Ward,-43.57004024983364,172.76045233011246,Entire home/apt,497.0,1.0,14,2026-02-05,1.43,2,314,14,,2026-5,2026-09-17,224.0
44562050,Merivale Modernism,100458569,Karen,Christchurch City,Fendalton Ward,-43.51934884289419,172.61983685195446,Entire home/apt,291.0,2.0,0,,,2,311,0,,2026-5,2026-09-17,
40206974,The School House,98758734,North South Holiday Park,Christchurch City,Harewood Ward,-43.47029,172.57093,Entire home/apt,363.0,1.0,1,2022-06-26,0.02,20,307,0,,2026-5,2026-09-17,1544.0
1232729960826265002,Hilltop House with Ocean Views,131694130,Hannah,Christchurch City,Heathcote Ward,-43.56348174228088,172.72649916584965,Entire home/apt,117.0,2.0,86,2026-08-03,3.81,1,150,39,,2026-5,2026-09-17,45.0
1573992514061033859,Private and comfortable guesthouse,144059201,Deborah,Christchurch City,Harewood Ward,-43.48728,172.57398,Entire home/apt,131.0,1.0,30,2026-07-22,4.21,1,167,30,,2026-5,2026-09-17,57.0
1245418435115870909,Little house with big views!,125024152,Jacinta And Marc,Christchurch City,Banks Peninsula Ward,-43.6017276,172.6915164,Entire home/apt,217.0,2.0,142,2026-08-12,6.17,1,164,77,,2026-5,2026-09-17,36.0
1638947433604836610,Peaceful retreat with sparkling views,180079998,Rebecca,Christchurch City,Banks Peninsula Ward,-43.62624,172.72022,Entire home/apt,319.0,2.0,1,2026-05-17,0.33,1,279,1,,2026-5,2026-09-17,123.0
27822466,7 Min CHC Airport • Private Room • Late Check-in,210097469,Rachelle,Christchurch City,Harewood Ward,-43.4818,172.58161,Private room,147.0,1.0,180,2026-03-03,1.86,1,149,3,,2026-5,2026-09-17,198.0
21255028,Waipapa -The Heart of the Harbour (& breakfast),37434003,Antje,Christchurch City,Banks Peninsula Ward,-43.6254997253418,172.7392120361328,Private room,207.0,1.0,15,2026-01-09,0.48,2,76,2,,2026-5,2026-09-17,251.0
1350849560914986203,Fantail Coastal Cottage,12222757,Kelsey,Christchurch City,Banks Peninsula Ward,-43.62768,172.7303,Entire home/apt,330.0,2.0,38,2026-07-28,2.31,3,190,23,,2026-5,2026-09-17,51.0
1654821509215926144,Papanui Oasis Entire House,754856789,Jonathan Allan,Christchurch City,Papanui Ward,-43.48954,172.61408,Entire home/apt,232.0,1.0,7,2026-07-12,1.74,1,316,7,,2026-5,2026-09-17,67.0
1510470250234345755,Unit in Ilam,53500855,Tim,Christchurch City,Riccarton Ward,-43.51882450000001,172.5756096,Entire home/apt,192.0,2.0,36,2026-07-30,3.61,1,72,36,,2026-5,2026-09-17,49.0
750103808917622148,"Peaceful in Redwood, Christchurch",26334225,Raylene,Christchurch City,Papanui Ward,-43.47611,172.62025,Private room,105.0,1.0,15,2026-03-01,0.33,2,364,5,,2026-5,2026-09-17,200.0
1259615297274201375,Modern Spacious Hillside Retreat with Scenic Views,74811135,Maggie,Christchurch City,Heathcote Ward,-43.56135379539843,172.7151178461591,Entire home/apt,266.0,1.0,85,2026-07-24,3.95,46,263,37,,2026-5,2026-09-17,55.0
1627968205843879964,Valley Escape,548794811,Shelagh,Christchurch City,Heathcote Ward,-43.57602,172.7134,Entire home/apt,202.0,1.0,19,2026-07-31,4.32,1,310,19,,2026-5,2026-09-17,48.0
1695613032477824516,"7 mins from City, 2 mins to shops. Peaceful, Gated",249376807,Plivia,Christchurch City,Linwood Ward,-43.52941013369088,172.6806127151436,Private room,81.0,1.0,11,2026-08-13,4.71,2,254,11,,2026-5,2026-09-17,35.0
898158751063093298,Sunny cossy 5 min from airport,516273164,Gift,Christchurch City,Harewood Ward,-43.49705,172.582,Private room,130.0,1.0,0,,,1,364,0,,2026-5,2026-09-17,
929064122824302288,Cosy Tiny in Cass Bay,244620687,Catherine,Christchurch City,Banks Peninsula Ward,-43.6031592,172.6895409,Entire home/apt,166.0,1.0,186,2026-08-09,6.36,2,307,75,,2026-5,2026-09-17,39.0
11852621,"Spa pool with great views,  Lyttelton/Christchurch",55159216,Gregor,Christchurch City,Banks Peninsula Ward,-43.60254,172.72462,Entire home/apt,244.0,1.0,918,2026-07-23,7.44,1,312,83,,2026-5,2026-09-17,56.0
5752166,Chic Private Studio 6mins from Airport & shops/bus,28774099,Liz,Christchurch City,Harewood Ward,-43.48641586303711,172.58523559570312,Entire home/apt,139.0,1.0,533,2026-06-03,9.43,3,293,22,,2026-5,2026-09-17,106.0
993069594994366944,Private Cedar Sauna & Hot Tub Retreat,433476,Hugo,Christchurch City,Coastal Ward,-43.522,172.72657,Entire home/apt,309.0,1.0,58,2026-07-11,2.86,1,247,40,,2026-5,2026-09-17,68.0
1749889066402275132,"Harbourlight house in Lyttelton, New Zealand",230573657,Alex,Christchurch City,Banks Peninsula Ward,-43.60256564964883,172.72148200059434,Entire home/apt,242.0,1.0,0,,,2,335,0,,2026-5,2026-09-17,
880054467429718501,Panoramic Beach Views in Sumner,233387057,Blake,Christchurch City,Heathcote Ward,-43.5684885,172.7526449,Entire home/apt,955.0,2.0,42,2026-07-19,1.09,1,65,11,,2026-5,2026-09-17,60.0
1269008285232798525,Brand New 3BR home opposite to UC,542186568,Sharon,Christchurch City,Fendalton Ward,-43.5207314,172.5849414,Entire home/apt,270.0,1.0,121,2026-08-08,5.78,7,101,71,,2026-5,2026-09-17,40.0
29555265,Allandale Bush Retreat,222519520,Denise,Christchurch City,Banks Peninsula Ward,-43.64191,172.63812,Entire home/apt,202.0,2.0,175,2026-07-11,1.89,1,158,20,,2026-5,2026-09-17,68.0
3900685,"Views Hills + Beach, warm double rooms available",20198799,Michael,Christchurch City,Banks Peninsula Ward,-43.60344,172.6901,Private room,229.0,1.0,105,2026-05-05,0.75,2,351,23,,2026-5,2026-09-17,135.0
6467168,lazy porch studio,33781654,Lou,Christchurch City,Linwood Ward,-43.54546,172.67745,Entire home/apt,98.0,1.0,1601,2026-08-09,11.81,1,156,141,,2026-5,2026-09-17,39.0
40183209,Ensuite Double,98758734,North South Holiday Park,Christchurch City,Harewood Ward,-43.47103,172.57169,Private room,138.0,1.0,0,,,20,309,0,,2026-5,2026-09-17,
2009003,Luxury Cass Bay Retreat (B),10339399,Vivienne,Christchurch City,Banks Peninsula Ward,-43.60411,172.69502,Entire home/apt,199.0,1.0,466,2026-08-09,3.05,3,243,54,,2026-5,2026-09-17,39.0
871204934582708163,The Daughter's Anchorage · Historic Cottage,352842587,Simon And Leah,Christchurch City,Banks Peninsula Ward,-43.59825,172.72311,Entire home/apt,306.0,2.0,237,2026-08-09,6.11,1,276,57,,2026-5,2026-09-17,39.0
610902801787723040,"Private Room, bathroom & kitchen - Cass Bay",82363146,Wendy,Christchurch City,Banks Peninsula Ward,-43.604427,172.691528,Entire home/apt,142.0,1.0,109,2026-07-20,2.11,3,362,14,,2026-5,2026-09-17,59.0
51253058,Light & Spacious 2Bdrm Townhouse Off Street Park,45768555,Hasslefree Accommodation,Christchurch City,Central Ward,-43.52047,172.65235,Entire home/apt,260.0,1.0,107,2026-03-10,1.83,65,315,1,,2026-5,2026-09-17,191.0
1332925710069085290,"Queen Private Entry, Ensuite, Sunny Deck
Room 2",672613640,Stephen,Christchurch City,Burwood Ward,-43.51055368756739,172.66820036875183,Private room,117.0,1.0,152,2026-04-30,8.04,3,74,94,,2026-5,2026-09-17,140.0
752341962087649365,Lyttel BOS Studio,57440995,Melissa,Christchurch City,Banks Peninsula Ward,-43.60293,172.70898,Entire home/apt,245.0,2.0,102,2026-07-11,2.3,1,343,32,,2026-5,2026-09-17,68.0
779292148829442752,Black Point Beauty,39994192,Debi,Christchurch City,Banks Peninsula Ward,-43.6336608,172.7124996,Private room,151.0,1.0,68,2026-08-03,1.58,1,50,20,,2026-5,2026-09-17,45.0
38361527,Come stay with locals!,6068226,Joshua,Christchurch City,Linwood Ward,-43.52712,172.67834,Private room,88.0,1.0,114,2026-07-31,1.35,1,312,34,,2026-5,2026-09-17,48.0
1614836878853352389,Coastal Calm Suite | Sheltered Garden Setting,744614610,Jared,Christchurch City,Banks Peninsula Ward,-43.63024,172.74087,Entire home/apt,112.0,1.0,10,2026-08-08,2.8,3,264,10,,2026-5,2026-09-17,40.0
43743813,Rapaki  Rendezvous by the Sea on Lyttelton Harbour,324058622,Christine,Christchurch City,Banks Peninsula Ward,-43.6064247,172.6811556,Entire home/apt,390.0,1.0,43,2026-04-12,1.04,1,271,11,,2026-5,2026-09-17,158.0
1599093417473661620,Nest Solo,690839047,Mathew,Christchurch City,Innes Ward,-43.502759947028785,172.6575436140453,Private room,62.0,7.0,0,,,4,48,0,,2026-5,2026-09-17,
1552478429225611196,Manuki Tiny Retreat - Private stay Templeton,355596457,Mahe,Christchurch City,Hornby Ward,-43.55322,172.47331,Entire home/apt,197.0,1.0,15,2026-07-05,1.65,1,351,15,,2026-5,2026-09-17,74.0
1621291518291046556,Room in Christchurch (10 mins from Airport),665624535,Sharmaine,Christchurch City,Hornby Ward,-43.53937859280128,172.5169571602751,Private room,103.0,1.0,2,2026-04-22,0.36,3,279,2,,2026-5,2026-09-17,148.0
841037356438446875,Stunning cottage close 2 airport,23389870,Hennie,Christchurch City,Harewood Ward,-43.48859,172.5735,Entire home/apt,458.0,1.0,96,2026-03-30,2.5,5,310,24,,2026-5,2026-09-17,171.0
1090730459242150223,A room in a home,439826551,Giya,Christchurch City,Burwood Ward,-43.48332359114418,172.67109487205744,Private room,82.0,1.0,131,2026-07-26,4.31,1,285,67,,2026-5,2026-09-17,53.0
1662943015080735086,Classic 1861 Villa 6kms from Central Christchurch,17014587,Anthea,Christchurch City,Burwood Ward,-43.49351,172.66344,Entire home/apt,223.0,1.0,6,2026-07-18,1.51,1,141,6,,2026-5,2026-09-17,61.0
1694534128901211096,Your home away from home,122082991,Gemma,Christchurch City,Papanui Ward,-43.4858711135781,172.6204149749659,Entire home/apt,148.0,2.0,1,2026-07-12,0.88,1,78,1,,2026-5,2026-09-17,67.0
35270741,Charteris Bay Getaway.,197635259,Abie,Christchurch City,Banks Peninsula Ward,-43.64877,172.70757,Entire home/apt,343.0,2.0,71,2026-01-02,0.82,1,6,2,,2026-5,2026-09-17,258.0
53756719,Holiday Home Close By Christchurch Airport,48550774,Happy-Home,Christchurch City,Waimairi Ward,-43.50551,172.57202,Entire home/apt,290.0,1.0,0,,,1,365,0,,2026-5,2026-09-17,
1640140951241302387,4 BRD Shirley family house - 10 mins drive to CBD,43367626,Sharon,Christchurch City,Innes Ward,-43.5044224,172.6576526,Entire home/apt,363.0,2.0,2,2026-07-07,0.52,18,65,2,,2026-5,2026-09-17,72.0
18722018,Self Contained Guest House.,130194847,Jennifer,Christchurch City,Papanui Ward,-43.50092,172.6215,Entire home/apt,118.0,2.0,212,2026-05-11,1.9,1,236,14,,2026-5,2026-09-17,129.0
880119344865178248,The Best of Both Worlds,173715343,Sarah,Christchurch City,Heathcote Ward,-43.56322979999999,172.7096966,Entire home/apt,104.0,1.0,169,2026-08-07,4.23,1,185,61,,2026-5,2026-09-17,41.0
1322281891107360213,Relax and enjoy your stay…!,667897298,Kanchana Udayanthi,Christchurch City,Harewood Ward,-43.47891,172.58744,Private room,116.0,1.0,25,2026-02-28,1.34,1,365,17,,2026-5,2026-09-17,201.0
40183765,Ensuite Cabin (Sleeps 6),98758734,North South Holiday Park,Christchurch City,Harewood Ward,-43.47002,172.57088,Private room,194.0,1.0,0,,,20,304,0,,2026-5,2026-09-17,
1301129310400396913,2 bed 2 bath with Carpark near Canterbury Uni,482671075,Care Property Stays,Christchurch City,Fendalton Ward,-43.51993979758108,172.58499366106443,Entire home/apt,281.0,1.0,72,2026-07-04,3.5,184,199,40,,2026-5,2026-09-17,75.0
45899184,Park Motel,98758734,North South Holiday Park,Christchurch City,Harewood Ward,-43.46982,172.57101,Private room,184.0,1.0,2,2022-07-15,0.03,20,324,0,,2026-5,2026-09-17,1525.0
1645313012549213030,Modern Merivale Escape – Prime Location,752425567,Jeremy,Christchurch City,Fendalton Ward,-43.5156,172.61657,Entire home/apt,257.0,1.0,11,2026-08-08,2.66,1,264,11,,2026-5,2026-09-17,40.0
1270601791976192291,Luxury Private Apartment Strowan,17608003,The Polson Family,Christchurch City,Fendalton Ward,-43.50950425610945,172.6052613976149,Entire home/apt,278.0,1.0,11,2026-06-25,0.53,1,83,8,,2026-5,2026-09-17,84.0
14185366,"Saxon Cottage, original 1880's Chch farm cottage",65165410,Helen,Christchurch City,Heathcote Ward,-43.55406,172.69765,Entire home/apt,,2.0,74,2026-05-15,0.94,2,87,5,,2026-5,2026-09-17,125.0
1335685529834728922,"Queen + KS Private Entry, Deck
& Ensuite 
 Room 1",672613640,Stephen,Christchurch City,Burwood Ward,-43.50996,172.668,Private room,111.0,1.0,80,2026-04-25,4.32,3,74,47,,2026-5,2026-09-17,145.0
1342436891020140964,Modern City Townhouse & Gated Car Park,70052928,Ellie,Christchurch City,Innes Ward,-43.509302385880375,172.65133397261755,Entire home/apt,224.0,1.0,11,2026-07-13,0.62,1,222,9,,2026-5,2026-09-17,66.0
13251005,"Coastal Pathway, Butterfly Bungalow",74527175,Andrea,Christchurch City,Heathcote Ward,-43.55922,172.73756,Private room,96.0,1.0,16,2024-10-03,0.13,1,364,0,,2026-5,2026-09-17,714.0
21848740,The Black House - Akaroa Harbour,28321324,Catherine,Christchurch City,Banks Peninsula Ward,-43.83186,172.90221,Entire home/apt,445.0,3.0,81,2026-05-03,0.78,1,168,9,,2026-5,2026-09-17,137.0
838565100873967862,Port Goodness,195093909,Kate,Christchurch City,Banks Peninsula Ward,-43.59488,172.72152,Entire home/apt,289.0,2.0,45,2026-07-21,1.11,1,346,19,,2026-5,2026-09-17,58.0
1614857705778366344,Coastal Calm | Two Suite Coastal Retreat,744614610,Jared,Christchurch City,Banks Peninsula Ward,-43.63073,172.73974,Entire home/apt,146.0,2.0,8,2026-06-13,1.97,3,260,8,,2026-5,2026-09-17,96.0
1277106501619193453,Luxury And Serene 2 Bed Near CBD With Parking.,417093598,Michalina,Christchurch City,Innes Ward,-43.50887725929177,172.65131988298631,Entire home/apt,312.0,1.0,23,2026-05-09,1.08,1,161,2,,2026-5,2026-09-17,131.0
19610023,The Hut,400942547,Krista,Christchurch City,Heathcote Ward,-43.57225,172.7726,Entire home/apt,147.0,1.0,865,2026-07-17,7.93,2,314,73,,2026-5,2026-09-17,62.0
49019590,Gem of a Kiwi Bach!,57015466,Laura,Christchurch City,Heathcote Ward,-43.58137,172.77607,Entire home/apt,142.0,2.0,154,2025-12-26,2.42,1,72,17,,2026-5,2026-09-17,265.0
12156954,Spacious Guest Unit in Central City,19256013,Robyn,Christchurch City,Fendalton Ward,-43.51502,172.6111,Entire home/apt,273.0,3.0,41,2024-11-29,0.44,2,53,0,,2026-5,2026-09-17,657.0
1470075056738874195,"Sea-views in Redcliffs.
Style, comfort & birdsong!",80978447,Amy,Christchurch City,Heathcote Ward,-43.56365149859917,172.73411263999336,Entire home/apt,263.0,2.0,58,2026-08-01,4.62,1,145,56,,2026-5,2026-09-17,47.0
23632488,Redwood Rest,26334225,Raylene,Christchurch City,Papanui Ward,-43.47749,172.62156,Private room,105.0,1.0,21,2026-02-28,0.26,2,364,3,,2026-5,2026-09-17,201.0
1173619456097235934,Alpha Motel officer One-Bedroom,179297759,Peng,Christchurch City,Riccarton Ward,-43.53855,172.57892,Entire home/apt,188.0,1.0,1,2024-12-06,0.05,19,269,0,,2026-5,2026-09-17,650.0
52885793,Fendalton Villa - Christchurch Holiday Home,145244100,Bachcare,Christchurch City,Fendalton Ward,-43.51943,172.60747,Entire home/apt,,3.0,13,2026-04-26,0.25,1231,357,4,,2026-5,2026-09-17,144.0
966384513112427873,6 min to Airport Burnside Full house with big yard,86216394,Min,Christchurch City,Waimairi Ward,-43.49712,172.57063,Entire home/apt,337.0,2.0,140,2026-07-24,3.99,42,147,44,,2026-5,2026-09-17,55.0
1051269971528217000,Varsity Retreat – Spacious 4-Bed Near UC,49642171,Lily-SimplyHost,Christchurch City,Riccarton Ward,-43.5184656,172.5707305,Entire home/apt,384.0,1.0,57,2026-06-22,1.83,97,162,12,,2026-5,2026-09-17,87.0
1089268870229452068,2 Bedroom Rose Cottage Farmhouse Free Parking,172281587,David,Christchurch City,Innes Ward,-43.4704927,172.6513751,Entire home/apt,210.0,2.0,7,2026-04-15,0.24,1,215,5,,2026-5,2026-09-17,155.0
1437316641058188086,Beach House Taylor’s Mistake,339966059,Joanne,Christchurch City,Heathcote Ward,-43.583823303441534,172.77490495092076,Entire home/apt,433.0,2.0,56,2026-07-23,3.94,1,120,46,,2026-5,2026-09-17,56.0
867048468098055942,The Den on Dudley - modern studio - walk to city,84419227,Becca,Christchurch City,Innes Ward,-43.513878573980485,172.65505861490965,Entire home/apt,133.0,1.0,24,2026-07-25,0.82,1,354,16,,2026-5,2026-09-17,54.0
1598757716207439478,The Tiny Diamond,740243887,Becs And Ash,Christchurch City,Banks Peninsula Ward,-43.62733,172.72495,Entire home/apt,210.0,1.0,13,2026-07-11,2.05,1,51,13,,2026-5,2026-09-17,68.0
772048331959116071,Tranquil And Entertaining Lifestyle 2 Bed House,489786737,Jing,Christchurch City,Innes Ward,-43.4775865,172.6590199,Entire home/apt,211.0,2.0,42,2026-05-01,0.95,2,265,11,,2026-5,2026-09-17,139.0
1427206746429240025,Stylish Fendalton Townhouse - Prime Location,145244100,Bachcare,Christchurch City,Fendalton Ward,-43.51691935451705,172.59974049067117,Entire home/apt,,2.0,6,2026-07-20,0.44,1231,365,5,,2026-5,2026-09-17,59.0
2352051,Luxury Cass Bay Retreat (A),10339399,Vivienne,Christchurch City,Banks Peninsula Ward,-43.60364,172.6954,Entire home/apt,173.0,1.0,221,2026-08-12,1.46,3,245,50,,2026-5,2026-09-17,36.0
30237340,Bond Estate Luxury Accommodation Christchurch,227081436,Garry,Christchurch City,Hornby Ward,-43.52169,172.50432,Entire home/apt,1354.0,1.0,51,2026-08-01,0.55,1,193,4,,2026-5,2026-09-17,47.0
1568353813620661489,Harbour Crest Retreat - Lyttelton Holiday Home,145244100,Bachcare,Christchurch City,Banks Peninsula Ward,-43.59766,172.71348,Entire home/apt,,2.0,4,2026-04-21,0.57,1231,363,4,,2026-5,2026-09-17,149.0
992357982340131314,Jolly Close To CBD - Brand New 2 Bedroom Retreat,539762333,Amandeep,Christchurch City,Linwood Ward,-43.53492,172.67684,Entire home/apt,365.0,1.0,66,2026-07-12,2.0,1,327,24,,2026-5,2026-09-17,67.0
1238156060538750686,Urban comfort and parking near Avebury Park,551181197,Paula Kat Charlotte,Christchurch City,Central Ward,-43.5195555,172.6594498,Entire home/apt,239.0,1.0,27,2026-05-10,1.19,177,175,13,,2026-5,2026-09-17,130.0
1714916045977943456,Rocking Retreat,1714913940884384502,Miriam,Christchurch City,Coastal Ward,-43.5563568,172.7504917,Entire home/apt,172.0,2.0,3,2026-07-17,2.25,1,166,3,,2026-5,2026-09-17,62.0
47031648,Five Acre Farm - The Cabin,96866236,Brie,Christchurch City,Heathcote Ward,-43.5677,172.71034,Entire home/apt,697.0,1.0,89,2026-07-25,1.32,2,256,12,,2026-5,2026-09-17,54.0
1052287782857086144,Max Three Bedroom Spa Penthouse,179297759,Peng,Christchurch City,Riccarton Ward,-43.5384412,172.5789749,Entire home/apt,377.0,1.0,2,2025-11-15,0.1,19,267,1,,2026-5,2026-09-17,306.0
1048048319234552432,Alpha Motel Eco Spa Studio,179297759,Peng,Christchurch City,Riccarton Ward,-43.5384412,172.5789749,Private room,145.0,1.0,1,2024-06-08,0.04,19,270,0,,2026-5,2026-09-17,831.0
1693804434702984459,Tranquil Coastal Escape in Diamond Harbour,753867335,Patricia,Christchurch City,Banks Peninsula Ward,-43.62434,172.72164,Entire home/apt,226.0,2.0,0,,,1,345,0,,2026-5,2026-09-17,
1748999736821211211,Hillside Retreat-Koru Studio,449312219,Kirsten,Christchurch City,Heathcote Ward,-43.57378749999999,172.722538,Entire home/apt,115.0,1.0,0,,,1,71,0,,2026-5,2026-09-17,
17450806,Amazing sea view in self contained Apartment,78882771,Noeleen,Christchurch City,Heathcote Ward,-43.56535,172.71674,Entire home/apt,141.0,1.0,90,2026-07-27,0.79,1,67,21,,2026-5,2026-09-17,52.0
775760849961458369,Great Location Kotuku Rose large family home,490417330,Karina,Christchurch City,Heathcote Ward,-43.55397,172.69315,Entire home/apt,411.0,1.0,132,2026-06-21,2.95,1,143,36,,2026-5,2026-09-17,88.0
24286375,Otaranui Farm Flat,42180188,Jozefa,Christchurch City,Banks Peninsula Ward,-43.60685,172.70377,Entire home/apt,175.0,2.0,114,2026-05-18,1.13,1,117,20,,2026-5,2026-09-17,122.0
926914686567939579,Islay Cottage Grade 2 Heritage Property,523329909,Tony & Brenda,Christchurch City,Banks Peninsula Ward,-43.60306,172.71689,Entire home/apt,365.0,2.0,58,2026-07-06,1.54,1,321,11,,2026-5,2026-09-17,73.0
1419924039511053516,Mount Pleasant Ocean Views 3 bedroom with bathtub,482671075,Care Property Stays,Christchurch City,Heathcote Ward,-43.5580319,172.7160523,Entire home/apt,443.0,1.0,15,2026-04-18,1.34,184,138,15,,2026-5,2026-09-17,152.0
1685898995698104776,Lyttelton Harbour Views | Shops & Cafés,482671075,Care Property Stays,Christchurch City,Banks Peninsula Ward,-43.6024899,172.7216027,Entire home/apt,226.0,1.0,8,2026-07-21,3.04,184,9,8,,2026-5,2026-09-17,58.0
1688690897722885935,Lyttelton Apartment Harbour Views + Walk to Cafés,482671075,Care Property Stays,Christchurch City,Banks Peninsula Ward,-43.6024899,172.7216027,Entire home/apt,215.0,1.0,7,2026-07-25,2.5,184,8,7,,2026-5,2026-09-17,54.0
684191078166171596,"Million dollar views, 4 bed, 2 bath and spa",431781991,Alistair Natalie,Christchurch City,Banks Peninsula Ward,-43.6290789,172.7204884,Entire home/apt,355.0,2.0,80,2026-07-10,1.71,2,338,21,,2026-5,2026-09-17,69.0
1893596,"Luxury at its best, Quail's Nest",5225682,Shelley,Christchurch City,Banks Peninsula Ward,-43.62728,172.71872,Entire home/apt,226.0,2.0,194,2026-02-27,1.25,1,296,6,,2026-5,2026-09-17,202.0
1314554077503248093,Studio Apartment Harbour View,18542986,Megan,Christchurch City,Banks Peninsula Ward,-43.60804156884073,172.70495322658093,Entire home/apt,143.0,7.0,11,2026-07-03,0.56,2,242,4,,2026-5,2026-09-17,76.0
1604081637981630359,Sun-Drenched Queen | WiFi | Quiet | Full Kitchen,203064866,Jamie,Christchurch City,Linwood Ward,-43.53311,172.68336,Private room,74.0,1.0,20,2026-08-05,3.16,2,268,20,,2026-5,2026-09-17,43.0
1264186987829708823,Black Bunker,656395599,Nick,Christchurch City,Heathcote Ward,-43.5761063,172.7750349,Entire home/apt,228.0,3.0,65,2026-07-25,3.1,1,313,38,,2026-5,2026-09-17,54.0
30268508,Luxury Diamond Harbour Retreat with Ocean Views,118622105,Rachel,Christchurch City,Banks Peninsula Ward,-43.63065,172.72596,Entire home/apt,223.0,1.0,282,2026-07-17,3.01,1,77,17,,2026-5,2026-09-17,62.0
1614795441751286773,Cottage escape | Hot Tub | Near Christchurch City,254259020,Claire,Christchurch City,Innes Ward,-43.41634,172.65559,Entire home/apt,433.0,2.0,5,2026-07-11,0.86,1,354,5,,2026-5,2026-09-17,68.0
1324299850860454563,Whare Piringa  ‘Haven’,103401920,Gavin,Christchurch City,Banks Peninsula Ward,-43.63182,172.73748,Entire home/apt,254.0,1.0,36,2026-04-11,1.95,1,138,21,,2026-5,2026-09-17,159.0
1342980432885964798,Executive Home with Stunning Harbour views,27281206,Mirjam,Christchurch City,Banks Peninsula Ward,-43.63799644146733,172.71410079982482,Entire home/apt,1175.0,1.0,8,2026-02-14,0.66,1,314,8,,2026-5,2026-09-17,215.0
50706253,The Sumner Loft,84622864,Matt And Caroline,Christchurch City,Heathcote Ward,-43.56859,172.75874,Entire home/apt,308.0,2.0,197,2026-07-16,3.34,1,306,34,,2026-5,2026-09-17,63.0
39992507,Modern Beach Unit,20450116,Chris,Christchurch City,Coastal Ward,-43.52746,172.73739,Entire home/apt,235.0,1.0,76,2026-07-12,0.93,1,198,30,,2026-5,2026-09-17,67.0
1393177667599639297,Holiday in Paradise,688392690,Shelley,Christchurch City,Banks Peninsula Ward,-43.64661633749566,172.71206623739903,Entire home/apt,276.0,2.0,25,2026-05-31,1.55,1,319,20,,2026-5,2026-09-17,109.0
20961000,Waterfront holiday Home - Vizcaya,97577560,Howard And Sarah,Christchurch City,Banks Peninsula Ward,-43.64529,172.70996,Entire home/apt,393.0,2.0,178,2026-07-12,1.65,1,106,17,,2026-5,2026-09-17,67.0
1005515557863887702,"Modern apartment, superb views",216795392,Chris,Christchurch City,Heathcote Ward,-43.57974649583687,172.7147159725427,Private room,161.0,1.0,46,2026-08-08,1.35,1,323,20,,2026-5,2026-09-17,40.0
1256695690044237999,Bayview Beauty - Charteris Bay Holiday Home,145244100,Bachcare,Christchurch City,Banks Peninsula Ward,-43.640007680862944,172.71477349047106,Entire home/apt,,2.0,5,2026-04-17,0.26,1231,365,4,,2026-5,2026-09-17,153.0
44573643,Hidden Gem at the backyard of Christchurch,191831593,William,Christchurch City,Banks Peninsula Ward,-43.6305,172.72373,Entire home/apt,443.0,2.0,131,2026-07-18,1.81,2,253,16,,2026-5,2026-09-17,61.0
754573596852381614,Diamond Harbour escape,486665268,Rodney,Christchurch City,Banks Peninsula Ward,-43.62654,172.73894,Private room,125.0,1.0,10,2026-06-20,0.27,1,351,2,,2026-5,2026-09-17,89.0
1514894249577131313,Restful rural retreat,109078928,Gabby,Christchurch City,Banks Peninsula Ward,-43.64225709999999,172.7530402,Entire home/apt,246.0,1.0,7,2026-03-05,0.95,1,322,7,,2026-5,2026-09-17,196.0
910585254583466291,Stay at the Birdhouse!,244822813,Nancy And Matt,Christchurch City,Banks Peninsula Ward,-43.62578,172.73881,Entire home/apt,161.0,2.0,34,2026-05-04,0.95,1,216,5,,2026-5,2026-09-17,136.0
584227314969757928,Deluxe King Room,449624343,Lucy,Christchurch City,Riccarton Ward,-43.53197,172.58719,Private room,227.0,1.0,17,2023-10-14,0.32,5,361,0,,2026-5,2026-09-17,1069.0
1259562742408697067,Sunny Queen size bedroom,655340092,Emily,Christchurch City,Central Ward,-43.51501,172.66116,Private room,99.0,3.0,6,2026-03-01,0.28,1,358,3,,2026-5,2026-09-17,200.0
815435529637670062,Charteris Bay BnB,498618966,Felicity,Christchurch City,Banks Peninsula Ward,-43.64889,172.70926,Private room,185.0,1.0,27,2026-03-07,0.65,1,330,12,,2026-5,2026-09-17,194.0
1272779470574983392,Charteris Coastal Retreat,450828117,Fleur,Christchurch City,Banks Peninsula Ward,-43.65497,172.70025,Entire home/apt,926.0,2.0,3,2026-04-05,0.47,1,90,3,,2026-5,2026-09-17,165.0
1590915382826776031,Classic Kiwi Bach + Sleepout | 100m to Purau Beach,54755317,Lucy,Christchurch City,Banks Peninsula Ward,-43.63921,172.75372,Entire home/apt,224.0,1.0,5,2026-07-25,1.18,1,329,5,,2026-5,2026-09-17,54.0
39559013,Park Motel 3,98758734,North South Holiday Park,Christchurch City,Harewood Ward,-43.47138,172.57044,Private room,180.0,1.0,3,2026-07-25,0.04,20,271,1,,2026-5,2026-09-17,54.0
1466371160251305125,3-Bedrooms Home near CBD,105265867,Andrew,Christchurch City,Central Ward,-43.51910571964622,172.64974415302277,Entire home/apt,309.0,1.0,9,2026-05-30,0.76,8,139,9,,2026-5,2026-09-17,110.0
2285496,Hidden Paradise in Christchurch,11588389,Ting,Christchurch City,Banks Peninsula Ward,-43.60587407545263,172.6942335116394,Entire home/apt,712.0,2.0,105,2026-06-30,3.02,1,189,29,,2026-5,2026-09-17,79.0
1553871530624354152,Cozy Cluck Cove Studio,72976384,Caroline,Christchurch City,Linwood Ward,-43.54423595658573,172.68621411891368,Entire home/apt,103.0,2.0,17,2026-05-17,2.7,1,343,17,,2026-5,2026-09-17,123.0
1643199133937502708,East gate mall walking distance.10 minutes to city,158252464,Satish,Christchurch City,Linwood Ward,-43.527112953536395,172.68464103341103,Private room,62.0,1.0,28,2026-08-09,5.68,1,66,28,,2026-5,2026-09-17,39.0
16480028,Streamview Studio Apartments (Ground Floor),100992313,Tony And Monique,Christchurch City,Innes Ward,-43.50971,172.65454,Entire home/apt,132.0,2.0,199,2025-11-08,1.7,2,300,1,,2026-5,2026-09-17,313.0
18659644,Banks Peninsula Cottage-Paradise near Christchurch,129676037,Rowan,Christchurch City,Banks Peninsula Ward,-43.72316,172.71741,Entire home/apt,132.0,2.0,576,2026-06-13,5.12,1,212,22,,2026-5,2026-09-17,96.0
13979317,"Home, Land and Sea Adventure",83381954,Anji,Christchurch City,Banks Peninsula Ward,-43.60444,172.69045,Private room,143.0,1.0,145,2026-04-17,1.22,2,175,11,,2026-5,2026-09-17,153.0
808234879059685574,Serene Two Bedroom Townhouse Close to Airport,49642171,Lily-SimplyHost,Christchurch City,Hornby Ward,-43.5459926,172.5175479,Entire home/apt,230.0,1.0,241,2026-07-17,5.64,97,348,61,,2026-5,2026-09-17,62.0
1622640937458333422,Self-contained Sleepout w. Ensuite & Kitchenette,300894417,Nathan,Christchurch City,Innes Ward,-43.49855,172.66044,Entire home/apt,117.0,2.0,2,2026-02-28,0.35,1,87,2,,2026-5,2026-09-17,201.0
1084148394653577698,"Near, but feels far",174666921,Rebecca,Christchurch City,Banks Peninsula Ward,-43.62742,172.7417,Entire home/apt,164.0,1.0,16,2026-04-11,0.53,1,252,6,,2026-5,2026-09-17,159.0
1211949850987973740,Sanctuary At The Bay - Diamond Harbour Retreat,145244100,Bachcare,Christchurch City,Banks Peninsula Ward,-43.62601,172.72021,Entire home/apt,,2.0,14,2026-07-12,0.61,1231,362,10,,2026-5,2026-09-17,67.0
16934756,Comfortable character cottage,78148444,Simon,Christchurch City,Innes Ward,-43.51546,172.65633,Private room,114.0,2.0,17,2019-04-20,0.15,2,158,0,,2026-5,2026-09-17,2707.0
54112965,Mid century home with unbeatable views,11606057,Emma,Christchurch City,Banks Peninsula Ward,-43.64096,172.71326,Entire home/apt,607.0,1.0,6,2025-12-31,0.11,1,66,1,,2026-5,2026-09-17,260.0
8815440,Manor Cottage,39214866,Leah,Christchurch City,Fendalton Ward,-43.50156,172.58867,Entire home/apt,177.0,2.0,88,2026-04-20,0.67,2,274,10,,2026-5,2026-09-17,150.0
16470077,"B & B,2-bed,value, garden spa, nr city/uni/airport",108085108,Barbara,Christchurch City,Fendalton Ward,-43.51354,172.5774,Private room,129.0,2.0,86,2026-04-30,0.75,3,212,10,,2026-5,2026-09-17,140.0
14560927,Guests favourite. Close to Airport & University,85049190,Gail,Christchurch City,Waimairi Ward,-43.5166,172.55643,Entire home/apt,,1.0,294,2026-07-15,3.58,1,0,103,,2026-5,2026-09-17,64.0
23376834,Modern 5-Bedroom Gem,174230299,Lynden,Christchurch City,Burwood Ward,-43.50787,172.67362,Entire home/apt,470.0,3.0,89,2026-08-07,3.74,1,246,38,,2026-5,2026-09-17,41.0
915265087559575428,Kaioruru View - Diamond Harbour Holiday Home,145244100,Bachcare,Christchurch City,Banks Peninsula Ward,-43.63306,172.71579,Entire home/apt,,2.0,1,2024-02-05,0.03,1231,365,0,,2026-5,2026-09-17,955.0
14981360,Hidden Gem - Homestay,94400943,Sharon,Christchurch City,Innes Ward,-43.4962,172.65997,Private room,197.0,1.0,4,2025-02-23,0.04,1,364,0,,2026-5,2026-09-17,571.0
674260150226299749,The Bealey Villa-Spa Retreat,1368723,Natalia,Christchurch City,Central Ward,-43.5203862308847,172.65018604695797,Entire home/apt,670.0,1.0,68,2026-04-27,1.45,1,72,8,,2026-5,2026-09-17,143.0
1006802025899925396,Luxury 2-Bed Townhouse Opposite Northlands Mall,49642171,Lily-SimplyHost,Christchurch City,Papanui Ward,-43.49462,172.61185,Entire home/apt,320.0,1.0,69,2026-07-12,2.12,97,296,22,,2026-5,2026-09-17,67.0
1333072958787067675,Bayview Paradise by Tiny Away,481232463,Tiny Away NZ,Christchurch City,Banks Peninsula Ward,-43.6352335,172.7373851,Entire home/apt,207.0,1.0,1,2025-05-16,0.07,98,362,0,,2026-5,2026-09-17,489.0
17144388,"Diamond Harbour farm cottage, Banks Peninsula.",115272177,Sarah,Christchurch City,Banks Peninsula Ward,-43.64286,172.74139,Entire home/apt,232.0,2.0,28,2025-01-25,0.25,1,356,0,,2026-5,2026-09-17,600.0
33058798,"Templeton tranquility, enroute to ski fields",248796686,Kaye,Christchurch City,Hornby Ward,-43.55258,172.47425,Entire home/apt,274.0,3.0,58,2026-02-28,0.7,1,183,1,,2026-5,2026-09-17,201.0
719728596972165329,Ensuite Room With Own Entry Close to Airport,212197931,Summer,Christchurch City,Fendalton Ward,-43.5052031,172.583727,Entire home/apt,82.0,1.0,64,2026-08-06,6.38,1,145,64,,2026-5,2026-09-17,42.0
1451807826440420738,Sunny modern townhouse | 10 mins to CBD,34232632,Lucy,Christchurch City,Papanui Ward,-43.49888,172.61382,Private room,193.0,2.0,5,2026-04-23,0.68,2,43,5,,2026-5,2026-09-17,147.0
1259534637646034624,Family home for relaxing and fun,24209750,Phil,Christchurch City,Burwood Ward,-43.49372370789243,172.66602816763128,Entire home/apt,381.0,1.0,4,2025-08-08,0.21,1,22,0,,2026-5,2026-09-17,405.0
17905806,"Airport apartment spacious, warm, families welcome",52737733,Helen,Christchurch City,Harewood Ward,-43.47903,172.58386,Entire home/apt,149.0,2.0,628,2025-11-24,5.58,1,309,19,,2026-5,2026-09-17,297.0
31006890,Fendalton holiday house the most convenient place,231573454,晓玉,Christchurch City,Fendalton Ward,-43.51929,172.59158,Entire home/apt,513.0,1.0,314,2026-07-13,3.44,1,256,18,,2026-5,2026-09-17,66.0
1549737580633025454,Dudley Creek - Guest House,192211677,Anil,Christchurch City,Innes Ward,-43.51373,172.65342,Private room,130.0,1.0,6,2026-02-28,0.74,1,321,6,,2026-5,2026-09-17,201.0
1309116214725126678,Spacious studio,582753827,Jane Zhang,Christchurch City,Papanui Ward,-43.480834348691104,172.6160356491522,Entire home/apt,359.0,3.0,7,2025-12-14,0.39,1,365,3,,2026-5,2026-09-17,277.0
1039889404397068556,Young Heart of the Harbour (& breakfast),37434003,Antje,Christchurch City,Banks Peninsula Ward,-43.6262755,172.739567,Private room,186.0,1.0,1,2025-03-02,0.06,2,105,0,,2026-5,2026-09-17,564.0
800773499513543755,The Outlook by Tiny Away,154813436,Tiny Away,Christchurch City,Banks Peninsula Ward,-43.63563,172.72137,Entire home/apt,257.0,1.0,43,2026-05-09,0.99,4,364,4,,2026-5,2026-09-17,131.0
1211821643986951362,Merivale Separate Studio,310238414,Kathryn,Christchurch City,Fendalton Ward,-43.51532,172.61993,Entire home/apt,128.0,1.0,202,2026-07-27,8.18,1,158,95,,2026-5,2026-09-17,52.0
1335260492835240060,"Cozy & Sunny Room – Near City Center, 7-min Drive",265879830,Helena,Christchurch City,Burwood Ward,-43.51141619795895,172.66694080084562,Private room,121.0,1.0,18,2026-08-13,1.0,1,280,14,,2026-5,2026-09-17,35.0
675113531579372721,2 Bedroom House,98758734,North South Holiday Park,Christchurch City,Harewood Ward,-43.4710081,172.5700892,Entire home/apt,323.0,1.0,4,2026-03-01,0.08,20,321,1,,2026-5,2026-09-17,200.0
24742386,Garden Studio With Ensuite (Breakfast included),43654083,Kathy,Christchurch City,Papanui Ward,-43.50407,172.59607,Entire home/apt,177.0,2.0,207,2026-08-01,2.29,1,270,38,,2026-5,2026-09-17,47.0
1615743387478439428,Queen Room in Hoonhay,744828398,Ryan,Christchurch City,Spreydon Ward,-43.55997,172.58825,Private room,137.0,1.0,3,2026-03-01,0.49,1,188,3,,2026-5,2026-09-17,200.0
748807214033615521,Private Sunny Unit close to the Airport,15480413,Jackie,Christchurch City,Fendalton Ward,-43.50675,172.58279,Entire home/apt,259.0,1.0,93,2026-05-18,2.06,2,78,10,,2026-5,2026-09-17,122.0
1681511506750219292,Azure Soar - UC&Riccarton - Private Bathroom Room5,477454854,Denny,Christchurch City,Riccarton Ward,-43.53624,172.5903,Private room,109.0,1.0,0,,,5,89,0,,2026-5,2026-09-17,
1640222559143913876,Suncrest Retreat- Christchurch Holiday Home,126697719,Harpreet,Christchurch City,Halswell Ward,-43.58898,172.60925,Entire home/apt,579.0,1.0,10,2026-07-18,2.38,1,300,10,,2026-5,2026-09-17,61.0
1465608252515819171,Premium Single-Level 2BR 2Bath Home Near UC Campus,49642171,Lily-SimplyHost,Christchurch City,Riccarton Ward,-43.52089,172.57544,Entire home/apt,333.0,1.0,23,2026-07-14,1.99,97,314,23,,2026-5,2026-09-17,65.0
25455712,Relaxed 3BR Hideaway • Outdoor Living & Pets,24205506,"Mayie, Judi And Karen At Bookahome",Christchurch City,Fendalton Ward,-43.51062,172.61792,Entire home/apt,318.0,2.0,68,2026-07-29,0.7,81,291,8,,2026-5,2026-09-17,50.0
862729897306600043,Riccarton 2 Bed 1 Bath w/Garage,482671075,Care Property Stays,Christchurch City,Riccarton Ward,-43.53502,172.58588,Entire home/apt,224.0,1.0,101,2026-08-08,2.49,184,261,31,,2026-5,2026-09-17,40.0
21111023,City View - Affordable Luxury Suite. 5k From City,152241212,Jo And Lance,Christchurch City,Cashmere Ward,-43.57383,172.63483,Private room,166.0,2.0,241,2026-07-23,2.25,2,256,38,,2026-5,2026-09-17,56.0
8472935,Rooms with a view in Christchurch,44620039,Carol,Christchurch City,Cashmere Ward,-43.58063,172.63356,Entire home/apt,169.0,2.0,170,2026-04-24,1.28,1,87,8,,2026-5,2026-09-17,146.0
35770403,2 Bedroom fully self-contained Apartment,127329302,Jay,Christchurch City,Riccarton Ward,-43.5319,172.58115,Private room,151.0,1.0,3,2022-09-18,0.04,6,307,0,,2026-5,2026-09-17,1460.0
36246836,Self-contained 2 bedroom apartment,272633559,Elise,Christchurch City,Banks Peninsula Ward,-43.80519,172.96649,Entire home/apt,244.0,1.0,47,2026-07-03,0.56,1,81,7,,2026-5,2026-09-17,76.0
34062192,Cashmere apartment with amazing views.,257214205,Barry,Christchurch City,Cashmere Ward,-43.57971,172.6377,Entire home/apt,137.0,1.0,286,2026-08-07,3.23,2,245,38,,2026-5,2026-09-17,41.0
1256738139148386521,The Kind Kiwi. A brand new home in Riccarton,551181197,Paula Kat Charlotte,Christchurch City,Riccarton Ward,-43.53548,172.5886055,Entire home/apt,219.0,1.0,101,2026-07-30,4.46,177,227,65,,2026-5,2026-09-17,49.0
958390211484302929,Luxury in Fendalton with Spa,315800267,Kathryn,Christchurch City,Riccarton Ward,-43.5270018,172.5875317,Private room,263.0,1.0,17,2026-07-09,0.51,2,178,11,,2026-5,2026-09-17,70.0
43569810,"Executive Private Studio, close to Uni and Airport",347615794,Sarbjit,Christchurch City,Riccarton Ward,-43.53259,172.57203,Private room,162.0,1.0,77,2026-07-18,1.03,3,363,10,,2026-5,2026-09-17,61.0
19000230,LOCATION .. central to everything! Sunny + modern!,905079,Fiona And Steven,Christchurch City,Fendalton Ward,-43.51804,172.58487,Private room,150.0,1.0,240,2026-04-22,2.15,1,244,19,,2026-5,2026-09-17,148.0
1298820646779802436,Walk to Canterbury Uni has own private car park,482671075,Care Property Stays,Christchurch City,Fendalton Ward,-43.52062,172.58511,Entire home/apt,342.0,1.0,67,2026-06-18,3.36,184,216,43,,2026-5,2026-09-17,91.0
1046157440027138070,Little Gem in a private place,235601944,Somalay,Christchurch City,Papanui Ward,-43.4945193,172.5988882,Private room,63.0,1.0,82,2026-07-24,2.57,1,257,50,,2026-5,2026-09-17,55.0
1564812830271700741,Halswell home from home,58499446,Fiona,Christchurch City,Halswell Ward,-43.57096,172.57808,Private room,75.0,2.0,10,2026-07-07,1.19,1,49,10,,2026-5,2026-09-17,72.0
1550242291008677448,Modern master suite. 10 minutes from the city,112042996,Moana,Christchurch City,Papanui Ward,-43.48813,172.6179,Private room,103.0,1.0,10,2026-08-08,1.1,1,334,10,,2026-5,2026-09-17,40.0
1303846325251355173,"Nestled in Nature, Near City",32539052,Frances,Christchurch City,Cashmere Ward,-43.5785033,172.6459753,Entire home/apt,250.0,5.0,9,2026-03-26,0.46,1,9,7,,2026-5,2026-09-17,175.0
1370751902527768165,Grand 5BR Villa in Fendalton - Walk to Hagley Park,551181197,Paula Kat Charlotte,Christchurch City,Fendalton Ward,-43.52057757513222,172.6092389322624,Entire home/apt,625.0,2.0,30,2026-07-05,1.93,177,216,26,,2026-5,2026-09-17,74.0
23644994,Close to Canterbury Adventure Park,107178900,Shelley,Christchurch City,Cashmere Ward,-43.57798,172.62071,Private room,138.0,4.0,3,2026-02-28,0.07,1,268,1,,2026-5,2026-09-17,201.0
1586585146887720162,Secluded oasis in Halswell,736369842,Sandi,Christchurch City,Halswell Ward,-43.60199129469335,172.5747565886309,Entire home/apt,126.0,2.0,11,2026-04-18,1.56,1,143,11,,2026-5,2026-09-17,152.0
22619643,Cozy and Convenient Stay on Upper Riccarton,166504334,Bee Swan,Christchurch City,Riccarton Ward,-43.53723,172.57834,Private room,155.0,2.0,27,2025-02-22,0.26,1,255,0,,2026-5,2026-09-17,572.0
1062865262741362065,A Tiny Home like no other!,293786612,Lynley,Christchurch City,Cashmere Ward,-43.5763966,172.6390174,Entire home/apt,267.0,2.0,18,2026-05-19,0.58,1,26,4,,2026-5,2026-09-17,121.0
835673317803002782,Modern luxury four bedroom house,211195948,Jenny,Christchurch City,Halswell Ward,-43.55061,172.55848,Entire home/apt,355.0,1.0,108,2026-05-06,2.59,19,216,32,,2026-5,2026-09-17,134.0
849686201373934402,Stunning new home tranquil hill views,187564220,Zane,Christchurch City,Halswell Ward,-43.59396,172.57374,Entire home/apt,368.0,1.0,212,2026-07-30,5.12,4,76,48,,2026-5,2026-09-17,49.0
19812732,Bush and birds,139965217,Sharyn,Christchurch City,Halswell Ward,-43.60153,172.57083,Entire home/apt,176.0,2.0,214,2025-01-12,1.97,1,187,0,,2026-5,2026-09-17,613.0
40041040,Hidden Gem of Christchurch - Sleeps 12,202585247,Ohana,Christchurch City,Halswell Ward,-43.5761604309082,172.57949829101562,Entire home/apt,473.0,1.0,557,2026-08-10,6.83,155,141,51,,2026-5,2026-09-17,38.0
558101365834713785,A Million City Views - Sleeps 10,202585247,Ohana,Christchurch City,Cashmere Ward,-43.58259,172.63994,Entire home/apt,468.0,1.0,358,2026-07-26,6.53,155,101,53,,2026-5,2026-09-17,53.0
1749791471971812155,Peaceful and private stay in Christchurch,1734385724100315546,Sukhmeet,Christchurch City,Halswell Ward,-43.5704849241453,172.5482026217513,Private room,160.0,1.0,0,,,1,364,0,,2026-5,2026-09-17,
1740195539563553319,Comfortable New 3BR Apartment,74811135,Maggie,Christchurch City,Halswell Ward,-43.56268,172.54811,Entire home/apt,386.0,1.0,0,,,46,227,0,,2026-5,2026-09-17,
1551993389290525894,Brand new 3 bedroom house,211195948,Jenny,Christchurch City,Hornby Ward,-43.54997,172.53491,Entire home/apt,287.0,1.0,25,2026-07-28,3.02,19,226,25,,2026-5,2026-09-17,51.0
41858980,The Boathouse - Akaroa Holiday Home,145244100,Bachcare,Christchurch City,Banks Peninsula Ward,-43.8072,172.96675,Entire home/apt,,2.0,22,2026-06-29,0.28,1231,348,2,,2026-5,2026-09-17,80.0
39697895,Akaroa harbour view studio: stylish light & clean,305109323,Charlotte,Christchurch City,Banks Peninsula Ward,-43.81713,172.95164,Entire home/apt,209.0,2.0,565,2026-07-23,6.88,1,28,74,,2026-5,2026-09-17,56.0
1490325394309577837,Modern Hillside Stay,151740992,Noby,Christchurch City,Halswell Ward,-43.58842,172.60675,Entire home/apt,641.0,3.0,0,,,1,123,0,,2026-5,2026-09-17,
1548685874596111956,Central Akaroa 2 bedroom upstairs apartment,20665858,Adam,Christchurch City,Banks Peninsula Ward,-43.8094032,172.96208,Entire home/apt,,1.0,30,2026-07-16,3.31,23,348,30,,2026-5,2026-09-17,63.0
779813695818589072,Queen bed for 1 or 2 guests,424963036,Gemma Alegre,Christchurch City,Halswell Ward,-43.58679207413948,172.60879762275394,Private room,191.0,1.0,21,2024-03-12,0.48,3,317,0,,2026-5,2026-09-17,919.0
1381269607476367188,Peaceful 2-Bedroom Retreat with Harbour Outlook,20665858,Adam,Christchurch City,Banks Peninsula Ward,-43.811981,172.959442,Entire home/apt,,1.0,43,2026-05-23,2.59,23,301,26,,2026-5,2026-09-17,117.0
52873542,#3 - The Wharf Seaview Apartments by AVI,70726871,Darren,Christchurch City,Banks Peninsula Ward,-43.80836,172.96205,Entire home/apt,210.0,1.0,4,2024-10-09,0.07,22,34,0,,2026-5,2026-09-17,708.0
1582329029751274493,Roomy 3-Bed Harbour View Getaway · Sleeps 7,20665858,Adam,Christchurch City,Banks Peninsula Ward,-43.75876,172.94642,Entire home/apt,,1.0,13,2026-06-06,1.88,23,352,13,,2026-5,2026-09-17,103.0
1588018985296378935,Beautiful House w/Parking | 5 mins to Airport,131734373,Alicia,Christchurch City,Hornby Ward,-43.5323886,172.5199049,Entire home/apt,285.0,1.0,16,2026-07-19,2.59,10,322,16,,2026-5,2026-09-17,60.0
1571913113694494968,Family friendly 3 bedroom house with amazing views,20665858,Adam,Christchurch City,Banks Peninsula Ward,-43.810251,172.9709684,Entire home/apt,,1.0,54,2026-07-29,6.59,23,197,54,,2026-5,2026-09-17,50.0
50093400,Modern Grandeur,57554873,Qing Yu,Christchurch City,Papanui Ward,-43.49858,172.62701,Entire home/apt,,2.0,21,2026-03-17,0.72,1,0,6,,2026-5,2026-09-17,184.0
13962354,Cashmere Hills with Stunning Mountain Views,28378709,Angela,Christchurch City,Cashmere Ward,-43.57454,172.6285,Entire home/apt,151.0,1.0,200,2026-08-08,1.74,1,276,40,,2026-5,2026-09-17,40.0
1063219451776799348,Ravensdale Vista,15742007,Pete & Tricia,Christchurch City,Halswell Ward,-43.5819335,172.6059837,Entire home/apt,211.0,2.0,4,2026-04-12,0.13,3,238,1,,2026-5,2026-09-17,158.0
27614723,"Big View from a Tiny House, Cashmere",114439283,Paris,Christchurch City,Halswell Ward,-43.57967,172.61018,Entire home/apt,171.0,2.0,123,2026-07-15,1.29,1,323,4,,2026-5,2026-09-17,64.0
1738197090172247602,Hillside tiny home,718248109,Anna,Christchurch City,Cashmere Ward,-43.5798784,172.6315357,Entire home/apt,143.0,2.0,0,,,1,192,0,,2026-5,2026-09-17,
868948731676758714,Cabin in the Trees,142497516,John,Christchurch City,Banks Peninsula Ward,-43.6177533222252,172.64442801475525,Entire home/apt,176.0,1.0,101,2026-04-26,3.7,1,214,56,,2026-5,2026-09-17,144.0
1153094927810043869,#64 La Voyageur Waterfront Apts by AVI,70726871,Darren,Christchurch City,Banks Peninsula Ward,-43.81285,172.95923,Entire home/apt,250.0,1.0,2,2025-03-15,0.1,22,166,0,,2026-5,2026-09-17,551.0
1277917115508682073,Homestay 2 Rooms upstair near Christchurch Airport,250552000,Sreela,Christchurch City,Harewood Ward,-43.45269308740136,172.61732278761832,Private room,140.0,1.0,16,2026-04-04,0.77,2,163,9,,2026-5,2026-09-17,166.0
698976089252700623,Travelers’ Home 旅行者之家,471135666,Mei,Christchurch City,Hornby Ward,-43.5247644,172.5288781,Private room,68.0,1.0,149,2026-08-06,3.08,4,46,7,,2026-5,2026-09-17,42.0
1062391302156960250,Your own space in our hillside cottage,14035453,Mark,Christchurch City,Cashmere Ward,-43.5791148,172.6305125,Private room,122.0,2.0,34,2026-04-18,1.18,1,262,5,,2026-5,2026-09-17,152.0
8554890,Potters Croft Garden and B&B,45031191,Jocelyn,Christchurch City,Banks Peninsula Ward,-43.7999,172.97557,Entire home/apt,209.0,2.0,281,2026-07-11,2.14,1,348,31,,2026-5,2026-09-17,68.0
837153114067534801,"Modern, new, family home",390179933,Jamie Lee,Christchurch City,Halswell Ward,-43.57456,172.5863,Entire home/apt,334.0,2.0,9,2024-03-31,0.22,1,146,0,,2026-5,2026-09-17,900.0
1748295545824536276,Hackthorne Hideaway with a view.,43140098,Joanne,Christchurch City,Cashmere Ward,-43.5738148,172.6242612,Entire home/apt,416.0,1.0,0,,,4,260,0,,2026-5,2026-09-17,
1649860483398347494,Birdsong Appartement near cbd,20097266,Evelyn,Christchurch City,Cashmere Ward,-43.5734423,172.6391719,Entire home/apt,194.0,1.0,0,,,1,75,0,,2026-5,2026-09-17,
1500374157679491336,1-Bedroom Retreat with Spa Bath & Harbour Outlook,20665858,Adam,Christchurch City,Banks Peninsula Ward,-43.811981,172.959442,Entire home/apt,272.0,1.0,51,2026-06-28,4.46,23,298,51,,2026-5,2026-09-17,81.0
1119210049361804650,Boutique French Apartment with a Sea View,124354766,Karen,Christchurch City,Banks Peninsula Ward,-43.8097843,172.9613294,Entire home/apt,264.0,1.0,119,2026-07-31,6.07,1,252,65,,2026-5,2026-09-17,48.0
45775755,The Herb Farm Cottage - An Idyllic Rustic Retreat,132262350,Alethea,Christchurch City,Banks Peninsula Ward,-43.80191,172.97999,Entire home/apt,232.0,2.0,154,2026-05-03,2.2,1,131,26,,2026-5,2026-09-17,137.0
1366462020805716957,Single Cozy New Room – Halswell,517960751,Moses,Christchurch City,Halswell Ward,-43.5947561,172.5656809,Private room,86.0,1.0,11,2026-02-27,1.18,2,74,11,,2026-5,2026-09-17,202.0
53066844,Cosy 1 bedroom +ensuite with own entrance in the Christchurch hills.,101588626,Sylvia,Christchurch City,Cashmere Ward,-43.57629,172.62832,Private room,97.0,2.0,140,2026-08-02,2.43,1,345,26,,2026-5,2026-09-17,46.0
1674207969711371687,Spacious 5 Beds. 2 Bathrooms. Amazing Views.,20665858,Adam,Christchurch City,Banks Peninsula Ward,-43.81570660000001,172.95512,Entire home/apt,568.0,1.0,5,2026-07-27,1.55,23,193,5,,2026-5,2026-09-17,52.0
1637960775273232853,Ilam Art Deco · courtyard · 7 min to UC,24205506,"Mayie, Judi And Karen At Bookahome",Christchurch City,Riccarton Ward,-43.52819,172.56038,Entire home/apt,258.0,2.0,1,2026-04-21,0.26,81,315,1,,2026-5,2026-09-17,149.0
1644517187159762554,Amazing views! Only 10 mins drive to Akaroa,20665858,Adam,Christchurch City,Banks Peninsula Ward,-43.7866552,172.9510823,Entire home/apt,307.0,1.0,12,2026-07-18,2.63,23,311,12,,2026-5,2026-09-17,61.0
1499685328773989724,Pinot's Pod,62181900,Alan,Christchurch City,Banks Peninsula Ward,-43.803867894826865,172.97391040674592,Private room,184.0,1.0,35,2026-08-09,3.07,1,87,35,,2026-5,2026-09-17,39.0
1286311620520627410,Wow! The view is stunning.,135770159,Diane,Christchurch City,Banks Peninsula Ward,-43.62251569721373,172.6464136595219,Entire home/apt,176.0,1.0,22,2026-08-04,1.04,1,329,15,,2026-5,2026-09-17,44.0
866332460145387164,Private Room Only with Ensuite,12597832,Jd,Christchurch City,Fendalton Ward,-43.51662,172.58431,Private room,107.0,1.0,46,2026-07-12,1.14,1,162,12,,2026-5,2026-09-17,67.0
1606028209864772115,Halswell new unit,74811135,Maggie,Christchurch City,Halswell Ward,-43.58522,172.5755,Entire home/apt,417.0,1.0,3,2026-04-09,0.51,46,10,3,,2026-5,2026-09-17,161.0
1341619289037945580,Family home in Lyttelton,47950068,Oonagh,Christchurch City,Banks Peninsula Ward,-43.5997606742266,172.7253383372271,Entire home/apt,335.0,2.0,10,2026-07-11,0.56,1,13,8,,2026-5,2026-09-17,68.0
1333792275713144499,Your separate space in Wigram.,55360169,Tejas,Christchurch City,Halswell Ward,-43.56214211279602,172.54526098465576,Entire home/apt,130.0,1.0,23,2026-04-12,1.2,1,252,1,,2026-5,2026-09-17,158.0
1599606306995456045,The Green View - Close to Airport & Mall,96502896,Subhojit,Christchurch City,Papanui Ward,-43.48789,172.61324,Private room,88.0,1.0,12,2026-05-06,1.84,2,360,12,,2026-5,2026-09-17,134.0
1153091151500045217,#63 La Voyageur Waterfront Apts by AVI,70726871,Darren,Christchurch City,Banks Peninsula Ward,-43.80867,172.96255,Entire home/apt,250.0,1.0,2,2026-04-18,0.08,22,167,1,,2026-5,2026-09-17,152.0
1660519616290864605,Ground floor Apartment 1 min walk from waterfront,20665858,Adam,Christchurch City,Banks Peninsula Ward,-43.809838,172.962049,Entire home/apt,177.0,1.0,15,2026-07-27,3.95,23,299,15,,2026-5,2026-09-17,52.0
1557568882056163941,Family Friendly - Harbour View 3-Bedroom Retreat,20665858,Adam,Christchurch City,Banks Peninsula Ward,-43.75818,172.94666,Entire home/apt,429.0,1.0,23,2026-07-25,2.61,23,341,23,,2026-5,2026-09-17,54.0
52371093,Akaroa Coastal Cottage,47422452,Oliver,Christchurch City,Banks Peninsula Ward,-43.82937,172.94591,Entire home/apt,189.0,1.0,605,2026-06-22,10.24,2,139,92,,2026-5,2026-09-17,87.0
1457743670691828127,Cashmere Cool,44722942,Paul,Christchurch City,Cashmere Ward,-43.57810945836043,172.630626372993,Entire home/apt,195.0,2.0,19,2026-07-12,1.7,1,286,19,,2026-5,2026-09-17,67.0
978616491387492343,"Historic Pavitt Cottage, Robinsons Bay.",536717272,Suky,Christchurch City,Banks Peninsula Ward,-43.75732,172.9713,Entire home/apt,223.0,2.0,82,2026-06-13,2.46,1,211,20,,2026-5,2026-09-17,96.0
1292950395823945818,Bay View Family Retreat,20665858,Adam,Christchurch City,Banks Peninsula Ward,-43.7574008,172.9438832,Entire home/apt,,1.0,42,2026-07-25,2.08,23,339,25,,2026-5,2026-09-17,54.0
21848694,Akaroa Coastal Cabin,47422452,Oliver,Christchurch City,Banks Peninsula Ward,-43.83113,172.94567,Entire home/apt,258.0,1.0,256,2026-06-15,2.41,2,148,50,,2026-5,2026-09-17,94.0
776963873883977112,Modern two bedroom Apartment  with Wi Fi,474211319,John,Christchurch City,Banks Peninsula Ward,-43.80782,172.96308,Entire home/apt,241.0,2.0,156,2026-07-16,3.57,1,284,41,,2026-5,2026-09-17,63.0
23468503,Akaroa Vista,15742007,Pete & Tricia,Christchurch City,Banks Peninsula Ward,-43.80930709838867,172.9618377685547,Entire home/apt,223.0,1.0,136,2026-06-06,1.34,3,12,16,,2026-5,2026-09-17,103.0
582043278286283357,Fully Renovated Hillside Apartment Close To City,155408984,Nick,Christchurch City,Cashmere Ward,-43.57435,172.63341,Entire home/apt,,2.0,71,2026-07-10,1.35,1,138,8,,2026-5,2026-09-17,69.0
1377643148290283235,Harbour View - 3 Bedroom Retreat,20665858,Adam,Christchurch City,Banks Peninsula Ward,-43.75951,172.94491,Entire home/apt,,1.0,40,2026-07-21,2.44,23,355,32,,2026-5,2026-09-17,58.0
1374343763716916182,Apartment with a view,669949235,Wendy,Christchurch City,Halswell Ward,-43.58141590439831,172.59997768597734,Entire home/apt,189.0,2.0,41,2026-07-04,2.4,1,30,32,,2026-5,2026-09-17,75.0
1247472403510091793,"Family Reunion, Sports Group! 4BR Private Spacious",43367626,Sharon,Christchurch City,Halswell Ward,-43.56945774205247,172.55771085619926,Entire home/apt,505.0,1.0,48,2026-07-19,2.2,18,117,28,,2026-5,2026-09-17,60.0
1568450465338009222,Peaceful Garden Couples Retreat,20665858,Adam,Christchurch City,Banks Peninsula Ward,-43.7603,172.94882,Entire home/apt,,1.0,20,2026-07-09,2.54,23,348,20,,2026-5,2026-09-17,70.0
27318691,Daisy Hill Cottage - Enjoy the outdoor Hot Tub!!,7947371,Victoria,Christchurch City,Banks Peninsula Ward,-43.80009,172.9721,Entire home/apt,278.0,1.0,468,2026-08-08,4.92,1,191,47,,2026-5,2026-09-17,40.0
33973411,Garden view king studio,97876830,La Rochelle,Christchurch City,Banks Peninsula Ward,-43.80233,172.97131,Private room,200.0,1.0,100,2026-05-31,1.18,2,324,17,,2026-5,2026-09-17,109.0
1066836001142569924,Sea View Retreat,41339123,Antoinette,Christchurch City,Banks Peninsula Ward,-43.80012,172.97275,Entire home/apt,629.0,2.0,34,2026-04-05,1.09,1,328,13,,2026-5,2026-09-17,165.0
1609060790652756140,Spacious 4BR Home | Spa and Two Lounges + Games,202585247,Ohana,Christchurch City,Halswell Ward,-43.57305551443601,172.5851184415426,Entire home/apt,370.0,1.0,15,2026-07-15,2.63,155,109,15,,2026-5,2026-09-17,64.0
22556692,Studio Access,44728588,Anita Marie,Christchurch City,Papanui Ward,-43.48675,172.61604,Hotel room,182.0,1.0,3,2020-01-04,0.03,6,342,0,,2026-5,2026-09-17,2448.0
13687446,Haven in Hillmorton,28035432,Cathie,Christchurch City,Spreydon Ward,-43.55469,172.59022,Entire home/apt,120.0,1.0,161,2026-07-05,1.69,1,157,31,,2026-5,2026-09-17,74.0
1610515024241604904,"Classic Kiwi Bach - 2 Bed, 4 guests with Hot Tub.",20665858,Adam,Christchurch City,Banks Peninsula Ward,-43.81602119550259,172.95089999933623,Entire home/apt,319.0,1.0,20,2026-08-05,3.17,23,250,20,,2026-5,2026-09-17,43.0
1290836826714308210,Harbour View 3-Bedroom Retreat,20665858,Adam,Christchurch City,Banks Peninsula Ward,-43.7596192,172.945332,Entire home/apt,,1.0,36,2026-07-06,1.86,23,350,17,,2026-5,2026-09-17,73.0
1535899869404546607,Central Akaroa 2 bedroom ground floor apartment,20665858,Adam,Christchurch City,Banks Peninsula Ward,-43.8094032,172.96208,Entire home/apt,,1.0,46,2026-07-30,4.69,23,343,46,,2026-5,2026-09-17,49.0
1267585931400180700,At the head of Akaroa Harbour,191584754,Kathryn,Christchurch City,Banks Peninsula Ward,-43.755343512284995,172.944421400829,Entire home/apt,374.0,1.0,7,2026-02-28,0.36,2,172,5,,2026-5,2026-09-17,201.0
1213237444295801823,"Church Corner, Parking and Large Living Area - 3BR",551181197,Paula Kat Charlotte,Christchurch City,Riccarton Ward,-43.53192,172.56866,Entire home/apt,339.0,1.0,163,2026-07-22,6.65,177,254,82,,2026-5,2026-09-17,57.0
1014904656476258259,"Sunny, Queen Suite Breakfast Included Room 1.",490039964,Tony,Christchurch City,Halswell Ward,-43.5878153,172.5655193,Private room,100.0,1.0,189,2026-08-06,5.59,2,219,49,,2026-5,2026-09-17,42.0
901177356780318543,New House with Clear Sky View & Spa,326110546,Cadmiel,Christchurch City,Halswell Ward,-43.57518,172.58044,Entire home/apt,280.0,1.0,55,2026-07-16,1.48,1,238,14,,2026-5,2026-09-17,63.0
1571963966816960574,Best location to access to all amenities you need,121720633,Stephanie,Christchurch City,Halswell Ward,-43.55084,172.55569,Private room,88.0,1.0,14,2026-08-07,1.74,2,64,14,,2026-5,2026-09-17,41.0
23923992,"B&B, great value, garden, spa, nr uni/airport/city",108085108,Barbara,Christchurch City,Fendalton Ward,-43.51191,172.577,Private room,94.0,2.0,116,2026-04-28,1.14,3,141,20,,2026-5,2026-09-17,142.0
1408467299578818634,Guesthouse on Gardiners,300616410,Liz,Christchurch City,Harewood Ward,-43.4624,172.58873,Entire home/apt,147.0,1.0,216,2026-08-13,13.82,1,179,169,,2026-5,2026-09-17,35.0
49160622,Merivale Village Apartment | 4 Guests,81390838,Perfect Stays,Christchurch City,Fendalton Ward,-43.5116,172.61784,Entire home/apt,399.0,1.0,32,2026-07-14,0.5,28,254,5,,2026-5,2026-09-17,65.0
1121437600009472573,City Break Cottage for couples 27 mins CHC Airport,493392689,Matt Long - Plux Stays,Christchurch City,Halswell Ward,-43.6095346,172.5711904,Entire home/apt,262.0,1.0,57,2026-07-07,2.0,8,301,25,,2026-5,2026-09-17,72.0
51825560,Three Bedroom Unit at Northwood Motor Lodge,155296784,Peter,Christchurch City,Harewood Ward,-43.46805,172.57649,Private room,253.0,1.0,49,2026-07-15,0.87,2,237,26,,2026-5,2026-09-17,64.0
1188064158455059996,The Wilmers Gathering Place,202585247,Ohana,Christchurch City,Halswell Ward,-43.5564983,172.5389669,Entire home/apt,492.0,1.0,96,2026-08-01,3.75,155,82,39,,2026-5,2026-09-17,47.0
1748261707906402082,Family-Friendly 4BR Home | Sleeps 8 | 2.5 Baths,49642171,Lily-SimplyHost,Christchurch City,Halswell Ward,-43.584748,172.6047307,Entire home/apt,736.0,1.0,0,,,97,362,0,,2026-5,2026-09-17,
1449090768698901109,Fantail Loft,702752167,Julia,Christchurch City,Harewood Ward,-43.45408,172.61802,Private room,114.0,1.0,24,2026-04-13,2.17,1,77,24,,2026-5,2026-09-17,157.0
1716994459022219207,Cashmere Self Contained Haven,12746301,Shirley,Christchurch City,Cashmere Ward,-43.57682,172.6193,Entire home/apt,161.0,1.0,0,,,1,327,0,,2026-5,2026-09-17,
1010499541192618481,Bedroom & private bathroom 10 mins from Airport,236208457,Vinu,Christchurch City,Hornby Ward,-43.55005,172.53329,Private room,140.0,2.0,7,2024-02-26,0.21,2,165,0,,2026-5,2026-09-17,934.0
1235618546202635230,Waterfront 2-Bedroom Harbour View Apartment,20665858,Adam,Christchurch City,Banks Peninsula Ward,-43.8097843,172.9613294,Entire home/apt,282.0,1.0,74,2026-07-29,3.52,23,294,24,,2026-5,2026-09-17,50.0
52861676,#2 The Wharf Seaview Apartments by AVI,70726871,Darren,Christchurch City,Banks Peninsula Ward,-43.80831,172.96179,Entire home/apt,190.0,1.0,3,2025-08-14,0.06,22,24,1,,2026-5,2026-09-17,399.0
1353450518171461038,Waterfront. Central. Amazing Views Over Harbour,20665858,Adam,Christchurch City,Banks Peninsula Ward,-43.8106351,172.9609871,Entire home/apt,627.0,1.0,59,2026-07-18,3.34,23,110,40,,2026-5,2026-09-17,61.0
1580735437732819215,The Quiet Pad — Rest Easy. Fly Easy @1/40 Agathis,561053190,Dhruv,Christchurch City,Halswell Ward,-43.56122410540892,172.54431154578924,Private room,93.0,1.0,7,2026-03-07,0.93,1,365,7,,2026-5,2026-09-17,194.0
1626487600377446552,"Merivale | King Bed + Carpark, Walk to Hagley Park",482671075,Care Property Stays,Christchurch City,Fendalton Ward,-43.519603,172.613795,Entire home/apt,268.0,1.0,5,2026-05-22,0.94,184,253,5,,2026-5,2026-09-17,118.0
42592141,"Airport, motorway, shopping, peaceful.",145889392,Allen,Christchurch City,Harewood Ward,-43.46165,172.61642,Entire home/apt,331.0,1.0,59,2026-04-27,0.75,1,200,10,,2026-5,2026-09-17,143.0
47289733,Bevington - handy and private close to airport,24205506,"Mayie, Judi And Karen At Bookahome",Christchurch City,Waimairi Ward,-43.52096,172.55327,Entire home/apt,137.0,2.0,71,2026-07-24,1.04,81,15,26,,2026-5,2026-09-17,55.0
1680136570718571666,Waterfront 2-Bedroom Harbour View Apartment,20665858,Adam,Christchurch City,Banks Peninsula Ward,-43.811981,172.959442,Entire home/apt,287.0,1.0,5,2026-07-12,1.85,23,307,5,,2026-5,2026-09-17,67.0
43898362,Relax with the Bellbirds in Akaroa,26142610,Aaron,Christchurch City,Banks Peninsula Ward,-43.81554,172.96408,Entire home/apt,587.0,1.0,88,2026-07-11,1.19,1,295,14,,2026-5,2026-09-17,68.0
1364060305994728252,6 Beds. 2 Bathrooms. Private.,20665858,Adam,Christchurch City,Banks Peninsula Ward,-43.8005544,172.9732156,Entire home/apt,406.0,1.0,29,2026-08-03,1.64,23,334,22,,2026-5,2026-09-17,45.0
1632995279176460732,Groundfloor Waterfront 2Bed Harbour View Apartment,20665858,Adam,Christchurch City,Banks Peninsula Ward,-43.811981,172.959442,Entire home/apt,,1.0,9,2026-05-31,1.75,23,344,9,,2026-5,2026-09-17,109.0
887092022866010026,Harbour Views - 5Bed/4Bath - Walk to Beach & Cafés,6267072,Craig,Christchurch City,Banks Peninsula Ward,-43.8063189,172.9687008,Entire home/apt,405.0,2.0,65,2026-05-23,2.03,1,172,25,,2026-5,2026-09-17,117.0
1285792924279334357,Cosy on Colombo,117375097,Daniel,Christchurch City,Heathcote Ward,-43.554009750917125,172.63701126931153,Private room,59.0,1.0,62,2026-06-29,2.97,1,90,34,,2026-5,2026-09-17,80.0
1312573911367030567,Waterfront 2-Bedroom Harbour View Apartment,20665858,Adam,Christchurch City,Banks Peninsula Ward,-43.8097243,172.9614093,Entire home/apt,283.0,1.0,59,2026-07-08,2.95,23,304,25,,2026-5,2026-09-17,71.0
18584458,"Beautiful Bush Setting, 5 mins from Airport.",129035891,Paula,Christchurch City,Harewood Ward,-43.46262,172.59438,Private room,120.0,2.0,134,2026-06-19,1.27,1,259,19,,2026-5,2026-09-17,90.0
997247852855455460,Pineapple Express,12680601,Scott,Christchurch City,Halswell Ward,-43.588,172.60638,Entire home/apt,457.0,2.0,7,2026-03-10,0.22,1,333,2,,2026-5,2026-09-17,191.0
1580777874851531865,Selwyn Heights,20665858,Adam,Christchurch City,Banks Peninsula Ward,-43.8127,172.96594,Entire home/apt,421.0,1.0,38,2026-07-25,5.11,23,218,38,,2026-5,2026-09-17,54.0
41383298,New!  Kingfisher Apartment a treat you deserve,186134617,Michael,Christchurch City,Cashmere Ward,-43.57988,172.62808,Entire home/apt,392.0,2.0,68,2026-07-07,0.87,1,34,6,,2026-5,2026-09-17,72.0
52875078,#1 The Wharf Seaview Apartments by AVI,70726871,Darren,Christchurch City,Banks Peninsula Ward,-43.80961,172.96153,Entire home/apt,200.0,1.0,4,2026-07-10,0.09,22,24,1,,2026-5,2026-09-17,69.0
15872954,Christchurch Private  Studio Room on Port Hills,15657377,Gerda,Christchurch City,Cashmere Ward,-43.57538,172.6525,Entire home/apt,106.0,5.0,50,2026-03-11,0.44,1,199,9,,2026-5,2026-09-17,190.0
1314754774991742221,"3 bedrooms, 4 beds, near airport",156501841,Kathryn,Christchurch City,Fendalton Ward,-43.5063142662141,172.5931911008776,Entire home/apt,169.0,3.0,25,2026-08-04,1.39,1,273,19,,2026-5,2026-09-17,44.0
28474210,"Akaroa Harbour Views | Deck, Cosy Fireplace",214946854,Julia,Christchurch City,Banks Peninsula Ward,-43.81583404541016,172.96060180664062,Entire home/apt,695.0,1.0,516,2026-03-20,5.38,1,327,4,,2026-5,2026-09-17,181.0
53616042,"Ocean views, 2 bdrm Bach, beautiful interior decor",434163133,Matthew,Christchurch City,Banks Peninsula Ward,-43.80907,172.96978,Entire home/apt,281.0,1.0,247,2026-07-25,4.38,1,217,46,,2026-5,2026-09-17,54.0
1575813349420735362,Aura Retreat,690839047,Mathew,Christchurch City,Innes Ward,-43.50251,172.65869,Private room,60.0,2.0,9,2026-06-01,1.54,4,47,9,,2026-5,2026-09-17,108.0
1401217529597672209,Charming 2BR House by Westfield | Free Parking,49642171,Lily-SimplyHost,Christchurch City,Riccarton Ward,-43.53058670332837,172.59438574599326,Entire home/apt,232.0,1.0,34,2026-06-21,2.17,97,336,26,,2026-5,2026-09-17,88.0
44360235,Modern & Cosy Timber Guesthouse,107328831,Carol & Ken,Christchurch City,Halswell Ward,-43.59833,172.61693,Entire home/apt,223.0,2.0,152,2026-07-13,2.07,1,236,21,,2026-5,2026-09-17,66.0
1749183662509403554,The Meadow - 5 Bedrooms Relax & Stay,291222393,Liz Amio,Christchurch City,Halswell Ward,-43.5742141,172.5833189,Entire home/apt,347.0,2.0,0,,,2,243,0,,2026-5,2026-09-17,
1601827855510006415,Victoria Jane Luxury Private Guest House Chch,321971573,Mike,Christchurch City,Harewood Ward,-43.4658534,172.6170776,Entire home/apt,298.0,1.0,6,2026-06-13,1.03,1,346,6,,2026-5,2026-09-17,96.0
1735247853817160676,"Room in a clean, sunny townhouse | 10 mins to CBD",34232632,Lucy,Christchurch City,Papanui Ward,-43.49891,172.61355,Private room,110.0,1.0,2,2026-08-02,2.0,2,17,2,,2026-5,2026-09-17,46.0
1274872392612788788,Westmorland Hilltop Retreat,74811135,Maggie,Christchurch City,Halswell Ward,-43.581238858576896,172.5999784429056,Entire home/apt,222.0,1.0,18,2026-07-11,0.96,46,225,10,,2026-5,2026-09-17,68.0
5161047,"Best Views, Brilliant Coffee, no cleaning fee.",10627780,Veronica Mary,Christchurch City,Cashmere Ward,-43.57472,172.63431,Private room,145.0,2.0,29,2026-03-02,0.22,1,338,6,,2026-5,2026-09-17,199.0
1276929563546348578,Halswell 2 bedrooms Retreat,655394846,Bridget,Christchurch City,Halswell Ward,-43.573687,172.5849974,Entire home/apt,245.0,1.0,51,2026-04-28,2.34,1,87,25,,2026-5,2026-09-17,142.0
1564128034937933364,Room at iris sphere 楚云居,235950309,Shizheng,Christchurch City,Halswell Ward,-43.58318,172.59959,Private room,99.0,1.0,2,2026-04-25,0.32,2,249,2,,2026-5,2026-09-17,145.0
1002570876571291142,Cozy ensuite & Private entrance & Self Check-In,132101529,Diego,Christchurch City,Halswell Ward,-43.56388,172.55935,Private room,157.0,1.0,317,2026-08-10,9.27,1,130,150,,2026-5,2026-09-17,38.0
1176421772404582957,Kilkivan Retreat + near Airport,77833713,Jeanette,Christchurch City,Hornby Ward,-43.52548729999999,172.5281993,Entire home/apt,160.0,1.0,123,2026-07-22,5.05,1,231,56,,2026-5,2026-09-17,57.0
1743248495887106979,Warm & Cozy Room in a Family Home,416595643,Patricia,Christchurch City,Innes Ward,-43.49823929999999,172.6508128,Private room,69.0,1.0,0,,,1,179,0,,2026-5,2026-09-17,
1418595859612469748,Classic Christchurch Comfort,694849163,Cindy,Christchurch City,Hornby Ward,-43.54824,172.53846,Entire home/apt,161.0,1.0,128,2026-08-10,8.53,1,217,108,,2026-5,2026-09-17,38.0
1535266247063785186,Spacious 6BR Family Home + Double Garage,551181197,Paula Kat Charlotte,Christchurch City,Innes Ward,-43.50139619999999,172.6519165,Entire home/apt,524.0,2.0,35,2026-08-05,3.58,177,209,35,,2026-5,2026-09-17,43.0
17666972,QUEEN BEDR00M & ENSUITE-BREAKFAST INCLUD,44203564,Pat,Christchurch City,Halswell Ward,-43.57141,172.54318,Private room,93.0,1.0,821,2026-07-07,7.2,1,141,92,,2026-5,2026-09-17,72.0
1413585445126409784,"Resort Style with City Views, private room",21461254,Philip,Christchurch City,Cashmere Ward,-43.5802121,172.6389027,Private room,188.0,1.0,39,2026-07-12,2.52,2,77,38,,2026-5,2026-09-17,67.0
1655438866213293758,Nova - Room,690839047,Mathew,Christchurch City,Innes Ward,-43.50359278320395,172.6589495161624,Private room,54.0,3.0,0,,,4,89,0,,2026-5,2026-09-17,
1293760870025781314,Rooms at iris sphere 楚云居,235950309,Shizheng,Christchurch City,Halswell Ward,-43.58327644336286,172.59958104973757,Private room,129.0,1.0,28,2026-04-25,1.34,2,162,14,,2026-5,2026-09-17,145.0
16969159,Cosy cottage character home,78148444,Simon,Christchurch City,Innes Ward,-43.51563,172.65648,Entire home/apt,142.0,1.0,5,2018-04-08,0.04,2,269,0,,2026-5,2026-09-17,3084.0
18383873,Super king,127329302,Jay,Christchurch City,Riccarton Ward,-43.52988,172.58196,Private room,156.0,1.0,4,2025-11-27,0.04,6,323,1,,2026-5,2026-09-17,294.0
1347273640531057620,Elegant 5BR Villa | Breathtaking Mountain Getaway,74811135,Maggie,Christchurch City,Halswell Ward,-43.60467885236178,172.58039732332043,Entire home/apt,790.0,1.0,42,2026-07-11,2.55,46,302,33,,2026-5,2026-09-17,68.0
1200612241937963218,Cedarstone Villa - Private Guest House,589760089,Ram,Christchurch City,Halswell Ward,-43.58236,172.58073,Private room,100.0,1.0,7,2026-02-23,0.73,1,78,7,,2026-5,2026-09-17,206.0
990914694343912559,Home away from home,177959080,Saluka,Christchurch City,Halswell Ward,-43.5847163,172.6068704,Private room,94.0,1.0,10,2026-03-12,0.29,1,354,3,,2026-5,2026-09-17,189.0
36645528,Stunning views and a pleasant private stay,275446422,Kanyakorn,Christchurch City,Cashmere Ward,-43.57989,172.63734,Entire home/apt,109.0,2.0,232,2026-06-20,2.82,1,60,32,,2026-5,2026-09-17,89.0
22509016,Comfortable stay with comforting view,42103536,Tia,Christchurch City,Hornby Ward,-43.52673,172.52733,Entire home/apt,349.0,1.0,53,2026-07-15,0.55,1,72,30,,2026-5,2026-09-17,64.0
1471413580577783704,Clearwater Golf Resort - Luxury Home,64123626,Philip,Christchurch City,Harewood Ward,-43.45051146202988,172.59001974016428,Entire home/apt,866.0,2.0,1,2025-12-25,0.13,3,162,1,,2026-5,2026-09-17,266.0
706625090086030996,Calm Swan Villa,229488806,Qing,Christchurch City,Harewood Ward,-43.4671365,172.6064059,Entire home/apt,1060.0,1.0,70,2026-02-22,1.47,5,213,10,,2026-5,2026-09-17,207.0
28445109,Sunny &cozy room waitting for you,114475989,Vince,Christchurch City,Hornby Ward,-43.52178,172.53565,Private room,92.0,1.0,75,2026-04-25,0.78,4,198,22,,2026-5,2026-09-17,145.0
28162459,"Garden View Apartment, private and sunny.",102175588,Ann-Marie,Christchurch City,Harewood Ward,-43.45472,172.6245,Entire home/apt,152.0,1.0,552,2026-07-28,5.79,1,59,87,,2026-5,2026-09-17,51.0
8969670,都市庄园--杜鹃园,46874226,Jielian,Christchurch City,Harewood Ward,-43.46835,172.59309,Private room,255.0,2.0,1,2026-02-21,0.17,1,363,1,,2026-5,2026-09-17,208.0
1690349827943989588,Peaceful 4BR stopover | Affordable 5 single beds,77196518,Jill,Christchurch City,Hornby Ward,-43.53187,172.52259,Entire home/apt,172.0,1.0,0,,,5,2,0,,2026-5,2026-09-17,
22846350,English Manor,166257994,Leanne,Christchurch City,Harewood Ward,-43.46004,172.58813,Entire home/apt,202.0,2.0,37,2025-02-22,0.36,1,146,0,,2026-5,2026-09-17,572.0
23733674,Halswell lovely modern 4 Bedroom Home,135791498,Rochelle,Christchurch City,Halswell Ward,-43.58216,172.57284,Entire home/apt,330.0,1.0,210,2026-07-13,2.05,3,42,24,,2026-5,2026-09-17,66.0
23340874,Airport / rental car companies very close.,173866719,Katy,Christchurch City,Harewood Ward,-43.46435,172.59099,Private room,103.0,1.0,56,2026-04-28,0.61,1,87,14,,2026-5,2026-09-17,142.0
1386687997521702157,Queen bedroom with ensuite.Close to Airport & City,686755100,Harry,Christchurch City,Harewood Ward,-43.44861065016797,172.6295818454608,Private room,88.0,1.0,121,2026-07-25,7.32,1,360,99,,2026-5,2026-09-17,54.0
53448614,super king size bed give you comfortable enjoyment,114475989,Vince,Christchurch City,Hornby Ward,-43.52093,172.53431,Private room,100.0,1.0,68,2026-04-25,1.46,4,198,24,,2026-5,2026-09-17,145.0
1622111640373531392,Cashmere Top Notch,215333149,Leisa,Christchurch City,Cashmere Ward,-43.5765543,172.6240143,Entire home/apt,154.0,1.0,31,2026-07-10,5.31,1,263,31,,2026-5,2026-09-17,69.0
1798383,"3 private rooms up to 6 guests, spacious modern.",9431529,Shirley,Christchurch City,Burwood Ward,-43.46900177001953,172.66433715820312,Private room,171.0,2.0,182,2026-04-27,1.17,2,312,13,,2026-5,2026-09-17,143.0
1291518119827025286,"Spacious Studio Suite, Private location",271945445,Kris,Christchurch City,Harewood Ward,-43.44560052587537,172.63195758255665,Entire home/apt,211.0,1.0,25,2026-08-10,1.26,1,209,18,,2026-5,2026-09-17,38.0
1285456776560220556,Belfast Escape – Modern Home Near the Airport,261760721,Kavinda,Christchurch City,Harewood Ward,-43.44061701107155,172.6339439097092,Private room,101.0,1.0,17,2026-03-13,0.84,3,365,12,,2026-5,2026-09-17,188.0
1203291274735057335,Stunning 3 bedroom private house,302772664,Holly,Christchurch City,Innes Ward,-43.45707,172.62514,Entire home/apt,272.0,2.0,0,,,3,89,0,,2026-5,2026-09-17,
1299512103027805833,2 Bedrooms Modern Home Near airport,261760721,Kavinda,Christchurch City,Innes Ward,-43.441754,172.6352391,Private room,158.0,1.0,2,2026-02-08,0.1,3,362,1,,2026-5,2026-09-17,221.0
1296623720643412700,Modern 2BR by Westfield Mall + Free Parking,49642171,Lily-SimplyHost,Christchurch City,Riccarton Ward,-43.53092924429115,172.5931566350417,Entire home/apt,229.0,1.0,53,2026-07-13,2.56,97,336,40,,2026-5,2026-09-17,66.0
1644847096855843256,Private Room with Bathroom | Cozy & Comfortable,752299582,Phuong My,Christchurch City,Riccarton Ward,-43.53503672001544,172.5853614136577,Private room,99.0,1.0,23,2026-08-04,5.43,1,170,23,,2026-5,2026-09-17,44.0
50032736,"New, private room with en-suite in CBD",142734461,Megan,Christchurch City,Central Ward,-43.528469,172.649338,Private room,75.0,2.0,175,2026-08-02,2.76,1,6,36,,2026-5,2026-09-17,46.0
50835794,5 bedroom Mediterranean home with pool & spa!,84195811,Heather,Christchurch City,Innes Ward,-43.4515,172.66354,Entire home/apt,1446.0,2.0,16,2026-02-28,0.27,1,93,2,,2026-5,2026-09-17,201.0
1617957884255793104,Stylish Stay Near Christchurch Airport,261760721,Kavinda,Christchurch City,Innes Ward,-43.44262929809786,172.63474107408214,Private room,144.0,1.0,6,2026-05-24,1.0,3,364,6,,2026-5,2026-09-17,116.0
1651164611264380805,The Ginaty Suite,753885166,Darren,Christchurch City,Halswell Ward,-43.56344,172.56952,Entire home/apt,229.0,1.0,4,2026-07-04,0.97,1,73,4,,2026-5,2026-09-17,75.0
1564152361494890963,Cozy single bedroom near airport,108930058,Yulin,Christchurch City,Hornby Ward,-43.53175,172.52803,Private room,70.0,1.0,8,2026-03-01,1.26,1,180,8,,2026-5,2026-09-17,200.0
1476586113164854045,Cosy room in warm home,94309327,Faya And Ed,Christchurch City,Halswell Ward,-43.59088101088996,172.56692559605438,Private room,91.0,1.0,5,2026-02-28,0.56,1,266,5,,2026-5,2026-09-17,201.0
1492948062773638487,A room in an elegant private bed and breakfast,172567737,Issy,Christchurch City,Harewood Ward,-43.4595166299339,172.61736447090868,Private room,109.0,2.0,0,,,1,280,0,,2026-5,2026-09-17,
1571179688962045028,Spacious Sunny 4BR Family Home | 10 min to Airport,255652466,Jacqui,Christchurch City,Waimairi Ward,-43.52493,172.553,Entire home/apt,474.0,2.0,5,2026-07-04,0.83,1,179,5,,2026-5,2026-09-17,75.0
1519822928758613008,Your Private Modern Escape | Entire House Retreat,652635257,Alex,Christchurch City,Halswell Ward,-43.5608771,172.5421856,Entire home/apt,307.0,1.0,5,2026-04-12,0.5,1,83,5,,2026-5,2026-09-17,158.0
1219952962339024701,4 Bedroom Home near Christchurch Airport,250552000,Sreela,Christchurch City,Harewood Ward,-43.45139,172.61819,Entire home/apt,517.0,2.0,9,2026-04-19,0.46,2,252,2,,2026-5,2026-09-17,151.0
780678291164800079,Big House with nearby parks,7650205,Sue & Tim,Christchurch City,Harewood Ward,-43.46329,172.6187,Entire home/apt,1210.0,2.0,5,2024-01-08,0.11,3,363,0,,2026-5,2026-09-17,983.0
1542561308158575022,Beautiful 4 bdrm home,4902292,Catherine,Christchurch City,Halswell Ward,-43.56057149999999,172.5577235,Private room,65.0,1.0,21,2026-07-16,2.31,1,305,21,,2026-5,2026-09-17,63.0
28445615,Lovely cozy beautifull double bedroom,114475989,Vince,Christchurch City,Hornby Ward,-43.52174,172.53386,Private room,88.0,1.0,65,2026-07-10,0.67,4,198,4,,2026-5,2026-09-17,69.0
1666406373505733715,"Cozy retreat, peaceful stay, clean and tidy,",1666405936286140723,Satinder Kaur,Christchurch City,Halswell Ward,-43.55087,172.54387,Private room,73.0,1.0,0,,,1,363,0,,2026-5,2026-09-17,
1512874306274721777,Brand new Prime Riccarton | Walk to Mall,129377311,Sammi,Christchurch City,Riccarton Ward,-43.53477665236538,172.591660246253,Entire home/apt,269.0,1.0,96,2026-07-18,8.86,2,136,96,,2026-5,2026-09-17,61.0
7403587,Warm Cosy Quiet Home Semi Rural,38795211,Wendy,Christchurch City,Halswell Ward,-43.57605,172.54686,Private room,143.0,1.0,0,,,1,263,0,,2026-5,2026-09-17,
29684560,4B on Rearsby,149667474,Phil,Christchurch City,Halswell Ward,-43.58103,172.56186,Private room,123.0,1.0,34,2026-05-16,0.36,1,58,4,,2026-5,2026-09-17,124.0
34004247,Charming Seaside Villa in the Heart of Wainui,175419492,Caroline,Christchurch City,Banks Peninsula Ward,-43.81222,172.90329,Entire home/apt,246.0,1.0,532,2026-07-27,6.12,1,164,80,,2026-5,2026-09-17,52.0
795172332177626343,"Private Bedroom, in a quiet 2 Bedroom home.",41561166,Leon,Christchurch City,Papanui Ward,-43.48236,172.62722,Private room,142.0,1.0,17,2024-02-23,0.39,1,363,0,,2026-5,2026-09-17,937.0
1109145993455920158,"Home with a View, Christchurch",566293169,Sarah,Christchurch City,Cashmere Ward,-43.5806,172.63584,Entire home/apt,440.0,1.0,1,2024-06-19,0.04,1,101,0,,2026-5,2026-09-17,820.0
791551030876523090,Cosy place near Christchurch airport,471135666,Mei,Christchurch City,Hornby Ward,-43.524764392081096,172.52887811511755,Private room,93.0,1.0,156,2026-07-28,3.68,4,81,8,,2026-5,2026-09-17,51.0
37888028,Sunny Art Deco home in St Martins by the hills,3820595,David,Christchurch City,Cashmere Ward,-43.55875,172.6571,Entire home/apt,200.0,2.0,92,2026-07-15,1.09,1,51,21,,2026-5,2026-09-17,64.0
1380982509542718617,Hagley Hideaway:Park Cozy Escape,102325306,Jianzhong,Christchurch City,Riccarton Ward,-43.53280026762857,172.60847686469833,Private room,94.0,1.0,21,2026-01-26,1.24,1,25,7,,2026-5,2026-09-17,234.0
1462721333588832643,"Warmth of Warrington.
Sleeps 4, with carpark",499801408,Anu,Christchurch City,Innes Ward,-43.5076762,172.6429924,Entire home/apt,220.0,1.0,77,2026-08-12,5.97,2,115,72,,2026-5,2026-09-17,36.0
986026626914704344,Elegant 3BR Home on Mustang Avenue,202585247,Ohana,Christchurch City,Halswell Ward,-43.55129,172.54463,Entire home/apt,285.0,1.0,255,2026-08-09,7.31,155,91,95,,2026-5,2026-09-17,39.0
1382801619864879092,Chill in a Quiet House & Yard,74811135,Maggie,Christchurch City,Halswell Ward,-43.55432424973294,172.58624185866802,Entire home/apt,288.0,1.0,22,2026-07-17,1.35,46,306,18,,2026-5,2026-09-17,62.0
1407868609553591864,Cozy Super king bed/garden view/self check in,430177594,Paul,Christchurch City,Hornby Ward,-43.55264988745799,172.52744145691395,Private room,55.0,1.0,111,2026-07-28,7.04,4,350,81,,2026-5,2026-09-17,51.0
743956944312049806,Cosy stay near Christchurch airport,471135666,Mei,Christchurch City,Hornby Ward,-43.5247644,172.5288781,Private room,89.0,1.0,201,2026-07-29,4.4,4,107,6,,2026-5,2026-09-17,50.0
848218109375320271,基督城国际机场附近的民居,471135666,Mei,Christchurch City,Hornby Ward,-43.5247644,172.5288781,Private room,203.0,1.0,24,2026-08-08,1.13,4,123,12,,2026-5,2026-09-17,40.0
694508386608974220,"Homely Double Room, Free Breakfast & Parking",86604225,Simi,Christchurch City,Halswell Ward,-43.54725,172.5443,Private room,,1.0,50,2026-08-07,1.08,2,74,9,,2026-5,2026-09-17,41.0
922881357464149400,Convenient Westfield House 3bedroom 2bath,45696481,Qing,Christchurch City,Riccarton Ward,-43.53711,172.582941,Entire home/apt,253.0,1.0,80,2026-08-04,2.15,1,242,33,,2026-5,2026-09-17,44.0
1492507720083164826,The Willows Parkside Retreat,551181197,Paula Kat Charlotte,Christchurch City,Spreydon Ward,-43.54951940000001,172.5937396,Entire home/apt,369.0,2.0,8,2026-07-05,0.69,177,279,8,,2026-5,2026-09-17,74.0
1477201900332955596,Peaceful Private Oasis 2bdrm 2bthrm Free Parking,45768555,Hasslefree Accommodation,Christchurch City,Central Ward,-43.5288993,172.6622898,Entire home/apt,282.0,1.0,20,2026-07-28,1.83,65,291,20,,2026-5,2026-09-17,51.0
29391038,"Sunny Somerfield Flat: quiet, cosy, great area",12114685,Karen,Christchurch City,Cashmere Ward,-43.5599,172.63238,Entire home/apt,94.0,1.0,31,2026-07-11,0.33,1,132,3,,2026-5,2026-09-17,68.0
1298916768631205714,no. 7 Private Single Room in Detached Sleepout,105265867,Andrew,Christchurch City,Riccarton Ward,-43.538429270462515,172.56994687858537,Private room,63.0,2.0,22,2026-07-13,1.12,8,244,11,,2026-5,2026-09-17,66.0
1065565103002127833,Bungalow in Riccarton,51287913,Shara,Christchurch City,Riccarton Ward,-43.53241,172.58045,Entire home/apt,273.0,1.0,39,2026-03-07,1.25,1,125,13,,2026-5,2026-09-17,194.0
21097347,What you are Really Looking for!,148604490,Leigh,Christchurch City,Spreydon Ward,-43.55663,172.58995,Entire home/apt,247.0,2.0,460,2026-07-26,4.32,3,332,22,,2026-5,2026-09-17,53.0
1305994646072576049,Esay living 3 Bedroom in Wigram,74811135,Maggie,Christchurch City,Halswell Ward,-43.55352978399304,172.5630863292295,Entire home/apt,324.0,1.0,46,2026-07-12,2.34,46,252,28,,2026-5,2026-09-17,67.0
1292319155689346720,Quite and Cozy Double Bedroom,662706872,Pratik,Christchurch City,Halswell Ward,-43.5684663,172.5424887,Private room,78.0,1.0,45,2026-07-09,2.28,3,364,31,,2026-5,2026-09-17,70.0
1380007349474963921,Wigram 5BR Home • Sleeps 12 • Family Friendly,570168648,Joanna,Christchurch City,Halswell Ward,-43.5559879,172.5530356,Entire home/apt,366.0,1.0,67,2026-06-27,4.96,4,202,64,,2026-5,2026-09-17,82.0
1587196900596489073,"Inviting, close to airport, | Fast Wi-Fi & Parking",155011545,Barb,Christchurch City,Hornby Ward,-43.5220887,172.5389454,Private room,101.0,2.0,9,2026-02-24,1.24,1,270,9,,2026-5,2026-09-17,205.0
1519449260078903112,"Private, self contained, near the airport and city",721101913,Ameen,Christchurch City,Fendalton Ward,-43.51281,172.58337,Entire home/apt,121.0,1.0,112,2026-07-13,11.39,1,87,112,,2026-5,2026-09-17,66.0
28255608,Halfmoon Cottage,93365561,Cor & Margo,Christchurch City,Banks Peninsula Ward,-43.75799,172.91219,Private room,191.0,2.0,26,2024-01-22,0.27,4,50,0,,2026-5,2026-09-17,969.0
905986646008345952,"Cozy Queen Room, Free Tea Coffee Milk& Parking",86604225,Simi,Christchurch City,Halswell Ward,-43.54733,172.54388,Private room,80.0,1.0,35,2026-07-30,0.91,2,174,18,,2026-5,2026-09-17,49.0
1664939627945672305,4BRM brand new family house in Halswell,43367626,Sharon,Christchurch City,Halswell Ward,-43.56774,172.55217,Entire home/apt,480.0,2.0,4,2026-07-16,1.36,18,144,4,,2026-5,2026-09-17,63.0
1734354876150998086,Comfy Private Room Near Christchurch Airport,1734354612000484843,Janice,Christchurch City,Hornby Ward,-43.5222297,172.5202728,Private room,98.0,1.0,0,,,1,325,0,,2026-5,2026-09-17,
708847870394291589,The Nest on Whitburn Ave | RM1,51779316,Leah,Christchurch City,Halswell Ward,-43.57211016723865,172.57815338975894,Private room,111.0,1.0,0,,,1,142,0,,2026-5,2026-09-17,
43406592,Halfmoon Cottage Akaroa,93365561,Cor & Margo,Christchurch City,Banks Peninsula Ward,-43.76006,172.9145,Private room,166.0,2.0,3,2026-03-07,0.45,4,35,3,,2026-5,2026-09-17,194.0
38912136,Home away from home,236632691,Philip,Christchurch City,Fendalton Ward,-43.518,172.59404,Private room,85.0,1.0,252,2026-06-30,3.02,1,190,20,,2026-5,2026-09-17,79.0
1612139840704234549,Green Pasture Retreat,743889907,Vivian,Christchurch City,Halswell Ward,-43.57286,172.528,Entire home/apt,288.0,1.0,1,2026-02-07,0.16,1,225,1,,2026-5,2026-09-17,222.0
876345219541794974,SWEET AS Sleepout Double room,105265867,Andrew,Christchurch City,Riccarton Ward,-43.5366,172.56998,Private room,68.0,2.0,47,2026-03-07,1.17,8,175,7,,2026-5,2026-09-17,194.0
27945362,"Golden Sun Apartment -Two bedrooms, Three bedrooms",119597817,Angela,Christchurch City,Halswell Ward,-43.55147,172.55779,Entire home/apt,413.0,2.0,46,2026-01-02,0.49,3,269,1,,2026-5,2026-09-17,258.0
1249045057341766236,Sunny smile,329509279,Yun-An,Christchurch City,Halswell Ward,-43.552887,172.5586704,Entire home/apt,338.0,1.0,29,2026-05-10,1.32,1,291,11,,2026-5,2026-09-17,130.0
853326127856710119,2 Bedrooms Overlooking Park - Exquisite Views,482671075,Care Property Stays,Christchurch City,Riccarton Ward,-43.53520431154209,172.58490608993534,Entire home/apt,246.0,1.0,99,2026-07-25,2.43,184,263,21,,2026-5,2026-09-17,54.0
1699057493718153241,Come together in Christchurch,23760927,Rodesa,Christchurch City,Halswell Ward,-43.57014139127344,172.55896802318048,Entire home/apt,790.0,2.0,0,,,1,122,0,,2026-5,2026-09-17,
927951536112520050,"Homely, Clean & Cheap for Two",48816295,Terri,Christchurch City,Halswell Ward,-43.5786261,172.5614209,Private room,225.0,1.0,23,2026-03-06,0.64,4,364,3,,2026-5,2026-09-17,195.0
21451015,"Merivale -  Location, Location",135791498,Rochelle,Christchurch City,Fendalton Ward,-43.51312,172.61856,Entire home/apt,240.0,2.0,300,2026-07-17,2.81,3,49,32,,2026-5,2026-09-17,62.0
1613327760409665279,"The Garden Sleepout, Strowan",81369256,Luci,Christchurch City,Fendalton Ward,-43.50786185064125,172.6080343417026,Entire home/apt,119.0,2.0,12,2026-04-26,1.98,1,67,12,,2026-5,2026-09-17,144.0
1705472485423167012,"Rare Find, City Townhouse with 4 Car Parks!",482671075,Care Property Stays,Christchurch City,Central Ward,-43.51949399999999,172.656572,Entire home/apt,304.0,1.0,3,2026-07-23,2.14,184,223,3,,2026-5,2026-09-17,56.0
1414294228380229084,"Airport Luxury, no cleaning fee",67545571,Sharon,Christchurch City,Waimairi Ward,-43.4991295631148,172.5785432547501,Entire home/apt,151.0,1.0,153,2026-08-02,9.94,3,175,128,,2026-5,2026-09-17,46.0
11529335,Merivale Self-contained Studio,21295271,Margaret,Christchurch City,Fendalton Ward,-43.51583,172.62082,Entire home/apt,115.0,1.0,661,2026-07-28,5.39,1,200,71,,2026-5,2026-09-17,51.0
703217582305232763,Christchurch Westfield holiday home,211195948,Jenny,Christchurch City,Riccarton Ward,-43.53713,172.59225,Entire home/apt,292.0,1.0,189,2026-07-30,3.97,19,222,31,,2026-5,2026-09-17,49.0
1656920980273462598,Garden City Hideaway,3159349,Jonathan,Christchurch City,Central Ward,-43.51759,172.66221,Entire home/apt,179.0,2.0,2,2026-07-10,1.54,1,45,2,,2026-5,2026-09-17,69.0
950101202044267016,Central City Hideout with/Free Car parking,482671075,Care Property Stays,Christchurch City,Central Ward,-43.5197978,172.653372,Entire home/apt,182.0,1.0,215,2026-08-07,5.87,184,232,89,,2026-5,2026-09-17,41.0
1726698670309511754,Guest Suite in Christchurch,108840733,Nikki,Christchurch City,Waimairi Ward,-43.49538,172.57282,Entire home/apt,115.0,1.0,10,2026-08-13,10.0,4,275,10,,2026-5,2026-09-17,35.0
1555356549322386617,Cosy private room with king bed,437294345,Navdeep Singh,Christchurch City,Papanui Ward,-43.48961,172.59474,Private room,89.0,1.0,28,2026-07-04,4.42,1,358,28,,2026-5,2026-09-17,75.0
1638709573574714385,"Large sunny king bedroom, close to airport/shops",160939364,Zhen,Christchurch City,Fendalton Ward,-43.50902,172.57775,Private room,73.0,1.0,20,2026-07-14,3.92,2,55,20,,2026-5,2026-09-17,65.0
1238861831029352701,"Modern 6BD Joined Homes, Carpark, Avon River",551181197,Paula Kat Charlotte,Christchurch City,Central Ward,-43.5195555,172.6594498,Entire home/apt,577.0,1.0,77,2026-07-08,3.75,177,160,52,,2026-5,2026-09-17,71.0
1837611,"Close to University, 10 mins from Airport and City",9542449,Shona,Christchurch City,Fendalton Ward,-43.51332,172.5784,Private room,88.0,2.0,101,2026-07-16,0.66,1,232,18,,2026-5,2026-09-17,63.0
1680619527507439596,Azure Soar - UC&Riccarton - Private Bathroom Room6,477454854,Denny,Christchurch City,Riccarton Ward,-43.53768354894675,172.58908204036902,Private room,120.0,1.0,8,2026-08-07,3.81,5,94,8,,2026-5,2026-09-17,41.0
1424119646402978657,Home in Ilam,94697829,Andrew,Christchurch City,Waimairi Ward,-43.516116,172.5756165,Entire home/apt,232.0,2.0,15,2026-04-17,1.32,1,273,15,,2026-5,2026-09-17,153.0
1724665597897283195,Two Houses in Price of One Dickson Big Stay,123776389,Aj,Christchurch City,Hornby Ward,-43.5470546,172.5377549,Entire home/apt,927.0,1.0,0,,,3,330,0,,2026-5,2026-09-17,
38712160,"Close to airport,quite, safe and friendly street.",13171208,Ellis,Christchurch City,Harewood Ward,-43.48234,172.58511,Private room,70.0,2.0,58,2026-07-16,0.7,2,343,12,,2026-5,2026-09-17,63.0
887319182086293335,‘Home away from Home’ - Yaldhurst,161527985,Colleen,Christchurch City,Hornby Ward,-43.52425,172.51931,Entire home/apt,267.0,2.0,84,2026-07-17,2.18,1,150,25,,2026-5,2026-09-17,62.0
6111519,"Close to airport, quiet double bedroom upstairs",13171208,Ellis,Christchurch City,Harewood Ward,-43.48177,172.58516,Private room,92.0,1.0,22,2026-06-29,0.16,2,30,13,,2026-5,2026-09-17,80.0
41963661,Fyffe Studio Unit,58116308,Rod,Christchurch City,Riccarton Ward,-43.52999,172.58969,Entire home/apt,153.0,1.0,4,2025-01-15,0.07,4,342,0,,2026-5,2026-09-17,610.0
1591221213499529624,Comfort and Convenience - Close to Airport & Mall,96502896,Subhojit,Christchurch City,Papanui Ward,-43.4876569,172.6121695,Private room,82.0,1.0,8,2026-07-05,1.11,2,361,8,,2026-5,2026-09-17,74.0
45092196,Blenheim Road Motorlodge,119597817,Angela,Christchurch City,Riccarton Ward,-43.53846,172.58483,Private room,143.0,1.0,18,2026-04-18,0.28,3,361,4,,2026-5,2026-09-17,152.0
34397036,Christchurch Character Home Strowan,76237120,Deb,Christchurch City,Fendalton Ward,-43.510505083014834,172.60724790394306,Entire home/apt,203.0,2.0,189,2026-08-06,2.19,2,191,31,,2026-5,2026-09-17,42.0
584223821303287902,Deluxe King Room,449624343,Lucy,Christchurch City,Riccarton Ward,-43.53171,172.58766,Private room,227.0,1.0,27,2024-01-20,0.51,5,361,0,,2026-5,2026-09-17,971.0
1007247,Clarence Cottage,4765250,John,Christchurch City,Riccarton Ward,-43.53955,172.60697,Entire home/apt,337.0,2.0,120,2026-07-06,0.78,1,282,6,,2026-5,2026-09-17,73.0
1094591565911042260,"Safe, Clean & Cheap for One",48816295,Terri,Christchurch City,Halswell Ward,-43.5795,172.5609,Private room,210.0,1.0,17,2026-04-01,0.57,4,321,5,,2026-5,2026-09-17,169.0
33340980,'Little Two' - Cosy Studio close to Airport,251156752,Emma,Christchurch City,Harewood Ward,-43.47603,172.6092,Entire home/apt,145.0,1.0,785,2026-08-13,8.76,1,274,137,,2026-5,2026-09-17,35.0
1679602544101599924,Queen Room in Shared home,292478675,George,Christchurch City,Riccarton Ward,-43.52782,172.5748,Private room,59.0,1.0,2,2026-07-27,0.92,1,248,2,,2026-5,2026-09-17,52.0
1280068706353443031,Large Family Home Near The Landing,551181197,Paula Kat Charlotte,Christchurch City,Halswell Ward,-43.5610302,172.5409747,Entire home/apt,269.0,1.0,97,2026-08-02,4.51,177,245,55,,2026-5,2026-09-17,46.0
1689512104614240787,Spacious Hornby Home | Sleeps 8 | Garage & Yard,123776389,Aj,Christchurch City,Hornby Ward,-43.5470546,172.5377549,Entire home/apt,397.0,1.0,5,2026-07-26,2.0,3,330,5,,2026-5,2026-09-17,53.0
1215683937452966778,Charming Retreat Ilam Cozy Home,74811135,Maggie,Christchurch City,Riccarton Ward,-43.52682,172.55934,Entire home/apt,376.0,1.0,41,2026-07-16,1.67,46,274,6,,2026-5,2026-09-17,63.0
39067623,Family holiday house,97967020,Vincent,Christchurch City,Halswell Ward,-43.55932,172.56327,Entire home/apt,255.0,2.0,114,2026-03-01,1.37,1,68,11,,2026-5,2026-09-17,200.0
1355397747203103451,Modern Stay Near Airport,370840480,Kevan,Christchurch City,Halswell Ward,-43.56046744565495,172.5430162629637,Private room,70.0,1.0,1,2026-04-26,0.27,2,364,1,,2026-5,2026-09-17,144.0
1173613691876980444,Alpha Motel Deluxe Spa Studio,179297759,Peng,Christchurch City,Riccarton Ward,-43.53844,172.57895,Entire home/apt,150.0,1.0,8,2026-03-04,0.42,19,269,5,,2026-5,2026-09-17,197.0
1538827338308877637,Brand new home Gem — Near City & Shops,291222393,Liz Amio,Christchurch City,Halswell Ward,-43.55985,172.54083,Entire home/apt,411.0,1.0,13,2026-06-07,1.4,2,269,13,,2026-5,2026-09-17,102.0
599674690812017336,Best location # Wigram # walk to amenities & food,121720633,Stephanie,Christchurch City,Halswell Ward,-43.55188,172.55531,Private room,100.0,1.0,36,2026-02-27,0.72,2,204,4,,2026-5,2026-09-17,202.0
19895931,10 Min to Christchurch Airport | Private Sleepout,140868766,Michelle,Christchurch City,Hornby Ward,-43.53266,172.53843,Entire home/apt,147.0,1.0,303,2026-07-15,2.74,2,331,52,,2026-5,2026-09-17,64.0
1551170405957223767,Halswell Quarry - Walk and Explore - 3 bed,482671075,Care Property Stays,Christchurch City,Halswell Ward,-43.5968656,172.5688123,Entire home/apt,394.0,1.0,9,2026-06-23,1.0,184,238,9,,2026-5,2026-09-17,86.0
1301966359199846919,House for Large Group or Teams,50928952,Christopher David,Christchurch City,Halswell Ward,-43.5743727,172.5468377,Entire home/apt,556.0,1.0,18,2026-07-04,0.91,1,294,11,,2026-5,2026-09-17,75.0
1615031081051433423,Nice double room in Haslwell,62474239,Margaret,Christchurch City,Halswell Ward,-43.58434,172.56594,Private room,100.0,1.0,2,2026-05-30,0.33,1,253,2,,2026-5,2026-09-17,110.0
1562894766504268233,Comfortable 5-Bedroom Home • Convenient Location,74811135,Maggie,Christchurch City,Fendalton Ward,-43.50997,172.58582,Entire home/apt,458.0,1.0,25,2026-07-26,2.95,46,85,25,,2026-5,2026-09-17,53.0
1713568318670017606,Russley home near the airport,24205506,"Mayie, Judi And Karen At Bookahome",Christchurch City,Hornby Ward,-43.52308,172.54223,Entire home/apt,353.0,2.0,1,2026-07-07,0.77,81,327,1,,2026-5,2026-09-17,72.0
1429497093132099301,"Sunny Garden Retreat – Near Mall, City & Airport",697585226,Lily Li,Christchurch City,Papanui Ward,-43.49718502674914,172.60110774422316,Entire home/apt,212.0,2.0,35,2026-08-08,2.51,1,45,33,,2026-5,2026-09-17,40.0
895458991751681493,The Crossing,133703679,Anthy,Christchurch City,Riccarton Ward,-43.53279,172.56659,Entire home/apt,319.0,1.0,39,2026-07-25,1.04,2,242,7,,2026-5,2026-09-17,54.0
1210673859923717479,Room in Halswell Christchurch,591801322,Satinder,Christchurch City,Halswell Ward,-43.5812852,172.5552971,Private room,52.0,1.0,0,,,1,355,0,,2026-5,2026-09-17,
12907550,cozycozy guest house,22181030,Flora,Christchurch City,Hornby Ward,-43.53618,172.55261,Private room,113.0,1.0,10,2026-02-27,0.23,2,324,4,,2026-5,2026-09-17,202.0
834983944241442929,The Sleepout,408607282,Philippa,Christchurch City,Harewood Ward,-43.49595,172.58688,Entire home/apt,114.0,1.0,154,2026-07-17,3.7,1,256,41,,2026-5,2026-09-17,62.0
1241664394924236526,Spacious Family Home in Peaceful Halswell,74811135,Maggie,Christchurch City,Halswell Ward,-43.56865,172.54163,Entire home/apt,316.0,1.0,71,2026-06-02,3.09,46,66,33,,2026-5,2026-09-17,107.0
6363082,Clean modern house in Riccarton,33152465,Ian,Christchurch City,Riccarton Ward,-43.53668,172.58282,Private room,115.0,2.0,83,2026-05-02,0.61,1,355,12,,2026-5,2026-09-17,138.0
8476352,cozycozy guest house,22181030,Flora,Christchurch City,Hornby Ward,-43.53458,172.5513,Private room,94.0,1.0,31,2026-03-27,0.24,2,201,7,,2026-5,2026-09-17,174.0
1053928068943885260,Park View Townhouse + EV Carpark,551181197,Paula Kat Charlotte,Christchurch City,Riccarton Ward,-43.535771714288465,172.58450606732026,Entire home/apt,176.0,1.0,100,2026-07-31,3.13,177,236,43,,2026-5,2026-09-17,48.0
600960748449101325,Central Christchurch - double room. Free parking.,97189307,Jo,Christchurch City,Fendalton Ward,-43.511684,172.619247,Private room,130.0,2.0,71,2026-07-18,1.38,1,335,9,,2026-5,2026-09-17,61.0
32197237,GOOD VIBES | Soak • Connect • Play,119067882,Yvonne,Christchurch City,Spreydon Ward,-43.5587,172.58159,Entire home/apt,404.0,2.0,85,2026-06-18,0.93,2,298,30,,2026-5,2026-09-17,91.0
1001020247911555177,Wigram New Three Bedroom House,449624343,Lucy,Christchurch City,Halswell Ward,-43.5553,172.55886,Entire home/apt,285.0,2.0,82,2026-07-17,2.44,5,265,33,,2026-5,2026-09-17,62.0
1708366914453353090,Modern Family Home in Peaceful Halswell,396105967,Julio Cesar,Christchurch City,Halswell Ward,-43.59005,172.55695,Entire home/apt,677.0,1.0,0,,,1,51,0,,2026-5,2026-09-17,
1276328304584483823,Redwood Retreat,659129803,Jules & Mark,Christchurch City,Papanui Ward,-43.4785405,172.6129199,Private room,164.0,1.0,94,2026-05-01,4.46,1,241,56,,2026-5,2026-09-17,139.0
22792957,Airport Apartment,167999187,Lauris,Christchurch City,Harewood Ward,-43.4771,172.5824,Entire home/apt,175.0,1.0,172,2026-06-10,1.66,1,172,17,,2026-5,2026-09-17,99.0
1251872501117185044,Sunlit Sanctuary with Private Patio in Wigram,202585247,Ohana,Christchurch City,Halswell Ward,-43.5566022,172.5589218,Entire home/apt,350.0,1.0,79,2026-08-03,3.69,155,142,46,,2026-5,2026-09-17,45.0
27686531,Fabulous Guest Wing near CBD & Airport inc Netflix,25471419,Cheryl,Christchurch City,Fendalton Ward,-43.51655,172.59063,Private room,141.0,1.0,319,2026-07-15,3.28,2,247,42,,2026-5,2026-09-17,64.0
1391647154420101560,Sunny Private King bed  near uni/mkts/airport,160939364,Zhen,Christchurch City,Fendalton Ward,-43.5084051,172.5787446,Private room,74.0,1.0,110,2026-07-10,6.65,2,24,76,,2026-5,2026-09-17,69.0
1083459656125082383,Luxury in Ilam | Walk to Uni,315800267,Kathryn,Christchurch City,Riccarton Ward,-43.52668,172.58825,Private room,155.0,1.0,8,2026-02-19,0.27,2,26,2,,2026-5,2026-09-17,210.0
1187975195906862858,"Elegant Living by Middleton Park, Fully Equipped",551181197,Paula Kat Charlotte,Christchurch City,Riccarton Ward,-43.53549,172.5852,Entire home/apt,214.0,1.0,79,2026-06-10,3.11,177,215,43,,2026-5,2026-09-17,99.0
677995385635417877,Stunning Park side house in Wigram Skies,183026181,Anne,Christchurch City,Halswell Ward,-43.5542186081301,172.5479881837964,Entire home/apt,372.0,3.0,14,2026-04-22,0.3,4,76,2,,2026-5,2026-09-17,148.0
17624439,Character Home - Modern Comfort | Close to Airport,24205506,"Mayie, Judi And Karen At Bookahome",Christchurch City,Hornby Ward,-43.52676,172.55393,Entire home/apt,393.0,2.0,138,2026-06-26,1.21,81,259,7,,2026-5,2026-09-17,83.0
1010570221548491367,Memorial holiday home,211195948,Jenny,Christchurch City,Fendalton Ward,-43.51604,172.58808,Entire home/apt,384.0,1.0,93,2026-08-01,2.77,19,127,39,,2026-5,2026-09-17,47.0
1460457776181838013,Spacious 5BR Family Escape on Busch Lane,331763232,Managed By Williams,Christchurch City,Halswell Ward,-43.5681478,172.5244935,Entire home/apt,562.0,1.0,13,2026-07-22,1.24,165,121,13,,2026-5,2026-09-17,57.0
11104969,Pool House - Peaceful Sun Trap,57677232,Richard,Christchurch City,Heathcote Ward,-43.5597,172.66637,Entire home/apt,175.0,2.0,65,2026-03-01,0.51,1,115,4,,2026-5,2026-09-17,200.0
948754193074213128,Majestic CourtMotel/No Cleaning Fee,238866720,Deepak,Christchurch City,Riccarton Ward,-43.53028,172.59397,Private room,,3.0,2,2023-11-18,0.05,2,0,0,,2026-5,2026-09-17,1034.0
1623369383066343451,Willow Retreat,690839047,Mathew,Christchurch City,Innes Ward,-43.50361,172.65735,Private room,55.0,3.0,2,2026-04-23,0.46,4,78,2,,2026-5,2026-09-17,147.0
1658947364491423413,Modern centrally located 2-bedroom apartment,232627620,Geoff,Christchurch City,Central Ward,-43.54679073224578,172.64674104973756,Entire home/apt,187.0,2.0,3,2026-07-10,0.81,3,247,3,,2026-5,2026-09-17,69.0
841556388627446413,Gateway to Hagley Park - 2 Bed w/Carpark,482671075,Care Property Stays,Christchurch City,Riccarton Ward,-43.5311678,172.6101226,Entire home/apt,218.0,1.0,132,2026-07-14,3.16,184,252,28,,2026-5,2026-09-17,65.0
1066876155862022473,Lovely Family Home,30256766,Simon,Christchurch City,Riccarton Ward,-43.52711870433259,172.58902148763502,Entire home/apt,199.0,9.0,0,,,1,124,0,,2026-5,2026-09-17,
1466278122007244011,Addington cozy corner,578777777,Nina,Christchurch City,Spreydon Ward,-43.5456119,172.6146934,Private room,69.0,2.0,9,2026-05-17,0.79,1,73,9,,2026-5,2026-09-17,123.0
994609344001557249,Cosy Retreat with Modern Touch,109294654,Nicki,Christchurch City,Papanui Ward,-43.50264,172.6296,Private room,143.0,2.0,108,2025-10-04,3.12,1,170,6,,2026-5,2026-09-17,348.0
53451677,City Garden Retreat: Private Room in Urban Oasis,12222757,Kelsey,Christchurch City,Spreydon Ward,-43.555,172.60435,Private room,102.0,2.0,36,2026-07-13,0.72,3,364,12,,2026-5,2026-09-17,66.0
1659715319398542378,Family Home Near CBD + Garage & Outdoor Dining,482671075,Care Property Stays,Christchurch City,Central Ward,-43.5193757,172.6384397,Entire home/apt,337.0,1.0,17,2026-08-06,4.08,184,210,17,,2026-5,2026-09-17,42.0
15186868,Private Garden Cabin - on airport bus route,20397105,Lesley,Christchurch City,Linwood Ward,-43.54337,172.66765,Entire home/apt,103.0,2.0,144,2026-04-27,1.21,1,179,17,,2026-5,2026-09-17,143.0
1686800283679304068,3 BRM Townhouse 5 mins drive to CBD - free parking,43367626,Sharon,Christchurch City,Innes Ward,-43.5118588,172.6393027,Entire home/apt,459.0,1.0,4,2026-07-18,1.58,18,139,4,,2026-5,2026-09-17,61.0
22130249,Self Contained Studio 10 min from City,45165874,Tania,Christchurch City,Linwood Ward,-43.5420367,172.6694475,Entire home/apt,129.0,2.0,210,2026-08-12,1.99,3,251,38,,2026-5,2026-09-17,36.0
1242536186932055970,Brand New 2BR Home with Parking,147777927,Venu,Christchurch City,Linwood Ward,-43.5366477,172.6614565,Entire home/apt,188.0,1.0,45,2026-05-13,2.06,4,111,6,,2026-5,2026-09-17,127.0
660383068278004548,Divine on Derby - Christchurch Holiday Home,145244100,Bachcare,Christchurch City,Central Ward,-43.51767,172.63129,Entire home/apt,,3.0,31,2026-07-07,0.68,1231,338,11,,2026-5,2026-09-17,72.0
1037256800469110764,Single room in Character Villa,29970846,Nick,Christchurch City,Linwood Ward,-43.54164,172.66321,Private room,68.0,2.0,19,2026-04-24,0.58,3,179,2,,2026-5,2026-09-17,146.0
1605295895371454739,Murray the Teardrop Campervan,58253723,Happy Hideouts,Christchurch City,Innes Ward,-43.496350856055784,172.63299706835957,Private room,90.0,1.0,2,2026-02-23,0.32,6,364,2,,2026-5,2026-09-17,206.0
1056642375891397483,"St Alban's Sanctuary(offstreet parking, 3km 2 CBD)",287242301,Linda,Christchurch City,Innes Ward,-43.51157,172.64719,Entire home/apt,346.0,1.0,46,2026-04-18,1.45,2,324,20,,2026-5,2026-09-17,152.0
25701735,Quiet apartment near the central city.,193385428,Michael,Christchurch City,Linwood Ward,-43.53474,172.66424,Entire home/apt,100.0,1.0,208,2026-08-09,2.1,1,33,4,,2026-5,2026-09-17,39.0
1169986448697106274,"Modern King Studio | Netflix, Disney+ & Parking.",573757538,Prince,Christchurch City,Riccarton Ward,-43.53592,172.60157,Entire home/apt,120.0,1.0,11,2026-02-16,0.9,7,246,11,,2026-5,2026-09-17,213.0
1064160786159072795,Private Studio close to City,19922397,Victoria,Christchurch City,Central Ward,-43.52429,172.66945,Entire home/apt,117.0,1.0,150,2026-08-05,4.82,1,157,59,,2026-5,2026-09-17,43.0
1679398652139407052,Modern Retreat | Spa Pool | Walk to Park & City,194605472,Angela And Steve,Christchurch City,Fendalton Ward,-43.52083976960515,172.622088335582,Entire home/apt,209.0,1.0,0,,,1,33,0,,2026-5,2026-09-17,
31712205,Cozy claw foot bath hideaway 5 min from CBD,31308471,Hannah,Christchurch City,Linwood Ward,-43.53828,172.67245,Entire home/apt,138.0,1.0,445,2026-08-09,4.87,1,247,79,,2026-5,2026-09-17,39.0
884226134448573632,Stylish Brand New Sunny 3Bdrm 3Bth garage sleeps 6,45768555,Hasslefree Accommodation,Christchurch City,Spreydon Ward,-43.5425451,172.6126479,Entire home/apt,365.0,1.0,142,2026-07-04,3.61,65,311,10,,2026-5,2026-09-17,75.0
740983881101877498,1 Bedroom Gem with Hagley Park at your Doorstep,482671075,Care Property Stays,Christchurch City,Riccarton Ward,-43.5284992,172.6120639,Entire home/apt,214.0,1.0,186,2026-06-29,4.12,184,152,32,,2026-5,2026-09-17,80.0
1579125352127189286,5 mins to Stadium | Premium Central Home | Parking,419098857,Skylar,Christchurch City,Central Ward,-43.53158255507987,172.6635380834341,Entire home/apt,151.0,1.0,30,2026-07-29,3.86,1,120,30,,2026-5,2026-09-17,50.0
51125428,Stones Throw From the CBD + Hot Tub,202585247,Ohana,Christchurch City,Spreydon Ward,-43.54471,172.60907,Entire home/apt,310.0,1.0,510,2026-08-05,8.26,155,104,73,,2026-5,2026-09-17,43.0
1387283093861827238,Cozy 2-Bedroom - Kitchen Yard Central Location,202585247,Ohana,Christchurch City,Spreydon Ward,-43.5448233,172.6090316,Entire home/apt,216.0,1.0,89,2026-07-23,5.35,155,235,69,,2026-5,2026-09-17,56.0
43095948,Two Bedroom Spa Apartment at Bella Vista Motel,90849795,Emma & Fidel,Christchurch City,Central Ward,-43.52027,172.63838,Entire home/apt,323.0,1.0,10,2022-10-05,0.13,2,334,0,,2026-5,2026-09-17,1443.0
24289615,"Peaceful Garden Studio: separate, no cleaning fee",183232246,Tracey,Christchurch City,Fendalton Ward,-43.50738,172.625204,Entire home/apt,134.0,2.0,297,2026-07-16,2.97,1,28,36,,2026-5,2026-09-17,63.0
53084920,Double bedroom in Character Villa,29970846,Nick,Christchurch City,Linwood Ward,-43.54127,172.66309,Private room,61.0,2.0,26,2026-04-12,0.62,3,179,1,,2026-5,2026-09-17,158.0
1202634894075522773,Hagley Park Retreat - With Free Parking,44139597,Canterbury Property Management,Christchurch City,Riccarton Ward,-43.52783,172.61104,Entire home/apt,280.0,1.0,94,2026-08-04,3.77,6,48,24,,2026-5,2026-09-17,44.0
30503489,Brockworth by Hagley Park,228923808,Cheryl,Christchurch City,Riccarton Ward,-43.53386,172.61037,Entire home/apt,462.0,1.0,120,2026-04-01,1.29,1,310,2,,2026-5,2026-09-17,169.0
1548461530489480159,Modern Heritage 2BR Home,147777927,Venu,Christchurch City,Linwood Ward,-43.5419268,172.6671334,Entire home/apt,208.0,1.0,0,,,4,292,0,,2026-5,2026-09-17,
986420206136823944,Merivale comfy 2 beds with free parking,86216394,Min,Christchurch City,Fendalton Ward,-43.51966,172.62374,Entire home/apt,213.0,1.0,55,2026-08-01,1.61,42,152,16,,2026-5,2026-09-17,47.0
42991751,City Centre Apartment 5 mins walk to ChCh Hospital,5353886,Trish And Mark,Christchurch City,Central Ward,-43.53742,172.62051,Entire home/apt,218.0,2.0,144,2025-03-16,1.88,2,164,0,,2026-5,2026-09-17,550.0
1570709945234516866,Stylish Parkside Retreat | Family Space & Fun,5080290,Paul & Marie,Christchurch City,Cashmere Ward,-43.5613406,172.6484919,Entire home/apt,250.0,2.0,13,2026-07-19,1.7,1,215,13,,2026-5,2026-09-17,60.0
14564035,"Sunny, Private Queen Room Near City Centre",4606077,Tawny,Christchurch City,Innes Ward,-43.51464,172.64726,Private room,100.0,2.0,76,2026-04-16,0.82,2,266,11,,2026-5,2026-09-17,154.0
1040156052687115632,Stylish~Central~Gated free car park-King Beds,537318846,Jemima,Christchurch City,Innes Ward,-43.51499,172.63791,Entire home/apt,253.0,1.0,208,2026-08-04,6.73,5,65,88,,2026-5,2026-09-17,44.0
1603331230046751413,Modern house 18 min drive from central city,134613984,Laura,Christchurch City,Innes Ward,-43.47183100016576,172.6377982646227,Private room,135.0,1.0,0,,,1,270,0,,2026-5,2026-09-17,
1350266274214073236,Riverside Retreat,190937381,Clare,Christchurch City,Cashmere Ward,-43.5615757,172.63505,Entire home/apt,839.0,7.0,2,2026-02-23,0.26,1,344,2,,2026-5,2026-09-17,206.0
26573686,Stylish studio close to the hills,94047469,Helen,Christchurch City,Heathcote Ward,-43.5567,172.6686,Entire home/apt,137.0,2.0,50,2026-03-26,0.83,1,243,8,,2026-5,2026-09-17,175.0
15238281,Central City Bungalow,96878073,Deborah,Christchurch City,Central Ward,-43.520057678222656,172.64767456054688,Entire home/apt,123.0,1.0,137,2026-08-07,1.17,1,319,68,,2026-5,2026-09-17,41.0
40098644,Superb park side haven in Central Christchurch,115613326,Martin And Myra,Christchurch City,Central Ward,-43.53915,172.62152,Entire home/apt,284.0,2.0,218,2026-08-01,2.95,1,62,29,,2026-5,2026-09-17,47.0
1241359704320664791,Modern townhouse in amazing location + carpark,45172785,The MAC Property Team,Christchurch City,Central Ward,-43.5169058,172.6359035,Entire home/apt,247.0,1.0,226,2026-08-08,5.18,46,324,64,,2026-5,2026-09-17,40.0
42690376,Cozy 1BR Apartment with Hagley Park View,331763232,Managed By Williams,Christchurch City,Central Ward,-43.53835,172.62151,Entire home/apt,233.0,1.0,384,2026-07-08,5.22,165,215,47,,2026-5,2026-09-17,71.0
1579336639417867797,Comfortable Three-Bedroom Home U6,74811135,Maggie,Christchurch City,Riccarton Ward,-43.53463,172.60375,Entire home/apt,,1.0,0,,,46,0,0,,2026-5,2026-09-17,
13815512,3min walk to shops &10min drive to city +FreePark,81355264,Carolyn And Alan,Christchurch City,Cashmere Ward,-43.55765,172.65673,Entire home/apt,216.0,1.0,65,2026-05-16,2.67,1,253,32,,2026-5,2026-09-17,124.0
1739577464195292355,3BR Addington Home with Private Spa & Garage,86216394,Min,Christchurch City,Spreydon Ward,-43.54477,172.61296,Entire home/apt,330.0,1.0,0,,,42,212,0,,2026-5,2026-09-17,
837418557580078280,Norwood Lodge,301867,Rebecca,Christchurch City,Cashmere Ward,-43.56222,172.64312,Entire home/apt,416.0,2.0,9,2024-04-30,0.22,2,164,0,,2026-5,2026-09-17,870.0
1048913895671608761,Opawa house,551462929,María Rosa,Christchurch City,Heathcote Ward,-43.54895161198882,172.65845320346875,Private room,80.0,2.0,33,2026-07-05,1.04,1,269,15,,2026-5,2026-09-17,74.0
1383506021723956608,Family Three Bedroom - Two Bathroom Gated Carpark,136453482,Kelly,Christchurch City,Fendalton Ward,-43.5120107183578,172.6230112775695,Entire home/apt,501.0,1.0,33,2026-07-22,2.41,2,263,30,,2026-5,2026-09-17,57.0
1472152587424170997,Merivale Court Large Studio-Unit 3,707858717,Stay At Christchurch Ltd,Christchurch City,Fendalton Ward,-43.51590411421796,172.6239234770492,Entire home/apt,157.0,1.0,3,2025-10-17,0.25,14,350,3,,2026-5,2026-09-17,335.0
39398307,Executive Spa Studio A - Kauri Motel,302631641,Kauri,Christchurch City,Riccarton Ward,-43.529762,172.597122,Private room,174.0,1.0,7,2026-01-31,0.09,4,343,1,,2026-5,2026-09-17,229.0
1549615981745055286,Lovely Riccarton Town house Bedroom,728080990,Connor,Christchurch City,Riccarton Ward,-43.53456,172.60436,Private room,112.0,1.0,4,2026-07-15,0.65,1,314,4,,2026-5,2026-09-17,64.0
681327249544331373,"Spacious Home Close to City, With Free Parking",682808597,Devon,Christchurch City,Cashmere Ward,-43.55415,172.6495,Entire home/apt,374.0,1.0,209,2026-07-13,4.35,28,57,37,,2026-5,2026-09-17,66.0
1579527597306056886,the alpine bunk shelter,202976612,Fabricio,Christchurch City,Cashmere Ward,-43.56693,172.65602,Entire home/apt,138.0,1.0,25,2026-08-01,3.3,2,224,25,,2026-5,2026-09-17,47.0
41436343,One Bedroom Apartment @Cranford Cottages and Motel,305389317,Cranford Cottages And Motel,Christchurch City,Innes Ward,-43.5114,172.63837,Entire home/apt,178.0,1.0,7,2026-02-28,0.09,6,358,3,,2026-5,2026-09-17,201.0
1405592400427766713,2BR Getaway | BBQ & Game Room | Sleeps 5,59249793,InfinityEight,Christchurch City,Central Ward,-43.5187158,172.6463647,Entire home/apt,215.0,1.0,37,2026-06-26,2.37,6,152,24,,2026-5,2026-09-17,83.0
1709787994531999473,Room Lower Cashmere gateway Port Hills Playground,111299485,Kerry,Christchurch City,Cashmere Ward,-43.5668867,172.6276987,Private room,115.0,1.0,1,2026-07-08,0.79,1,299,1,,2026-5,2026-09-17,71.0
29014525,Roker Street Retreat,148337472,Lucy And Callum,Christchurch City,Cashmere Ward,-43.55471,172.62898,Entire home/apt,194.0,1.0,457,2026-08-09,5.46,1,265,107,,2026-5,2026-09-17,39.0
1007445495928433267,Peaceful Elegant Designated Park King Bed.,45768555,Hasslefree Accommodation,Christchurch City,Central Ward,-43.51904,172.64306,Entire home/apt,366.0,1.0,49,2026-07-17,1.47,65,327,8,,2026-5,2026-09-17,62.0
15423628,A Slice of Paradise in the City,98854449,Marisa,Christchurch City,Cashmere Ward,-43.5623,172.63601,Entire home/apt,294.0,1.0,299,2026-07-07,2.51,1,38,44,,2026-5,2026-09-17,72.0
1729152964149075004,Mid-Century on Mandeville,1725772790065617149,Rebecca,Christchurch City,Riccarton Ward,-43.52979,172.6042,Entire home/apt,252.0,2.0,0,,,1,330,0,,2026-5,2026-09-17,
963142741050507192,Honey for the Money Warm Sunny 10 mins CBD,45768555,Hasslefree Accommodation,Christchurch City,Central Ward,-43.5197096,172.6327918,Entire home/apt,269.0,1.0,71,2026-08-02,2.03,65,325,18,,2026-5,2026-09-17,46.0
1532407585276733284,On the Park,201467139,Lou,Christchurch City,Heathcote Ward,-43.55327,172.6332,Entire home/apt,137.0,1.0,8,2026-07-30,1.26,2,100,8,,2026-5,2026-09-17,49.0
1251971271821187559,THE BIRD'S NEST - Secluded getaway!,59674136,Jo,Christchurch City,Heathcote Ward,-43.56204,172.66485,Entire home/apt,230.0,1.0,240,2026-08-06,10.54,1,264,111,,2026-5,2026-09-17,42.0
1577804515445177911,Home in Beckenham Christchurch 2 bedroom Cottage,255669827,Jane,Christchurch City,Cashmere Ward,-43.56512,172.6399,Entire home/apt,,2.0,21,2026-08-01,2.67,1,0,21,,2026-5,2026-09-17,47.0
1680032344694560316,Modern Comfort in Central Christchurch,206254417,Rhys,Christchurch City,Innes Ward,-43.51544,172.6362,Entire home/apt,312.0,2.0,2,2026-07-13,1.11,14,239,2,,2026-5,2026-09-17,66.0
1024904704905648301,The net unit! Close to center and local hills.,202976612,Fabricio,Christchurch City,Cashmere Ward,-43.56583323514462,172.65564394232786,Entire home/apt,189.0,1.0,178,2026-08-01,5.54,2,312,67,,2026-5,2026-09-17,47.0
898855163705264502,Luxury Living in Amazing Location - 2 Car Parks,45172785,The MAC Property Team,Christchurch City,Innes Ward,-43.5154435,172.6388883,Entire home/apt,325.0,1.0,169,2026-08-09,4.49,46,288,66,,2026-5,2026-09-17,39.0
1591012481555724543,"Better Together BnB - Near City, Central Living",128284700,Nashi,Christchurch City,Central Ward,-43.5317706,172.6632829,Entire home/apt,252.0,1.0,20,2026-07-15,2.94,1,165,20,,2026-5,2026-09-17,64.0
1697700174666153390,Corner No.9,702913639,Lauren Alexandra,Christchurch City,Riccarton Ward,-43.5252103,172.6100164,Entire home/apt,309.0,2.0,0,,,1,294,0,,2026-5,2026-09-17,
1194567795273182285,"Luxury Designer Home | 3 Bed, 3 Bath",49642171,Lily-SimplyHost,Christchurch City,Fendalton Ward,-43.51403,172.62548,Entire home/apt,333.0,1.0,64,2026-07-08,2.51,97,323,24,,2026-5,2026-09-17,71.0
1312770612034348747,St Albans Townhouse near City Centre,201425552,Rachel,Christchurch City,Innes Ward,-43.50368,172.63584,Entire home/apt,349.0,2.0,25,2026-07-12,1.37,1,165,18,,2026-5,2026-09-17,67.0
29427036,Quiet Cottage on the Hill,244184708,Tania,Christchurch City,Cashmere Ward,-43.56291,172.65158,Entire home/apt,121.0,2.0,280,2026-08-02,2.98,1,169,26,,2026-5,2026-09-17,46.0
1168456554388002966,Large Bright Room Great Location! No Cleaning Fee!,1178570,Andrew,Christchurch City,Papanui Ward,-43.473783417398494,172.62719604213544,Private room,112.0,2.0,15,2025-02-22,0.57,1,89,0,,2026-5,2026-09-17,572.0
1266185072625199570,Traveller & Business Guest Suite,67564514,Gill,Christchurch City,Cashmere Ward,-43.56437609781709,172.6396558585457,Entire home/apt,117.0,1.0,215,2026-08-12,9.8,1,225,126,,2026-5,2026-09-17,36.0
41388482,Luxury Cottage @ Cranford Cottages and Motel,305389317,Cranford Cottages And Motel,Christchurch City,Innes Ward,-43.51076,172.63743,Entire home/apt,212.0,1.0,20,2026-01-16,0.26,6,352,4,,2026-5,2026-09-17,244.0
53376793,Lovely townhouse with city convenience,257214205,Barry,Christchurch City,Heathcote Ward,-43.54965,172.63025,Entire home/apt,158.0,1.0,230,2026-08-10,4.06,2,284,57,,2026-5,2026-09-17,38.0
1032886810884996949,3 Bedroom house in quiet street,338919098,Josh,Christchurch City,Innes Ward,-43.49396,172.64292,Entire home/apt,240.0,2.0,5,2024-09-14,0.16,2,87,0,,2026-5,2026-09-17,733.0
740243619957183061,Parkside Retreat-Modern Comfort Near the Hospital,264130845,Kim And Tj,Christchurch City,Central Ward,-43.5386381,172.6214788,Entire home/apt,257.0,1.0,64,2026-07-17,1.42,2,219,11,,2026-5,2026-09-17,62.0
1151615096411103446,Luxury 2 Bedroom Hideout Near CBD/Merivale Mall,49642171,Lily-SimplyHost,Christchurch City,Fendalton Ward,-43.51206,172.6263,Entire home/apt,312.0,1.0,16,2026-06-18,0.65,97,320,6,,2026-5,2026-09-17,91.0
688061539804807067,Self-contained private ensuite by the river,60453585,Rachel,Christchurch City,Cashmere Ward,-43.56563,172.64582,Private room,84.0,1.0,191,2026-06-14,4.01,1,79,44,,2026-5,2026-09-17,95.0
1689447577776734301,Family Stay Townhouse | EV Charger + Hagley Park,482671075,Care Property Stays,Christchurch City,Riccarton Ward,-43.5286285,172.6117785,Entire home/apt,225.0,1.0,9,2026-07-29,3.51,184,228,9,,2026-5,2026-09-17,50.0
683593643102198794,Executive Living Space on Avon River,682808597,Devon,Christchurch City,Fendalton Ward,-43.52089,172.62268,Entire home/apt,480.0,1.0,170,2026-08-11,3.51,28,189,92,,2026-5,2026-09-17,37.0
1172111487506666361,Entire Floor Apartment With Avon River Views,682808597,Devon,Christchurch City,Fendalton Ward,-43.52097,172.62118,Entire home/apt,530.0,1.0,97,2026-07-16,3.8,28,205,57,,2026-5,2026-09-17,63.0
1271408285770853501,Dyers pass house,25373256,Wayne,Christchurch City,Cashmere Ward,-43.571459590503274,172.6309416882019,Entire home/apt,582.0,2.0,21,2026-07-11,0.98,3,320,12,,2026-5,2026-09-17,68.0
1626650534958994551,Private Ensuite Room|WIFI | Free parking,747185677,Arathi,Christchurch City,Central Ward,-43.5473149,172.6272267,Private room,115.0,1.0,27,2026-08-09,4.76,1,84,27,,2026-5,2026-09-17,39.0
1659678722947736003,Elegant Apartment on Hagley Park,682808597,Devon,Christchurch City,Central Ward,-43.52243,172.62104,Entire home/apt,518.0,1.0,6,2026-08-11,3.6,28,316,6,,2026-5,2026-09-17,37.0
22555308,Peaceful Pocket,12678171,Jo,Christchurch City,Innes Ward,-43.50357,172.63884,Entire home/apt,352.0,1.0,21,2026-03-27,0.5,2,10,4,,2026-5,2026-09-17,174.0
12231418,Cosy stand-alone studio - breakfast included,65811094,Anna,Christchurch City,Heathcote Ward,-43.55375,172.64607,Entire home/apt,109.0,1.0,517,2026-07-30,4.45,1,94,55,,2026-5,2026-09-17,49.0
1368850792803346695,Merivale - A walk to the city,64344206,Amie,Christchurch City,Fendalton Ward,-43.51201629991809,172.62585908174515,Entire home/apt,297.0,2.0,4,2025-04-20,0.23,4,330,0,,2026-5,2026-09-17,515.0
815625354473616110,Peaceful garden cottage,201748,Debby,Christchurch City,Cashmere Ward,-43.563657,172.6403891,Entire home/apt,100.0,2.0,118,2026-07-11,2.75,1,253,39,,2026-5,2026-09-17,68.0
21631465,Discover Port Hills with this Beauty + Breakfast!,114115162,Ollie,Christchurch City,Heathcote Ward,-43.56367,172.66984,Private room,93.0,1.0,564,2026-07-16,5.35,1,295,50,,2026-5,2026-09-17,63.0
1479431747726281225,Room in Bright & Sunny Home! + Parking,84279395,Pearl,Christchurch City,Central Ward,-43.51898430756725,172.64229899733704,Private room,84.0,2.0,30,2026-08-02,2.73,2,41,30,,2026-5,2026-09-17,46.0
1573670501739242310,Luxury Cottage with Outdoor Spa,305389317,Cranford Cottages And Motel,Christchurch City,Innes Ward,-43.51046,172.63799,Entire home/apt,241.0,1.0,1,2026-01-28,0.15,6,361,1,,2026-5,2026-09-17,232.0
966859003719680814,Whole sunny house on Huntsbury!,41518718,Jessica,Christchurch City,Cashmere Ward,-43.56745,172.65242,Entire home/apt,365.0,5.0,2,2026-01-07,0.26,1,44,2,,2026-5,2026-09-17,253.0
1336096975736691107,AnB’s AirBnB - end room,95653932,Billy,Christchurch City,Heathcote Ward,-43.556949600472855,172.64171920644057,Private room,118.0,1.0,5,2025-03-30,0.27,1,146,0,,2026-5,2026-09-17,536.0
1624430036667152274,Peaceful Bushside Room with Queen Bed,58253723,Happy Hideouts,Christchurch City,Innes Ward,-43.49574,172.63187,Private room,164.0,1.0,1,2026-02-28,0.18,6,364,1,,2026-5,2026-09-17,201.0
1237188525302130764,Mersey Mews - Brand New 2 Bed Townhouse Near CBD.,43480334,Lucy,Christchurch City,Innes Ward,-43.50641546533082,172.63826205797756,Entire home/apt,195.0,2.0,60,2026-07-18,2.65,1,298,32,,2026-5,2026-09-17,61.0
1121126855435197181,Carterley House – Renovated 4BR Home with Studio,23278101,Jason,Christchurch City,Innes Ward,-43.49803,172.63075,Entire home/apt,415.0,2.0,81,2026-08-08,2.97,19,242,33,,2026-5,2026-09-17,40.0
1472143806955374693,Merivale Court Large Studio-Unit 2,707858717,Stay At Christchurch Ltd,Christchurch City,Fendalton Ward,-43.516087275114,172.6235914518303,Entire home/apt,168.0,1.0,3,2025-12-27,0.25,14,357,3,,2026-5,2026-09-17,264.0
20851461,Sweet Nemo's home,48293367,Alina,Christchurch City,Spreydon Ward,-43.54439,172.61301,Private room,2220.0,1.0,28,2019-02-04,0.26,1,89,0,,2026-5,2026-09-17,2782.0
998105312722516977,Chic Apartment in Riccarton - Modern Comfort,682808597,Devon,Christchurch City,Riccarton Ward,-43.53783,172.59703,Entire home/apt,357.0,1.0,92,2026-08-06,2.66,28,94,46,,2026-5,2026-09-17,42.0
21125919,Garden Rm: Book 2 Bdrms if 3-4 Travel 2gether.,152241212,Jo And Lance,Christchurch City,Cashmere Ward,-43.57257,172.63441,Private room,146.0,2.0,103,2026-01-05,0.96,2,269,2,,2026-5,2026-09-17,255.0
26958096,"Riccarton 5BR, 400m to Westfield Mall",24205506,"Mayie, Judi And Karen At Bookahome",Christchurch City,Riccarton Ward,-43.53136,172.60573,Entire home/apt,340.0,2.0,137,2026-07-08,1.44,81,268,12,,2026-5,2026-09-17,71.0
1109591220999752625,"Guest room, superking bed, downtown, free parking",77141232,Robert,Christchurch City,Central Ward,-43.5161987,172.6393706,Private room,178.0,1.0,0,,,2,199,0,,2026-5,2026-09-17,
865982067838572129,Riverside Villa at the edge Banks Peninsular,509283690,Peter,Christchurch City,Cashmere Ward,-43.56331,172.63225,Entire home/apt,254.0,2.0,84,2026-04-26,2.12,1,87,32,,2026-5,2026-09-17,144.0
39154740,Hagley Park View Apartment | CBD Christchurch,49642171,Lily-SimplyHost,Christchurch City,Central Ward,-43.53885,172.61747,Entire home/apt,195.0,1.0,139,2026-07-24,1.68,97,334,13,,2026-5,2026-09-17,55.0
927939209304967721,Contemporary Home with Carpark,257057675,Shannon,Christchurch City,Heathcote Ward,-43.55479368910825,172.64461057117614,Entire home/apt,217.0,1.0,34,2026-08-03,0.95,2,192,7,,2026-5,2026-09-17,45.0
52779984,Lovely room in character home,4638888,Jessica,Christchurch City,Innes Ward,-43.50798,172.64693,Private room,135.0,1.0,3,2026-02-22,0.17,1,364,2,,2026-5,2026-09-17,207.0
782096306107847578,Addington SOHO Two Bedroom Townhouse,49642171,Lily-SimplyHost,Christchurch City,Spreydon Ward,-43.54594,172.61536,Entire home/apt,238.0,1.0,139,2026-08-09,3.29,97,210,10,,2026-5,2026-09-17,39.0
16665527,"Stylish, charming, stay in our most chic suburb",110222955,Bev,Christchurch City,Fendalton Ward,-43.51142883300781,172.62551879882812,Private room,143.0,1.0,255,2026-07-09,2.2,1,312,69,,2026-5,2026-09-17,70.0
1367570956245038182,"Stylish, comforatable home close to city centre",208721249,Kyla,Christchurch City,Innes Ward,-43.514742299471386,172.63571761489564,Entire home/apt,310.0,2.0,21,2026-05-10,1.27,1,13,18,,2026-5,2026-09-17,130.0
31496830,"Central location, walk to the shops",235986153,Kellie,Christchurch City,Riccarton Ward,-43.52802,172.60085,Private room,146.0,1.0,266,2026-08-11,2.92,1,144,51,,2026-5,2026-09-17,37.0
14491096,Newly Renovated Studio Unit #2,50694865,Hotel,Christchurch City,Fendalton Ward,-43.520267,172.626251,Entire home/apt,201.0,1.0,177,2026-02-08,1.46,11,350,1,,2026-5,2026-09-17,221.0
53265752,New State Of The Art Sunny Warm free Park,45768555,Hasslefree Accommodation,Christchurch City,Central Ward,-43.51813,172.64443,Entire home/apt,260.0,1.0,154,2026-07-31,2.71,65,348,10,,2026-5,2026-09-17,48.0
888001113832779860,Christchurch Parkside View - EV Charger & Garage,307971138,Stephanie,Christchurch City,Riccarton Ward,-43.5298370428505,172.61158234973755,Entire home/apt,315.0,2.0,17,2024-12-29,0.48,2,136,0,,2026-5,2026-09-17,627.0
774900641086656446,Cozy Town House - Walk to Wolfbrook Arena,682808597,Devon,Christchurch City,Spreydon Ward,-43.54659,172.60345,Entire home/apt,275.0,1.0,160,2026-08-12,3.61,28,141,66,,2026-5,2026-09-17,36.0
48596199,Private modern residence in central location,151829651,Heidi,Christchurch City,Riccarton Ward,-43.53662054444871,172.6039099394667,Entire home/apt,333.0,1.0,599,2026-07-28,9.17,2,184,113,,2026-5,2026-09-17,51.0
1189492206407986371,Beautiful room in quiet oasis,8899806,Tanya,Christchurch City,Cashmere Ward,-43.554237016971086,172.65147111357302,Private room,109.0,2.0,8,2026-08-01,0.37,1,178,2,,2026-5,2026-09-17,47.0
1674164691062302988,Sunny 3BR • Sleeps 6 • Parking • Bikes • 2km City,45564662,Shelly,Christchurch City,Spreydon Ward,-43.54636630217353,172.61791893465326,Entire home/apt,290.0,1.0,13,2026-08-12,6.96,2,253,13,,2026-5,2026-09-17,36.0
1577334980644129754,Just lovely 2BR/2Bath Near CBD + Free Parking,49642171,Lily-SimplyHost,Christchurch City,Spreydon Ward,-43.5436,172.61226,Entire home/apt,220.0,1.0,10,2026-07-03,1.49,97,335,10,,2026-5,2026-09-17,76.0
1298105204060287604,Cosy 2 Bed Single Level Home Near Westfield/CBD,664001020,Lilly,Christchurch City,Riccarton Ward,-43.536640025743914,172.5977861273676,Entire home/apt,257.0,1.0,78,2026-05-31,3.89,1,232,44,,2026-5,2026-09-17,109.0
39669013,Birdsong retreat,216305400,Christine Joy,Christchurch City,Cashmere Ward,-43.56436,172.63044,Private room,126.0,2.0,13,2025-02-21,0.16,1,88,0,,2026-5,2026-09-17,573.0
1489404609380851447,Compact Studio with free Parking,573757538,Prince,Christchurch City,Riccarton Ward,-43.53747,172.6016,Entire home/apt,100.0,1.0,7,2026-07-14,0.6,7,353,7,,2026-5,2026-09-17,65.0
1714893892364065728,Cosy tiny house,47387666,Mélanie,Christchurch City,Cashmere Ward,-43.5656638,172.645319,Entire home/apt,105.0,1.0,0,,,1,352,0,,2026-5,2026-09-17,
40016407,Designer Styled Three Bedroom Apartment,50694865,Hotel,Christchurch City,Fendalton Ward,-43.520267,172.626251,Entire home/apt,460.0,1.0,14,2024-02-04,0.21,11,328,0,,2026-5,2026-09-17,956.0
1705689390178456774,House in Christchurch,123949678,Claire,Christchurch City,Innes Ward,-43.499506692290545,172.63186116571595,Entire home/apt,246.0,2.0,8,2026-08-08,5.58,1,195,8,,2026-5,2026-09-17,40.0
806058288730364435,Beautiful Villa w/Parking | Near One NZ Stadium,131734373,Alicia,Christchurch City,Linwood Ward,-43.54968,172.67251,Entire home/apt,299.0,1.0,139,2026-06-26,3.24,10,264,6,,2026-5,2026-09-17,83.0
1641017802634346207,"Modern Gem – Clean, Fresh & Central House for Rent",698646358,Helena Elizabeth,Christchurch City,Linwood Ward,-43.5465644,172.6687995,Entire home/apt,257.0,1.0,0,,,1,14,0,,2026-5,2026-09-17,
1469801548100476771,The Beautiful Trio – 3 Homes For One Group,131734373,Alicia,Christchurch City,Linwood Ward,-43.5485,172.67262,Entire home/apt,661.0,1.0,6,2026-06-12,0.7,10,209,6,,2026-5,2026-09-17,97.0
1612563487167577009,"2 bedrooms, 5 mins from the city",938000,Kit,Christchurch City,Cashmere Ward,-43.55978,172.65121,Entire home/apt,232.0,1.0,0,,,2,353,0,,2026-5,2026-09-17,
1595799931862062417,Family Home on Tomes,26655867,Genevieve,Christchurch City,Papanui Ward,-43.49953,172.62287,Entire home/apt,520.0,1.0,1,2026-04-25,0.27,1,67,1,,2026-5,2026-09-17,145.0
1618023210913742640,R&S House,745411832,Ran,Christchurch City,Innes Ward,-43.50173,172.63362,Private room,96.0,1.0,11,2026-05-16,1.8,2,41,11,,2026-5,2026-09-17,124.0
1177104401081645427,The best location for your stay!,412607402,Natalie,Christchurch City,Central Ward,-43.51849,172.62738,Entire home/apt,355.0,1.0,17,2026-07-17,2.93,2,289,17,,2026-5,2026-09-17,62.0
1453224067650875183,Redecorated Three Bedroom Home,102072072,Brent,Christchurch City,Linwood Ward,-43.54853,172.66452,Entire home/apt,280.0,2.0,13,2026-04-12,0.98,1,229,12,,2026-5,2026-09-17,158.0
33583488,Peaceful retreat with city and mountain views,215253672,Sally,Christchurch City,Cashmere Ward,-43.56702,172.66383,Entire home/apt,247.0,2.0,55,2026-07-13,0.62,1,129,11,,2026-5,2026-09-17,66.0
1224943158323892998,Modern Merivale Gem | Flexible Beds & Parking,72194360,Breidi,Christchurch City,Fendalton Ward,-43.50695,172.62289,Entire home/apt,318.0,1.0,52,2026-07-11,2.25,10,299,27,,2026-5,2026-09-17,68.0
50984040,Walk to WolfbrookArena 2 beds with car park,365360819,Chao,Christchurch City,Spreydon Ward,-43.544708,172.60907,Entire home/apt,203.0,1.0,168,2026-07-14,2.72,8,171,27,,2026-5,2026-09-17,65.0
1291521865463376119,Luxury 2Bed2Bath Standalone Home With Parking,49642171,Lily-SimplyHost,Christchurch City,Fendalton Ward,-43.50647251370193,172.62318327679066,Entire home/apt,262.0,1.0,35,2026-07-14,1.69,97,338,20,,2026-5,2026-09-17,65.0
873475397226708234,Addington luxury townhouse,211195948,Jenny,Christchurch City,Spreydon Ward,-43.54193,172.61216,Entire home/apt,218.0,1.0,226,2026-07-27,5.62,19,113,58,,2026-5,2026-09-17,52.0
730082790152708983,"Huntsbury Hideaway, Cottage with amazing views",42254919,Anna,Christchurch City,Cashmere Ward,-43.5706101,172.6543996,Entire home/apt,272.0,1.0,31,2026-05-17,0.66,2,289,9,,2026-5,2026-09-17,123.0
1307486159567469376,"Immaculate presentation, carpark",45768555,Hasslefree Accommodation,Christchurch City,Spreydon Ward,-43.54633729199626,172.60402586381895,Entire home/apt,267.0,1.0,30,2026-06-23,1.52,65,320,8,,2026-5,2026-09-17,86.0
50509271,"Charming 100yr old home, near the Avon River",12777897,Lisa,Christchurch City,Central Ward,-43.52342,172.67345,Private room,65.0,1.0,42,2025-06-09,2.01,1,41,0,,2026-5,2026-09-17,465.0
50982243,Parkside Relax townhouse Free Parking EV charger,86216394,Min,Christchurch City,Riccarton Ward,-43.528942,172.610428,Entire home/apt,213.0,1.0,274,2026-07-30,4.43,42,190,55,,2026-5,2026-09-17,49.0
1616378508408326607,The Poolhouse on St Albans- includes private spa.,360938861,Michael,Christchurch City,Fendalton Ward,-43.51057,172.63009,Entire home/apt,211.0,2.0,6,2026-07-17,1.01,1,89,6,,2026-5,2026-09-17,62.0
33493805,Christchurch Getaway,133985647,Kate,Christchurch City,Riccarton Ward,-43.53163,172.60952,Private room,100.0,1.0,103,2026-07-22,1.15,2,44,29,,2026-5,2026-09-17,57.0
18510612,French Vintage Style Cottage Close To Central City,14836489,Tiffany,Christchurch City,Heathcote Ward,-43.54991,172.65205,Private room,193.0,1.0,0,,,1,364,0,,2026-5,2026-09-17,
27468656,"Sunny,small, secure and fabulous location",31620287,Felicity,Christchurch City,Central Ward,-43.51926,172.62895,Entire home/apt,262.0,1.0,80,2023-11-28,0.86,1,53,0,,2026-5,2026-09-17,1024.0
1644443699745015800,Therese Garden Stay,74811135,Maggie,Christchurch City,Spreydon Ward,-43.55559,172.61417,Entire home/apt,214.0,1.0,2,2026-07-11,1.43,46,247,2,,2026-5,2026-09-17,68.0
1714750536872779415,"Convenient city flat, pets welcome!",2429891,Jodi,Christchurch City,Spreydon Ward,-43.5496492,172.6201586,Entire home/apt,180.0,1.0,3,2026-07-24,2.25,1,349,3,,2026-5,2026-09-17,55.0
4394839,Lovely Sunny En-Suite Home,22664885,Spark & Angela,Christchurch City,Spreydon Ward,-43.55145,172.60179,Private room,58.0,1.0,1160,2026-06-13,8.08,1,60,65,,2026-5,2026-09-17,96.0
1507693111655917179,Sun Filled Living Hagley Park Hospital 2BR 2BA,45768555,Hasslefree Accommodation,Christchurch City,Riccarton Ward,-43.5279988,172.6118876,Entire home/apt,312.0,1.0,21,2026-07-18,1.91,65,166,21,,2026-5,2026-09-17,61.0
1585154561974715312,The River Bothy,13938410,Jen,Christchurch City,Cashmere Ward,-43.5645293606866,172.63848298628793,Entire home/apt,359.0,2.0,2,2026-02-28,0.28,15,293,2,,2026-5,2026-09-17,201.0
7715869,Riccarton Family & Affordable 5BR,24205506,"Mayie, Judi And Karen At Bookahome",Christchurch City,Riccarton Ward,-43.5309,172.60518,Entire home/apt,350.0,2.0,144,2026-04-17,1.1,81,95,7,,2026-5,2026-09-17,153.0
1360310316876067260,Mallside Retreat close to city,542186568,Sharon,Christchurch City,Spreydon Ward,-43.5552231,172.6225478,Entire home/apt,200.0,1.0,42,2026-08-06,2.4,7,123,22,,2026-5,2026-09-17,42.0
1211479983726325132,Amross Court 2-Bedroom Unit,431660206,Vincent,Christchurch City,Central Ward,-43.5204654,172.629525,Entire home/apt,286.0,1.0,1,2024-08-30,0.04,2,361,0,,2026-5,2026-09-17,748.0
15424952,Garden suite in villa home,81876955,Jerry,Christchurch City,Cashmere Ward,-43.569225,172.635702,Entire home/apt,149.0,1.0,260,2026-04-26,2.19,1,228,41,,2026-5,2026-09-17,144.0
649641408017117481,Penthouse Apartment Scenic Views-Spacious 2br,45768555,Hasslefree Accommodation,Christchurch City,Central Ward,-43.5383492,172.6210566,Entire home/apt,264.0,1.0,216,2026-08-03,4.27,65,290,42,,2026-5,2026-09-17,45.0
822795371090783373,Funky Kiwi Caravan for Two!,1743811,Kelly,Christchurch City,Spreydon Ward,-43.54841,172.60999,Private room,36.0,5.0,45,2026-08-03,1.08,4,116,15,,2026-5,2026-09-17,45.0
1551302475294508929,Sunny Room in a beautiful house,525404519,Sara,Christchurch City,Innes Ward,-43.49589240751783,172.63399455696344,Private room,75.0,1.0,46,2026-06-13,5.19,1,188,46,,2026-5,2026-09-17,96.0
40238717,Group Accommodation *Special discounts Apply*,43226526,Janine,Christchurch City,Linwood Ward,-43.53636,172.66097,Entire home/apt,313.0,2.0,24,2023-11-19,0.3,4,355,0,,2026-5,2026-09-17,1033.0
1094728292621394060,Cottage on Somerset,81687287,Stacey,Christchurch City,Spreydon Ward,-43.54808472464065,172.61995623862305,Private room,82.0,1.0,82,2026-03-02,2.92,1,290,16,,2026-5,2026-09-17,199.0
1098840106629077199,Exclusive Modern Retreat | CBD l Guest Favourite,49642171,Lily-SimplyHost,Christchurch City,Fendalton Ward,-43.51241,172.62494,Entire home/apt,336.0,1.0,84,2026-07-09,2.88,97,258,35,,2026-5,2026-09-17,70.0
1090839883996968423,Hagley Haven | Guest Favourite,238339893,Jing,Christchurch City,Riccarton Ward,-43.53,172.60998,Entire home/apt,275.0,1.0,287,2026-08-02,9.76,1,306,111,,2026-5,2026-09-17,46.0
1749639851250869269,Small Sustainable House | Sleeps 4,81390838,Perfect Stays,Christchurch City,Central Ward,-43.516666986669975,172.6404333889184,Entire home/apt,322.0,2.0,0,,,28,325,0,,2026-5,2026-09-17,
1120759329366488743,Sleepout in Christchurch,156070483,Sara,Christchurch City,Spreydon Ward,-43.5656606,172.6112643,Entire home/apt,126.0,1.0,53,2026-06-22,1.93,1,363,21,,2026-5,2026-09-17,87.0
44417961,Modern 2BR City Townhouse w/ Spa & Parking,202585247,Ohana,Christchurch City,Innes Ward,-43.5140413,172.6431534,Entire home/apt,217.0,1.0,594,2026-08-06,8.08,155,136,93,,2026-5,2026-09-17,42.0
17223933,Fresh Look Unit One on Carlton Corner,50694865,Hotel,Christchurch City,Fendalton Ward,-43.520267,172.626251,Entire home/apt,201.0,1.0,131,2026-03-12,1.13,11,352,6,,2026-5,2026-09-17,189.0
1249605370618808112,Comfy Family Haven by Waltham Pool,482671075,Care Property Stays,Christchurch City,Heathcote Ward,-43.551815188546925,172.64721620218364,Entire home/apt,238.0,1.0,40,2026-06-19,1.84,184,240,26,,2026-5,2026-09-17,90.0
1599643260678375331,Two Storey 2BR | Private Patio | Near CBD,202585247,Ohana,Christchurch City,Spreydon Ward,-43.54907346933032,172.62242261841914,Entire home/apt,259.0,1.0,12,2026-06-13,1.84,155,104,12,,2026-5,2026-09-17,96.0
1670664594918526161,Garden Cottage - Easy Access with Pond View,305389317,Cranford Cottages And Motel,Christchurch City,Innes Ward,-43.50975,172.63819,Entire home/apt,175.0,1.0,1,2026-05-16,0.33,6,358,1,,2026-5,2026-09-17,124.0
1730964132108800334,Modern Townhouse Walk to Hagley Park & Hospital,45768555,Hasslefree Accommodation,Christchurch City,Central Ward,-43.5397233,172.618738,Entire home/apt,219.0,1.0,2,2026-07-30,2.0,65,279,2,,2026-5,2026-09-17,49.0
855780048674252577,Executive hideaway,340984295,Lisa,Christchurch City,Innes Ward,-43.510638533176575,172.6410687515628,Entire home/apt,179.0,1.0,53,2026-07-09,1.46,1,169,15,,2026-5,2026-09-17,70.0
47918620,Cute City Fringe Villa,95874601,Annabel,Christchurch City,Fendalton Ward,-43.50663,172.62798,Entire home/apt,237.0,2.0,53,2026-05-31,2.01,1,142,35,,2026-5,2026-09-17,109.0
824268275045865833,Single room,1743811,Kelly,Christchurch City,Spreydon Ward,-43.54822,172.6086,Private room,38.0,5.0,40,2026-07-13,0.95,4,67,20,,2026-5,2026-09-17,66.0
17644287,Recently Renovated Single Room in Quiet Location,42353024,Danielle,Christchurch City,Cashmere Ward,-43.56852,172.64308,Private room,60.0,2.0,129,2026-05-22,1.12,3,264,19,,2026-5,2026-09-17,118.0
1056679122662235967,2BR/2BA Townhouse + Parking by Hagley Park,510565698,Kieran,Christchurch City,Fendalton Ward,-43.5186262,172.6250373,Entire home/apt,294.0,1.0,21,2026-07-17,0.7,2,228,11,,2026-5,2026-09-17,62.0
1355276638742595691,Exclusive 2 Bed Standalone Villa in St Albans,482671075,Care Property Stays,Christchurch City,Central Ward,-43.517101607511115,172.6352601019968,Entire home/apt,258.0,1.0,44,2026-08-03,2.44,184,238,29,,2026-5,2026-09-17,45.0
817559392372482647,"Quiet, Private, Exclusive Spot!",91780005,Alana,Christchurch City,Fendalton Ward,-43.5187,172.6249,Entire home/apt,264.0,2.0,150,2026-08-09,4.17,2,147,49,,2026-5,2026-09-17,39.0
1576978181534585475,"Garden Haven | Sleeps 6, River View",81390838,Perfect Stays,Christchurch City,Fendalton Ward,-43.52529618438033,172.6008797254075,Entire home/apt,1133.0,2.0,4,2026-04-26,0.59,28,263,4,,2026-5,2026-09-17,144.0
1629272682406060730,Calling All Families or Friend Groups - This is it,482671075,Care Property Stays,Christchurch City,Heathcote Ward,-43.5492989,172.6404985,Entire home/apt,402.0,1.0,6,2026-08-02,1.29,184,163,6,,2026-5,2026-09-17,46.0
1500900189628614699,Forfar Casa,243047638,Clara,Christchurch City,Innes Ward,-43.50728,172.63954,Private room,117.0,1.0,6,2026-07-05,0.82,1,315,6,,2026-5,2026-09-17,74.0
881468377011824404,Dickens St - modern and cosy handy to city,24205506,"Mayie, Judi And Karen At Bookahome",Christchurch City,Spreydon Ward,-43.54335,172.61565,Entire home/apt,264.0,2.0,15,2026-06-29,0.38,81,244,6,,2026-5,2026-09-17,80.0
1185734288876812545,Couples Haven,12678171,Jo,Christchurch City,Innes Ward,-43.50174,172.63783,Entire home/apt,352.0,2.0,2,2026-02-17,0.22,2,166,2,,2026-5,2026-09-17,212.0
1484575460007054150,"Modern King Studio | Netflix, Disney+ & Parking",573757538,Prince,Christchurch City,Riccarton Ward,-43.53631,172.60231,Entire home/apt,138.0,5.0,0,,,7,364,0,,2026-5,2026-09-17,
32506146,Belle Rose Cottage,209848843,Kim,Christchurch City,Cashmere Ward,-43.55635,172.63504,Entire home/apt,220.0,1.0,118,2026-05-03,1.3,2,360,8,,2026-5,2026-09-17,137.0
18240301,SUBURBAN OASIS,57214122,Jo,Christchurch City,Heathcote Ward,-43.55464,172.64506,Private room,112.0,1.0,218,2026-04-26,1.95,1,217,25,,2026-5,2026-09-17,144.0
42984288,Home from home City Apartment,342238822,Zoe,Christchurch City,Central Ward,-43.51987,172.64032,Entire home/apt,183.0,2.0,301,2026-07-16,3.92,2,335,20,,2026-5,2026-09-17,63.0
1130620739840259855,"Parkside Oasis | Sleeps 6, Large Backyard",81390838,Perfect Stays,Christchurch City,Fendalton Ward,-43.52211,172.61535,Entire home/apt,744.0,1.0,18,2026-03-17,0.65,28,151,5,,2026-5,2026-09-17,184.0
876915259311816990,New and Close to City Centre with Carpark,501222894,Marilyn,Christchurch City,Central Ward,-43.51833184621031,172.64376986771822,Entire home/apt,382.0,1.0,104,2026-07-04,2.6,5,340,22,,2026-5,2026-09-17,75.0
41435344,Self-Contained Studio with kitchen/Near Stadium,305389317,Cranford Cottages And Motel,Christchurch City,Innes Ward,-43.51085,172.63853,Entire home/apt,149.0,1.0,10,2026-02-08,0.13,6,356,2,,2026-5,2026-09-17,221.0
15100620,The Red Bus,95619739,Arielle,Christchurch City,Banks Peninsula Ward,-43.76101,172.79675,Entire home/apt,,1.0,538,2026-02-15,4.5,1,0,3,,2026-5,2026-09-17,214.0
902623020339859925,Cozy:Fully Equipped Unit 12noon check-in,153690508,Rahul,Christchurch City,Papanui Ward,-43.48187,172.62921,Entire home/apt,101.0,1.0,303,2026-07-30,7.99,1,280,38,,2026-5,2026-09-17,49.0
598059886262240815,"Cottage Charm Adorable, additional outdoor bath",301867,Rebecca,Christchurch City,Cashmere Ward,-43.56375,172.64411,Entire home/apt,211.0,2.0,58,2026-03-01,1.27,2,361,4,,2026-5,2026-09-17,200.0
645790308467666490,Bristol Street,24205506,"Mayie, Judi And Karen At Bookahome",Christchurch City,Central Ward,-43.51715009999999,172.6289292,Entire home/apt,226.0,2.0,16,2026-07-13,0.34,81,309,7,,2026-5,2026-09-17,66.0
18639805,Newly Renovated Downstairs Studio Unit #5,50694865,Hotel,Christchurch City,Fendalton Ward,-43.520267,172.626251,Entire home/apt,201.0,1.0,89,2021-02-27,0.79,11,332,0,,2026-5,2026-09-17,2028.0
1124837041430489634,CBD 2BR Townhouse by Hagley Park + Parking,49642171,Lily-SimplyHost,Christchurch City,Riccarton Ward,-43.52847,172.61118,Entire home/apt,244.0,1.0,6,2026-03-01,0.22,97,217,3,,2026-5,2026-09-17,200.0
1313510439491404431,Family-Friendly CHCH Home | Peaceful & Spacious,551181197,Paula Kat Charlotte,Christchurch City,Central Ward,-43.5202062,172.6433856,Entire home/apt,209.0,1.0,5,2026-07-22,0.74,177,263,5,,2026-5,2026-09-17,57.0
1075697762942486211,CBD Luxury Apartment Free Parking Stunning Views,45768555,Hasslefree Accommodation,Christchurch City,Central Ward,-43.53508,172.63488,Entire home/apt,312.0,1.0,60,2026-08-04,1.95,65,140,17,,2026-5,2026-09-17,44.0
1624893292639147757,Modern Central City Apartment | King Bed,482671075,Care Property Stays,Christchurch City,Central Ward,-43.5365477,172.6384152,Entire home/apt,136.0,1.0,5,2026-06-07,0.9,184,125,5,,2026-5,2026-09-17,102.0
1530736738078421992,The King Suite on St Asaph with Parking,551181197,Paula Kat Charlotte,Christchurch City,Central Ward,-43.53749,172.63743,Entire home/apt,200.0,2.0,8,2026-05-22,0.82,177,265,8,,2026-5,2026-09-17,118.0
1104510109511356596,Central City Apartments,445310859,Janine,Christchurch City,Central Ward,-43.5370293,172.6385295,Entire home/apt,225.0,1.0,22,2026-07-05,0.76,1,197,8,,2026-5,2026-09-17,74.0
1298822726666562211,Relax Central City Studio South City Mall,482671075,Care Property Stays,Christchurch City,Central Ward,-43.53920103581007,172.63554088413088,Entire home/apt,173.0,1.0,68,2026-08-09,3.38,184,257,33,,2026-5,2026-09-17,39.0
1694646019927417349,Elegant One Bedroom Retreat with Shared Sauna,331763232,Managed By Williams,Christchurch City,Central Ward,-43.53854,172.63548,Entire home/apt,172.0,1.0,2,2026-07-30,2.0,165,364,2,,2026-5,2026-09-17,49.0
1559255952697353164,Sunny & Spacious Christchurch Townhouse.,110558916,Belinda,Christchurch City,Central Ward,-43.52004,172.62927,Entire home/apt,982.0,3.0,1,2026-02-28,0.18,1,220,1,,2026-5,2026-09-17,201.0
836380212672949081,Free Parking！Modern 2BR City Centre & Stadium,134816915,Alyssia&Frank,Christchurch City,Central Ward,-43.537026867475085,172.63850636780262,Entire home/apt,366.0,1.0,105,2026-05-29,2.5,1,226,22,,2026-5,2026-09-17,111.0
1653419439351091491,City Fringe Stay + Garage & Sunny Balcony,482671075,Care Property Stays,Christchurch City,Central Ward,-43.517684,172.6400571,Entire home/apt,300.0,1.0,0,,,184,254,0,,2026-5,2026-09-17,
1323422510665504051,"Location, location, location!",68611720,Rayna Diane,Christchurch City,Innes Ward,-43.5140999,172.6386017,Entire home/apt,246.0,2.0,0,,,1,43,0,,2026-5,2026-09-17,
1749646252199613269,"Andover Street Honey | Sleeps 6, Walk to Park",81390838,Perfect Stays,Christchurch City,Fendalton Ward,-43.51980976037486,172.62185806416065,Entire home/apt,369.0,2.0,0,,,28,21,0,,2026-5,2026-09-17,
969017494437356978,Comfort and style - handy to Wolfbrook Arena,24205506,"Mayie, Judi And Karen At Bookahome",Christchurch City,Spreydon Ward,-43.5428,172.60931,Entire home/apt,336.0,2.0,51,2026-07-25,1.43,81,310,27,,2026-5,2026-09-17,54.0
1576249527519059010,St Albans City Stay,197355871,Michael,Christchurch City,Innes Ward,-43.50889025430211,172.63107262551785,Entire home/apt,446.0,1.0,11,2026-04-19,1.43,1,99,11,,2026-5,2026-09-17,151.0
1096862117472449647,Luxury Brand New 2 Bed 5 Minutes From CBD,49642171,Lily-SimplyHost,Christchurch City,Fendalton Ward,-43.51413,172.62408,Entire home/apt,534.0,1.0,14,2026-03-21,0.47,97,298,3,,2026-5,2026-09-17,180.0
971971261050524910,Heart of the CBD 2Bdrms 2Bthrms secure park,45768555,Hasslefree Accommodation,Christchurch City,Central Ward,-43.5354782,172.6351277,Entire home/apt,327.0,1.0,85,2026-07-11,2.38,65,242,8,,2026-5,2026-09-17,68.0
1584292868009427684,Elegant City Living | 2 King Beds | Central CHCH,482671075,Care Property Stays,Christchurch City,Central Ward,-43.531,172.64128,Entire home/apt,266.0,1.0,16,2026-07-12,2.11,184,234,16,,2026-5,2026-09-17,67.0
1564165309360993643,A Cozy Three-bedroom Family Home,731382555,Kelvin,Christchurch City,Linwood Ward,-43.5444572,172.6617529,Entire home/apt,246.0,1.0,11,2026-08-08,3.63,1,23,11,,2026-5,2026-09-17,40.0
43178606,Three Bedroom Apartment at Bella Vista Motel,90849795,Emma & Fidel,Christchurch City,Central Ward,-43.51946,172.63947,Entire home/apt,349.0,1.0,27,2023-12-25,0.37,2,346,0,,2026-5,2026-09-17,997.0
15454568,Sunny and private townhouse close to city centre,60663898,Ange,Christchurch City,Innes Ward,-43.50932,172.63326,Entire home/apt,380.0,2.0,41,2026-03-09,0.35,1,359,4,,2026-5,2026-09-17,192.0
25683049,The gold room,173433365,Kerry,Christchurch City,Central Ward,-43.52903,172.66293,Private room,96.0,2.0,187,2026-07-06,1.88,2,227,8,,2026-5,2026-09-17,73.0
1199813081102534884,CBD 3BR/2BA Walk to Riverside Market,49642171,Lily-SimplyHost,Christchurch City,Central Ward,-43.53610417772464,172.63566829021303,Entire home/apt,317.0,1.0,81,2026-08-08,3.31,97,255,44,,2026-5,2026-09-17,40.0
1682896146972713152,"Shrewsbury Retreat | Sleeps 6, Walk to Park",81390838,Perfect Stays,Christchurch City,Fendalton Ward,-43.52043823403192,172.62417552695428,Entire home/apt,590.0,2.0,4,2026-08-04,2.14,28,7,4,,2026-5,2026-09-17,44.0
1295441582131704241,Cozy City Studio – Bath Street Escape,331763232,Managed By Williams,Christchurch City,Central Ward,-43.5392668,172.6349548,Entire home/apt,187.0,1.0,22,2026-07-04,1.06,165,250,11,,2026-5,2026-09-17,75.0
1319184680658804442,"2 Bedroom, 2 Bathroom + Carpark. Central City",668342168,Lucil,Christchurch City,Central Ward,-43.53118,172.64459,Entire home/apt,212.0,2.0,57,2026-07-11,2.9,1,24,43,,2026-5,2026-09-17,68.0
1579320274936084814,Bright & Modern 3BR Home U5,74811135,Maggie,Christchurch City,Riccarton Ward,-43.53592,172.60574,Entire home/apt,,1.0,6,2026-02-28,0.94,46,0,6,,2026-5,2026-09-17,201.0
1179489344567014294,Bealey Delight,163248195,Lyndsay,Christchurch City,Central Ward,-43.5205680977606,172.64467049629516,Entire home/apt,214.0,1.0,45,2026-07-05,1.79,1,91,8,,2026-5,2026-09-17,74.0
51004982,Lovely 1 bedroom service apartment -best view,412607402,Natalie,Christchurch City,Central Ward,-43.53037,172.64431,Entire home/apt,223.0,1.0,476,2026-07-28,8.02,2,96,64,,2026-5,2026-09-17,51.0
1327253292013131922,Modern Chic in the CBD | Short Walk to Stadium,142150660,Logan,Christchurch City,Central Ward,-43.52847,172.64363,Entire home/apt,179.0,1.0,144,2026-08-08,7.73,1,242,111,,2026-5,2026-09-17,40.0
1586101475987579694,Walk to Te Kaha Stadium from Luxury CBD Apt,551181197,Paula Kat Charlotte,Christchurch City,Central Ward,-43.5318421,172.6398551,Entire home/apt,237.0,1.0,39,2026-08-08,5.27,177,218,39,,2026-5,2026-09-17,40.0
1297277813673972693,"Tranquil 3 Bed Minutes To CBD And Arena, Sleeps 7",49642171,Lily-SimplyHost,Christchurch City,Spreydon Ward,-43.55154993834802,172.60530784210928,Entire home/apt,255.0,1.0,28,2026-06-01,1.41,97,246,19,,2026-5,2026-09-17,108.0
8020834,"Sunny bedroom in warm, quiet home",42353024,Danielle,Christchurch City,Cashmere Ward,-43.56867,172.64398,Private room,75.0,2.0,99,2026-08-02,0.75,3,187,21,,2026-5,2026-09-17,46.0
1164612861183891785,New Cosy Duplex with Double & Single BRs,124277751,Cosy Hut,Christchurch City,Spreydon Ward,-43.553744536686494,172.6257088780403,Entire home/apt,268.0,1.0,101,2026-07-31,3.95,1,211,39,,2026-5,2026-09-17,48.0
1598228168348759500,Central 1BR Apartment near Te Kaha Stadium,331763232,Managed By Williams,Christchurch City,Central Ward,-43.531678,172.6399434,Entire home/apt,208.0,1.0,12,2026-07-10,1.93,165,145,12,,2026-5,2026-09-17,69.0
1594527426244293623,Luxury Townhouse with Reserved Car Park | Sleeps 8,482671075,Care Property Stays,Christchurch City,Central Ward,-43.53083,172.64017,Entire home/apt,378.0,1.0,29,2026-07-09,4.14,184,198,29,,2026-5,2026-09-17,70.0
1372026798882452132,On the Park (room only),201467139,Lou,Christchurch City,Heathcote Ward,-43.5535086,172.63368,Private room,92.0,1.0,8,2026-04-22,1.18,2,321,8,,2026-5,2026-09-17,148.0
898746109763853609,Inner-city stay - top location,24205506,"Mayie, Judi And Karen At Bookahome",Christchurch City,Central Ward,-43.53021,172.64088,Entire home/apt,249.0,2.0,42,2026-07-02,1.11,81,305,9,,2026-5,2026-09-17,77.0
1522928768217569343,Heart of the City with Stadium Outlook + Parking,551181197,Paula Kat Charlotte,Christchurch City,Central Ward,-43.5329477,172.6404189,Entire home/apt,241.0,1.0,16,2026-07-09,1.56,177,234,16,,2026-5,2026-09-17,70.0
1669097119694870466,Central Christchurch One Bedroom Apartment,331763232,Managed By Williams,Christchurch City,Central Ward,-43.5311992,172.6399008,Entire home/apt,190.0,1.0,1,2026-05-23,0.36,165,354,1,,2026-5,2026-09-17,117.0
1390836653298835903,Elegant 2BR Cathedral Square Apartment,331763232,Managed By Williams,Christchurch City,Central Ward,-43.5310335,172.6378871,Entire home/apt,436.0,1.0,37,2026-07-05,2.32,165,181,29,,2026-5,2026-09-17,74.0
1670728027370129521,Drifter Bunkhouse Sleeps 4,573074023,Drifter,Christchurch City,Central Ward,-43.5344252,172.6388731,Private room,204.0,1.0,0,,,13,350,0,,2026-5,2026-09-17,
1135033854551021625,Dyers' Escape,25373256,Wayne,Christchurch City,Cashmere Ward,-43.5708515,172.6303437,Entire home/apt,365.0,2.0,16,2026-08-02,0.75,3,308,8,,2026-5,2026-09-17,46.0
1562888588284783030,Brand-New 1BR Apartment Near Upcoming Te Kaha,331763232,Managed By Williams,Christchurch City,Central Ward,-43.531678,172.6399434,Entire home/apt,208.0,1.0,2,2026-03-20,0.3,165,149,2,,2026-5,2026-09-17,181.0
1262834371512010579,New 3-Bed CBD Townhouse | 2-Car Garage l Guest fav,49642171,Lily-SimplyHost,Christchurch City,Central Ward,-43.5323,172.6404,Entire home/apt,564.0,1.0,31,2026-07-11,1.61,97,262,27,,2026-5,2026-09-17,68.0
1578703032840684600,Newly Built 1BR Apartment near Te Kaha Stadium,331763232,Managed By Williams,Christchurch City,Central Ward,-43.531678,172.6399434,Entire home/apt,214.0,1.0,5,2026-05-18,0.88,165,303,5,,2026-5,2026-09-17,122.0
1582956484481831152,Central Gloucester Escape Stylish 2BR Townhouse,202585247,Ohana,Christchurch City,Central Ward,-43.52855,172.64617,Entire home/apt,196.0,1.0,37,2026-07-24,4.91,155,97,37,,2026-5,2026-09-17,55.0
1641173610760680347,Modern Central City Sanctuary on Welles Street,202585247,Ohana,Christchurch City,Central Ward,-43.53883339055805,172.63788874303648,Entire home/apt,169.0,1.0,4,2026-06-20,0.9,155,50,4,,2026-5,2026-09-17,89.0
24182612,Cityscape apartment with carpark,182147873,Amy,Christchurch City,Central Ward,-43.5358197,172.6354849,Entire home/apt,320.0,1.0,135,2026-07-18,3.25,1,219,10,,2026-5,2026-09-17,61.0
1416293586335143284,Bright Corner Unit 1BR CBD Stay,331763232,Managed By Williams,Christchurch City,Central Ward,-43.5376872,172.6416822,Entire home/apt,204.0,1.0,1,2025-06-16,0.07,165,121,0,,2026-5,2026-09-17,458.0
1440963346593628648,Lovely and Bright CBD Studio,331763232,Managed By Williams,Christchurch City,Central Ward,-43.5378002,172.6416792,Entire home/apt,186.0,1.0,28,2026-05-02,1.99,165,125,24,,2026-5,2026-09-17,138.0
927059385903578638,Latimer Square 1 bed 1 bath - Single Level,482671075,Care Property Stays,Christchurch City,Central Ward,-43.53029811407317,172.64142055396732,Entire home/apt,237.0,1.0,166,2026-08-02,4.42,184,205,57,,2026-5,2026-09-17,46.0
1601746737971546547,Sydenham Escape with Patio and Parking,202585247,Ohana,Christchurch City,Central Ward,-43.5461234124283,172.63700628451076,Entire home/apt,209.0,1.0,24,2026-07-21,3.62,155,102,24,,2026-5,2026-09-17,58.0
730781891707202562,What A Cutie CBD 3 Mins to Handy Secure Park.,45768555,Hasslefree Accommodation,Christchurch City,Central Ward,-43.5351,172.64209,Entire home/apt,308.0,1.0,114,2026-06-14,2.43,65,284,8,,2026-5,2026-09-17,95.0
1693710863311328338,Stylish Bath Street One Bedroom Retreat,331763232,Managed By Williams,Christchurch City,Central Ward,-43.53793229931834,172.63581627974372,Entire home/apt,212.0,1.0,2,2026-07-06,0.78,165,363,2,,2026-5,2026-09-17,73.0
1732133117918431341,Extended Stay | CBD | Wifi | Laundry | Stadium,439038269,Serena,Christchurch City,Central Ward,-43.53342266271252,172.64992541719667,Entire home/apt,164.0,28.0,0,,,7,364,0,,2026-5,2026-09-17,
1301995300300527186,Stylish Retreat – Studio Apartment on Bath Street,331763232,Managed By Williams,Christchurch City,Central Ward,-43.5392668,172.6349548,Entire home/apt,184.0,1.0,19,2026-01-15,0.96,165,251,7,,2026-5,2026-09-17,245.0
1492454603995806529,Urban Utopia 2 Bedroom Retreat,551181197,Paula Kat Charlotte,Christchurch City,Central Ward,-43.536187,172.6353027,Entire home/apt,274.0,1.0,8,2026-07-23,0.69,177,142,8,,2026-5,2026-09-17,56.0
1460421959424849707,Stylish City Stay + Parking & Balcony,551181197,Paula Kat Charlotte,Christchurch City,Central Ward,-43.5378573,172.6384748,Entire home/apt,274.0,1.0,2,2026-03-21,0.16,177,27,1,,2026-5,2026-09-17,180.0
1102446861497914936,"Penthouse in the City | Sleeps 7, City Views",81390838,Perfect Stays,Christchurch City,Central Ward,-43.53808,172.63971,Entire home/apt,776.0,1.0,41,2026-08-05,1.39,28,275,18,,2026-5,2026-09-17,43.0
1409725420264680201,Stadium Suite on Southwark - Luxury in City Centre,551181197,Paula Kat Charlotte,Christchurch City,Central Ward,-43.5369835,172.6408163,Entire home/apt,264.0,1.0,7,2026-05-25,0.45,177,233,5,,2026-5,2026-09-17,115.0
1422044130736008283,Relax and Unwind Central City Hideaway w Carpark,551181197,Paula Kat Charlotte,Christchurch City,Central Ward,-43.53857106994883,172.63737185289037,Entire home/apt,294.0,1.0,9,2026-05-20,0.61,177,237,6,,2026-5,2026-09-17,120.0
1475523011763120243,Spacious 2BR 2Bath Home Base on Gloucester Street,551181197,Paula Kat Charlotte,Christchurch City,Central Ward,-43.5297182,172.6450892,Entire home/apt,229.0,1.0,44,2026-07-11,3.58,177,250,43,,2026-5,2026-09-17,68.0
1664015066317399572,Dual key Property | Heart of Christchurch CBD,482671075,Care Property Stays,Christchurch City,Central Ward,-43.536187,172.6353027,Entire home/apt,396.0,1.0,0,,,184,237,0,,2026-5,2026-09-17,
768455795847426978,Whow! Unique Quirky Spacious Free Off Street Park,45768555,Hasslefree Accommodation,Christchurch City,Central Ward,-43.5374746,172.6384688,Entire home/apt,355.0,1.0,67,2026-06-13,1.5,65,16,6,,2026-5,2026-09-17,96.0
1506968671657710242,"Spacious Christchurch Home | 2 Units, Hagley Park",551181197,Paula Kat Charlotte,Christchurch City,Central Ward,-43.5360738,172.6350495,Entire home/apt,321.0,1.0,1,2026-05-30,0.39,177,250,1,,2026-5,2026-09-17,110.0
1730716491914029021,Extended Stay | CBD | WiFi | Workspace | Laundry,439038269,Serena,Christchurch City,Central Ward,-43.5332555,172.6490428,Entire home/apt,213.0,28.0,0,,,7,274,0,,2026-5,2026-09-17,
1597512453062638945,"Central City | Walk to Stadium, Dining & Shopping",551181197,Paula Kat Charlotte,Christchurch City,Central Ward,-43.5318861,172.6402898,Entire home/apt,228.0,1.0,12,2026-07-18,1.79,177,254,12,,2026-5,2026-09-17,61.0
40493902,Luxury Style Free Street Parking CBD Location,45768555,Hasslefree Accommodation,Christchurch City,Central Ward,-43.53641,172.64227,Entire home/apt,245.0,1.0,286,2026-07-04,3.53,65,272,9,,2026-5,2026-09-17,75.0
1715505660797177477,Elegant 2-Bed CBD Stay | With parking,49642171,Lily-SimplyHost,Christchurch City,Central Ward,-43.5340837,172.6417394,Entire home/apt,237.0,1.0,2,2026-07-11,1.67,97,288,2,,2026-5,2026-09-17,68.0
1694515661416972732,Modern One Bedroom Stay on Bath Street,331763232,Managed By Williams,Christchurch City,Central Ward,-43.5401501336204,172.63551223793158,Entire home/apt,172.0,1.0,1,2026-06-06,0.43,165,364,1,,2026-5,2026-09-17,103.0
1138056131942566715,Two Bedroom Loft in City Centre,573074023,Drifter,Christchurch City,Central Ward,-43.53484,172.63962,Private room,231.0,1.0,1,2024-12-28,0.05,13,291,0,,2026-5,2026-09-17,628.0
1056001137050214112,Luxury 2-Bed CBD Townhouse with Parking,49642171,Lily-SimplyHost,Christchurch City,Central Ward,-43.5361789,172.6353027,Entire home/apt,276.0,1.0,18,2026-07-11,0.57,97,296,7,,2026-5,2026-09-17,68.0
1299565861364810738,Light-Filled Studio Close to South City Mall,551181197,Paula Kat Charlotte,Christchurch City,Central Ward,-43.5392668,172.6349548,Entire home/apt,185.0,1.0,3,2025-02-25,0.15,177,263,0,,2026-5,2026-09-17,569.0
1103362911637882858,"Spacious, Ground Floor Apartment, Carpark, 2 Beds",537639282,Judith,Christchurch City,Central Ward,-43.5378376,172.6384543,Entire home/apt,219.0,1.0,3,2025-08-02,0.14,6,9,0,,2026-5,2026-09-17,411.0
1696095576509619461,Comfortable City Escape with Shared Sauna,331763232,Managed By Williams,Christchurch City,Central Ward,-43.54015,172.63566,Entire home/apt,212.0,1.0,2,2026-07-18,1.82,165,339,2,,2026-5,2026-09-17,61.0
1556239859511444176,Premium City Townhouse • Park • 3 Beds • 3 Baths,551181197,Paula Kat Charlotte,Christchurch City,Central Ward,-43.528926880812165,172.6423908888855,Entire home/apt,298.0,1.0,46,2026-08-06,5.27,177,157,46,,2026-5,2026-09-17,42.0
1293734730735133300,Top Floor Apartment in City Central Sunny Balcony,86216394,Min,Christchurch City,Central Ward,-43.52952,172.6405,Entire home/apt,264.0,1.0,29,2026-07-29,1.83,42,126,24,,2026-5,2026-09-17,50.0
1472030942004377055,"Central City, Private and Peaceful Designer House",709243099,Jon,Christchurch City,Central Ward,-43.5281444,172.6430909,Entire home/apt,176.0,2.0,46,2026-08-02,3.88,1,244,46,,2026-5,2026-09-17,46.0
697057213295577132,City Top Floor  Studio Apartment with lift access,75857776,Michael,Christchurch City,Central Ward,-43.528431,172.6429257,Entire home/apt,130.0,2.0,185,2026-08-13,6.73,2,59,68,,2026-5,2026-09-17,35.0
1463156686546456999,モダンで快適に過ごせるクライストチャーチ中心部の宿,705211652,Yuki,Christchurch City,Central Ward,-43.53723,172.64032,Entire home/apt,173.0,2.0,3,2026-07-09,0.78,1,38,3,,2026-5,2026-09-17,70.0
1607606410810725398,Central Christchurch Studio & 2BR Retreat,551181197,Paula Kat Charlotte,Christchurch City,Central Ward,-43.536187,172.6353027,Entire home/apt,421.0,1.0,0,,,177,142,0,,2026-5,2026-09-17,
1611123367289637515,Luxury Central City 1-Bed Apartment | Near Stadium,49642171,Lily-SimplyHost,Christchurch City,Central Ward,-43.53655,172.63842,Entire home/apt,203.0,1.0,13,2026-05-30,2.17,97,300,13,,2026-5,2026-09-17,110.0
46270093,Kitchenette Studio City Center NO CLEANING FEE !!!,370484539,Colombo Lodge,Christchurch City,Central Ward,-43.54301,172.6382,Entire home/apt,166.0,1.0,56,2026-06-18,0.81,5,287,2,,2026-5,2026-09-17,91.0
1172723641618243703,Stylish & Close to City Centre,581796131,Donna,Christchurch City,Central Ward,-43.51689,172.62971,Entire home/apt,299.0,1.0,3,2026-08-08,3.0,1,121,3,,2026-5,2026-09-17,40.0
1589924905746910064,Central Townhouse + Free Parking on Armagh,97715487,Lex,Christchurch City,Central Ward,-43.5288784,172.6431514,Entire home/apt,325.0,1.0,18,2026-07-19,2.66,2,113,18,,2026-5,2026-09-17,60.0
1365530056472791095,Fendalton Comfort Stylish and Convenient w Carpark,551181197,Paula Kat Charlotte,Christchurch City,Fendalton Ward,-43.5213938,172.6096994,Entire home/apt,240.0,1.0,79,2026-07-09,4.55,177,244,60,,2026-5,2026-09-17,70.0
1638925004979311597,Plush Upmarket Close Hospital 2Bdrm 2 Bthrm,45768555,Hasslefree Accommodation,Christchurch City,Central Ward,-43.5193145,172.6306193,Entire home/apt,329.0,1.0,9,2026-08-02,2.08,65,11,9,,2026-5,2026-09-17,46.0
1167722540372439663,Luxury Three Bedroom City Getaway,72194360,Breidi,Christchurch City,Papanui Ward,-43.50177,172.62477,Entire home/apt,454.0,2.0,33,2026-04-16,1.35,10,80,16,,2026-5,2026-09-17,154.0
1606860071036220210,Modern CBD Townhouse close to new stadium,742505821,Laura,Christchurch City,Central Ward,-43.52957449895684,172.64378512778146,Entire home/apt,184.0,1.0,9,2026-08-01,2.25,1,245,9,,2026-5,2026-09-17,47.0
1574949350032157989,"Games Room Escape, Pool Table, Ping Pong & Air Con",482671075,Care Property Stays,Christchurch City,Innes Ward,-43.5109695,172.6378916,Entire home/apt,339.0,1.0,35,2026-08-04,4.67,184,216,35,,2026-5,2026-09-17,44.0
903303360921664579,"Prime stadium location - City, balcony park views!",192218803,Lisa,Christchurch City,Central Ward,-43.53119,172.64311,Entire home/apt,341.0,1.0,388,2026-08-11,10.23,1,145,105,,2026-5,2026-09-17,37.0
899433579551279137,Little Cutie on Worcester Quiet|Stylish,86216394,Min,Christchurch City,Central Ward,-43.53194,172.6446,Entire home/apt,176.0,1.0,146,2026-07-22,3.76,42,123,59,,2026-5,2026-09-17,57.0
1750485387179654256,Modern 1BR Near Christchurch CBD & Cashel Street,202585247,Ohana,Christchurch City,Central Ward,-43.5281415,172.6434323,Entire home/apt,195.0,1.0,0,,,155,148,0,,2026-5,2026-09-17,
1611175409041069189,Parkside Home in Merivale,39393412,Kate,Christchurch City,Fendalton Ward,-43.52277078885121,172.61681728374035,Entire home/apt,776.0,2.0,5,2026-08-01,0.83,2,134,5,,2026-5,2026-09-17,47.0
1562803967235739328,Garden Living Near Hagley Park + Large Parking,551181197,Paula Kat Charlotte,Christchurch City,Fendalton Ward,-43.5213938,172.6096994,Entire home/apt,248.0,1.0,12,2026-06-16,1.39,177,219,12,,2026-5,2026-09-17,93.0
1415470148306086200,Spacious Allen Street 1BR Stay,331763232,Managed By Williams,Christchurch City,Central Ward,-43.5376852,172.6413574,Entire home/apt,204.0,1.0,12,2026-05-16,0.96,165,184,11,,2026-5,2026-09-17,124.0
1534971687254489463,Madras Haven - explore the Garden City,268856781,Catherine,Christchurch City,Central Ward,-43.5285632,172.6432595,Entire home/apt,171.0,2.0,13,2026-07-04,1.68,1,145,13,,2026-5,2026-09-17,75.0
1120821309263640730,Luxury Penthouse in City Private central live,86216394,Min,Christchurch City,Central Ward,-43.53295558382859,172.64001491719665,Entire home/apt,437.0,1.0,157,2026-08-05,5.51,42,99,72,,2026-5,2026-09-17,43.0
1649138720397727584,Springfield Stay | Near Hagley Park & Merivale,482671075,Care Property Stays,Christchurch City,Central Ward,-43.5195568,172.6318089,Entire home/apt,257.0,1.0,5,2026-07-19,1.25,184,242,5,,2026-5,2026-09-17,60.0
1712088601329038587,"Kāinga Rua | King Bed, Te Kaha & Great Coffee",148160769,Alana,Christchurch City,Central Ward,-43.53132,172.64602,Entire home/apt,194.0,1.0,0,,,1,309,0,,2026-5,2026-09-17,
1700188121260019881,Apartment in the Heart of Merivale,1698860196922892939,Hilary,Christchurch City,Fendalton Ward,-43.5154012,172.6238786,Entire home/apt,450.0,1.0,0,,,1,282,0,,2026-5,2026-09-17,
1585878995362542835,Quiet 2 bedroom Flat — 5 Min Walk to Sumner Beach,31184121,Michelle,Christchurch City,Heathcote Ward,-43.57375,172.76571,Entire home/apt,,2.0,11,2026-03-29,1.53,1,0,11,,2026-5,2026-09-17,172.0
1164910160196443625,Cozy Townhouse in Christchurch,147170227,George,Christchurch City,Innes Ward,-43.5140413,172.6431534,Entire home/apt,,3.0,1,2024-06-03,0.04,1,0,0,,2026-5,2026-09-17,836.0
1567212814690489612,Central 1BR Apartment Steps From Te Kaha Stadium,331763232,Managed By Williams,Christchurch City,Central Ward,-43.531678,172.6399434,Entire home/apt,136.0,1.0,5,2026-07-16,0.85,165,103,5,,2026-5,2026-09-17,63.0
1140190678543213214,Modern Christchurch Apartment,56014015,Olivia,Christchurch City,Central Ward,-43.5247767,172.6377314,Entire home/apt,208.0,1.0,39,2026-07-24,1.41,2,28,16,,2026-5,2026-09-17,55.0
765201349507772378,Funky Spacious 2Bdrms 2Bthrms Free Covered Park.,45768555,Hasslefree Accommodation,Christchurch City,Central Ward,-43.5272,172.64214,Entire home/apt,260.0,1.0,71,2026-04-09,1.59,65,312,2,,2026-5,2026-09-17,161.0
1650392110078187751,"Walk to Stadium, CBD, pools + Accessible+carpark",680335475,Catherine,Christchurch City,Central Ward,-43.52688,172.64208,Entire home/apt,400.0,1.0,0,,,1,283,0,,2026-5,2026-09-17,
49345155,Boutique BNB free breakfast near stadium sleeps 6,126394991,Hamish,Christchurch City,Central Ward,-43.5306,172.64324,Private room,387.0,1.0,302,2026-08-09,4.69,1,280,38,,2026-5,2026-09-17,39.0
33258727,Sumner Beach Bach!,46439553,Mana,Christchurch City,Heathcote Ward,-43.57413,172.76723,Entire home/apt,,7.0,48,2025-05-24,0.53,1,0,0,,2026-5,2026-09-17,481.0
877873379707541096,"Stadium, Style, Practicality - carpark included",45172785,The MAC Property Team,Christchurch City,Central Ward,-43.5317473,172.644015,Entire home/apt,191.0,1.0,65,2026-08-08,3.92,46,343,47,,2026-5,2026-09-17,40.0
936446699362227930,Cozy Nest On Manchester,112736892,Nins,Christchurch City,Central Ward,-43.5165,172.63982,Entire home/apt,285.0,1.0,224,2026-07-15,6.08,1,73,72,,2026-5,2026-09-17,64.0
1280141530192942178,Charming 3 Bedroom Escape with Carpark,551181197,Paula Kat Charlotte,Christchurch City,Central Ward,-43.5170436,172.6392809,Entire home/apt,220.0,1.0,63,2026-08-08,2.96,177,267,39,,2026-5,2026-09-17,40.0
1471404317118862956,Merivale Court One Bedroom Apartment-Unit 8,707858717,Stay At Christchurch Ltd,Christchurch City,Fendalton Ward,-43.515940823340806,172.62565429628316,Entire home/apt,168.0,1.0,1,2025-10-05,0.1,14,363,1,,2026-5,2026-09-17,347.0
1226310425255128262,"Peterborough Hideaway | Central City, Sleeps 8",81390838,Perfect Stays,Christchurch City,Central Ward,-43.52675,172.64212,Entire home/apt,819.0,1.0,18,2026-07-11,0.86,28,292,10,,2026-5,2026-09-17,68.0
889960602050212249,Charming Downtown Hideaway 1 bed 1 bath,482671075,Care Property Stays,Christchurch City,Central Ward,-43.5313227,172.6447782,Entire home/apt,189.0,1.0,215,2026-07-22,5.46,184,81,57,,2026-5,2026-09-17,57.0
884166080858265671,A Road Away from Hagley Park 2 bed 2 bath,482671075,Care Property Stays,Christchurch City,Central Ward,-43.5373725,172.6253013,Entire home/apt,229.0,1.0,68,2026-08-08,1.73,184,153,8,,2026-5,2026-09-17,40.0
848878379114830531,New 2Bdrm 2Bthrm Hospital CBD Hagley Park Location,45768555,Hasslefree Accommodation,Christchurch City,Central Ward,-43.53845,172.62603,Entire home/apt,275.0,1.0,57,2026-03-26,1.4,65,320,8,,2026-5,2026-09-17,175.0
1562888438310568752,Comfortable 2BR Home Steps from Te Kaha Stadium,331763232,Managed By Williams,Christchurch City,Central Ward,-43.5311303,172.6404374,Entire home/apt,306.0,1.0,8,2026-07-19,1.11,165,163,8,,2026-5,2026-09-17,60.0
1253402391409564101,Central AcrossStadium | WFH setup | FullyEquiped,653922876,Majestic Stays,Christchurch City,Central Ward,-43.5318057,172.6438321,Entire home/apt,174.0,1.0,19,2025-12-19,0.84,3,251,1,,2026-5,2026-09-17,272.0
1713520106960338771,"Ember House | Fire Pit, 5min to CBD, Free Parking",439038269,Serena,Christchurch City,Central Ward,-43.5286099,172.6449769,Entire home/apt,267.0,2.0,3,2026-07-13,2.14,7,353,3,,2026-5,2026-09-17,66.0
1509939822688570543,Brand-New 3bm Home/ Near Stadium & City / Parking,45564662,Shelly,Christchurch City,Central Ward,-43.5334223,172.6599007,Entire home/apt,276.0,1.0,75,2026-08-12,7.48,2,290,75,,2026-5,2026-09-17,36.0
1682895699819063943,City Escape Townhouse - Walk to One NZ Stadium,482671075,Care Property Stays,Christchurch City,Central Ward,-43.5338131,172.6490833,Entire home/apt,250.0,1.0,0,,,184,271,0,,2026-5,2026-09-17,
1375126518889911598,Central city luxury apartment 2 min to  Te Kaha,87223355,Karen,Christchurch City,Central Ward,-43.5311796,172.6445883,Entire home/apt,280.0,1.0,1,2026-05-16,0.33,3,127,1,,2026-5,2026-09-17,124.0
1538151460286296682,Elegant 3-Storey with Garage Parking by Latimer Sq,202585247,Ohana,Christchurch City,Central Ward,-43.5302054,172.6434883,Entire home/apt,294.0,1.0,23,2026-07-01,2.44,155,94,23,,2026-5,2026-09-17,78.0
1506143928066533365,"Modern City Retreat – 3BR, 2BA",202585247,Ohana,Christchurch City,Central Ward,-43.5267436,172.6484079,Entire home/apt,269.0,1.0,50,2026-06-18,4.48,155,150,50,,2026-5,2026-09-17,91.0
12957037,Freshly Renovated Studio Unit #3,50694865,Hotel,Christchurch City,Central Ward,-43.5214,172.62527,Entire home/apt,201.0,1.0,177,2025-12-06,1.44,11,309,1,,2026-5,2026-09-17,285.0
49777874,Walking Distance CBD 2 Bdrms Secure Park,45768555,Hasslefree Accommodation,Christchurch City,Central Ward,-43.5233,172.63623,Entire home/apt,315.0,1.0,210,2026-07-29,3.32,65,328,14,,2026-5,2026-09-17,50.0
38079335,"Bright, cosy Central Location",289033518,Tania Lisa,Christchurch City,Central Ward,-43.52665,172.64123,Entire home/apt,177.0,1.0,353,2026-07-30,4.24,1,138,79,,2026-5,2026-09-17,49.0
1280763454636782763,Ultimate Christchurch Escape: 4-Bed 4-Bath Carpark,482671075,Care Property Stays,Christchurch City,Central Ward,-43.5373554449877,172.64140092247777,Entire home/apt,431.0,1.0,29,2026-08-08,2.44,184,193,29,,2026-5,2026-09-17,40.0
1079183231161406199,"Comfy 1-Bed Apartment with Park Views, Sleeps 4",551181197,Paula Kat Charlotte,Christchurch City,Central Ward,-43.5381954,172.6211778,Entire home/apt,176.0,1.0,91,2026-08-06,2.97,177,209,32,,2026-5,2026-09-17,42.0
49911750,"*NEW in Central CBD*
  2 bed/2 bath
*Free Parking*",91370988,Rianne,Christchurch City,Central Ward,-43.533924,172.641937,Entire home/apt,293.0,5.0,78,2026-04-26,1.24,1,112,14,,2026-5,2026-09-17,144.0
1492264082956410944,Spacious 3 Bedroom Townhouse - Close to Stadium,573419952,Bruce,Christchurch City,Central Ward,-43.53181,172.64729,Entire home/apt,410.0,1.0,31,2026-07-15,2.72,8,223,31,,2026-5,2026-09-17,64.0
19811335,Central City Apt. 2 bed with Private car park,87223355,Karen,Christchurch City,Central Ward,-43.53118,172.64377,Entire home/apt,178.0,1.0,825,2026-08-10,7.69,3,148,101,,2026-5,2026-09-17,38.0
1074194198870092313,Central Chch Greek Island Vibe: 2bed townhouse,551181197,Paula Kat Charlotte,Christchurch City,Central Ward,-43.5334596,172.6490214,Entire home/apt,211.0,1.0,29,2026-04-28,0.94,177,268,7,,2026-5,2026-09-17,142.0
1020713480801355661,Serene Hideout: 1 Bedroom on Cashel Street,331763232,Managed By Williams,Christchurch City,Central Ward,-43.5335979,172.6499267,Entire home/apt,192.0,1.0,27,2025-06-07,0.82,165,155,0,,2026-5,2026-09-17,467.0
1419795262666901775,Central Luxe Retreat | Double Garage | Balcony,482671075,Care Property Stays,Christchurch City,Central Ward,-43.5246202,172.6385601,Entire home/apt,259.0,1.0,10,2026-05-31,0.72,184,261,7,,2026-5,2026-09-17,109.0
1271985841021365629,Inviting & Comfortable Upper Studio in Wilmer,551181197,Paula Kat Charlotte,Christchurch City,Central Ward,-43.5386214,172.6325104,Entire home/apt,161.0,1.0,20,2026-07-29,0.92,177,233,12,,2026-5,2026-09-17,50.0
1020391098394147339,"Amazing location and amenities, car park included",45172785,The MAC Property Team,Christchurch City,Central Ward,-43.5289411,172.6440235,Entire home/apt,247.0,1.0,158,2026-08-03,4.71,46,127,69,,2026-5,2026-09-17,45.0
1527826897259457569,"Walk In, Unwind & Feel Right at Home",551181197,Paula Kat Charlotte,Christchurch City,Central Ward,-43.5296292,172.650212,Entire home/apt,210.0,1.0,7,2026-08-08,0.77,177,200,7,,2026-5,2026-09-17,40.0
1683744171040222873,Relaxed luxury designed for comfortable stays,510730797,Kate,Christchurch City,Central Ward,-43.5222,172.6379,Entire home/apt,367.0,2.0,2,2026-07-11,1.5,20,283,2,,2026-5,2026-09-17,68.0
25300250,Comfort & Convenience,4154366,Mary,Christchurch City,Central Ward,-43.52277,172.62693,Private room,126.0,1.0,71,2026-05-16,0.87,2,217,23,,2026-5,2026-09-17,124.0
1698972625710711433,Family Friendly Home near Fitzgerald Ave + Garage,482671075,Care Property Stays,Christchurch City,Central Ward,-43.5220218,172.6523506,Entire home/apt,316.0,1.0,5,2026-08-02,2.38,184,246,5,,2026-5,2026-09-17,46.0
1385808514052976582,"2BR CBD | Parking, Kitchen, Washer & Yard",202585247,Ohana,Christchurch City,Central Ward,-43.5323907,172.6424969,Entire home/apt,291.0,1.0,128,2026-08-08,7.63,155,101,97,,2026-5,2026-09-17,40.0
905980260796682275,Apartment In The Central City,513357992,Di,Christchurch City,Central Ward,-43.52311,172.63662,Entire home/apt,135.0,1.0,318,2026-07-30,8.33,2,206,87,,2026-5,2026-09-17,49.0
1700325209139765007,Staydium Retreat – 2B2B Free Parking! Sleeps 5,49642171,Lily-SimplyHost,Christchurch City,Central Ward,-43.53159,172.64591,Entire home/apt,230.0,1.0,7,2026-07-25,3.82,97,233,7,,2026-5,2026-09-17,54.0
1058864927521715990,CBD Modern loft townhouse with private courtyard,136520408,Anny,Christchurch City,Central Ward,-43.53359,172.64995,Entire home/apt,165.0,1.0,8,2026-08-07,1.9,4,173,8,,2026-5,2026-09-17,41.0
1560592032569343870,"Chch's Best Location | Stadium, CBD & Free Parking",723581024,Nic,Christchurch City,Central Ward,-43.5325491,172.6413391,Entire home/apt,262.0,1.0,24,2026-07-29,3.23,1,168,24,,2026-5,2026-09-17,50.0
1010636229809557046,Madhouse Haven 2BR | Walk to Riverside | Laundry,202585247,Ohana,Christchurch City,Central Ward,-43.535568,172.6318853,Entire home/apt,249.0,1.0,192,2026-07-15,5.67,155,127,53,,2026-5,2026-09-17,64.0
1393798111054587109,Stylish City Home with Parking Prime Location,551181197,Paula Kat Charlotte,Christchurch City,Central Ward,-43.5257355,172.6357443,Entire home/apt,297.0,1.0,110,2026-08-06,6.79,177,161,87,,2026-5,2026-09-17,42.0
864108012194839437,Prime Location Hagley Riverside Hospital,482671075,Care Property Stays,Christchurch City,Central Ward,-43.5370905,172.6249006,Entire home/apt,229.0,1.0,68,2026-08-07,1.68,184,149,13,,2026-5,2026-09-17,41.0
1070781893541346071,Cozy 2BR Apartment on Salisbury Street,331763232,Managed By Williams,Christchurch City,Central Ward,-43.5246713,172.6364006,Entire home/apt,272.0,1.0,14,2026-04-19,0.49,165,229,3,,2026-5,2026-09-17,151.0
1708993079516687257,Relaxing CBD Apartment - Sauna Access,482671075,Care Property Stays,Christchurch City,Central Ward,-43.5392412,172.6347688,Entire home/apt,205.0,1.0,0,,,184,273,0,,2026-5,2026-09-17,
1485175487384780296,Stylish City Apartment with  Balcony and Parking,45768555,Hasslefree Accommodation,Christchurch City,Central Ward,-43.53019,172.64244,Entire home/apt,297.0,1.0,7,2026-07-16,0.65,65,288,7,,2026-5,2026-09-17,63.0
1108132436670811981,Downtown Delight: Studio at 8 Wilmer with Backyard,551181197,Paula Kat Charlotte,Christchurch City,Central Ward,-43.5384944,172.6313989,Entire home/apt,171.0,1.0,39,2026-08-08,1.33,177,250,14,,2026-5,2026-09-17,40.0
1477141982334776122,"City Stadium Stay CBD Apartment B, CHC",707858717,Stay At Christchurch Ltd,Christchurch City,Central Ward,-43.53176115781898,172.64428861371564,Entire home/apt,283.0,1.0,20,2026-06-21,1.6,14,350,19,,2026-5,2026-09-17,88.0
1559761854032853425,Polished Urban Stay Near Christchurch’s Best Spots,482671075,Care Property Stays,Christchurch City,Central Ward,-43.5325491,172.6413391,Entire home/apt,248.0,1.0,10,2026-07-04,1.15,184,257,10,,2026-5,2026-09-17,75.0
1240227448260230441,Central City Apartment 'The Olive',182884666,Deborah,Christchurch City,Central Ward,-43.531009575372515,172.64437403529882,Entire home/apt,571.0,2.0,10,2025-12-04,0.47,1,26,3,,2026-5,2026-09-17,287.0
1092302298229138417,Modern 2BR Apartment on Salisbury Street,331763232,Managed By Williams,Christchurch City,Central Ward,-43.5242973,172.6362563,Entire home/apt,273.0,1.0,29,2026-07-12,0.97,165,156,16,,2026-5,2026-09-17,67.0
1648762763977646818,Light-Filled Retreat with Garage & Outdoor Living,510730797,Kate,Christchurch City,Central Ward,-43.52091765835237,172.63870193173818,Entire home/apt,274.0,2.0,9,2026-07-18,2.25,20,247,9,,2026-5,2026-09-17,61.0
1601845147225005552,"Central City - Entire House (5 rooms, 10 people)",257637355,Stephen,Christchurch City,Central Ward,-43.53035130000001,172.6459422,Entire home/apt,810.0,1.0,7,2026-06-22,1.15,1,203,7,,2026-5,2026-09-17,87.0
48188105,CBD & One NZ Stadium at Your Doorstep+Garage,45768555,Hasslefree Accommodation,Christchurch City,Central Ward,-43.53248,172.64157,Entire home/apt,317.0,1.0,392,2026-07-09,5.88,65,242,22,,2026-5,2026-09-17,70.0
1298854937185431298,"Central CBD - Stroll to Stadium, Bars & Eateries",551181197,Paula Kat Charlotte,Christchurch City,Central Ward,-43.5264274,172.646713,Entire home/apt,223.0,1.0,80,2026-08-06,3.86,177,236,61,,2026-5,2026-09-17,42.0
43061771,City Centre Superior Villa 3 large Double bedrooms,182871907,Mei & Steven,Christchurch City,Central Ward,-43.53087,172.64523,Entire home/apt,504.0,1.0,44,2025-12-27,0.6,2,53,1,,2026-5,2026-09-17,264.0
45758539,City centre apartment unlimited WIFI,86216394,Min,Christchurch City,Central Ward,-43.52889,172.64506,Entire home/apt,170.0,1.0,228,2026-06-18,3.2,42,204,28,,2026-5,2026-09-17,91.0
974988007682030041,Steps to City Center - Walk to Stadium & Cathedral,482671075,Care Property Stays,Christchurch City,Central Ward,-43.5312085,172.6470511,Entire home/apt,394.0,1.0,21,2026-04-04,0.59,184,198,2,,2026-5,2026-09-17,166.0
1315568361006355789,Designer 2BR Flat | Christchurch CBD | Patio,202585247,Ohana,Christchurch City,Central Ward,-43.5312742,172.6461984,Entire home/apt,198.0,1.0,100,2026-07-24,5.51,155,155,70,,2026-5,2026-09-17,55.0
1735104385823773849,"Ground Floor Apartment CBD - Pool, Gym + Parking",482671075,Care Property Stays,Christchurch City,Central Ward,-43.5213334,172.6461159,Entire home/apt,248.0,1.0,1,2026-08-01,1.0,184,254,1,,2026-5,2026-09-17,47.0
47813922,2 Bedroom Apartment,270614463,Samuel William,Christchurch City,Central Ward,-43.5334,172.62905,Private room,265.0,1.0,20,2025-04-22,0.37,14,209,0,,2026-5,2026-09-17,513.0
1608336480340096932,"CBD 2-Bed, 2-Bath Townhouse + Parking",49642171,Lily-SimplyHost,Christchurch City,Central Ward,-43.5221126,172.6371454,Entire home/apt,213.0,1.0,27,2026-07-17,4.53,97,339,27,,2026-5,2026-09-17,62.0
1580966531555038279,The Encore | 4 Min Walk to Stadium & CBD,439038269,Serena,Christchurch City,Central Ward,-43.5332916400812,172.64899809745543,Entire home/apt,265.0,2.0,10,2026-08-10,1.33,7,354,10,,2026-5,2026-09-17,38.0
40262134,"Modern, spacious 2 bedroom apartment in CBD",102034919,Rudy And Bernie,Christchurch City,Central Ward,-43.52109,172.64059,Entire home/apt,168.0,2.0,354,2026-07-25,6.29,2,158,45,,2026-5,2026-09-17,54.0
1624156264413853822,CityBeat townhouse near stadium,576229658,Punam,Christchurch City,Central Ward,-43.5287438,172.6499628,Entire home/apt,183.0,1.0,3,2026-05-03,0.52,1,216,3,,2026-5,2026-09-17,137.0
1628073434008187584,Stadium Side Sophistication | Luxe 1BR Apartment,67401884,Angela,Christchurch City,Central Ward,-43.52682859999999,172.6401371,Entire home/apt,182.0,2.0,32,2026-08-09,6.04,3,318,32,,2026-5,2026-09-17,39.0
1445153160989814230,Scandinavian City Escape | Walk Everywhere in CBD,24205506,"Mayie, Judi And Karen At Bookahome",Christchurch City,Central Ward,-43.5331905830439,172.6415862139681,Entire home/apt,165.0,2.0,19,2026-07-30,1.73,81,342,19,,2026-5,2026-09-17,49.0
1561217776807496668,Modern 3 Ensuite CBD with Carpark -walk to Stadium,43367626,Sharon,Christchurch City,Central Ward,-43.53233335481662,172.6477978751063,Entire home/apt,424.0,1.0,6,2026-07-09,0.81,18,110,6,,2026-5,2026-09-17,70.0
1701130831894333941,Elegant One Bedroom Christchurch Stay,331763232,Managed By Williams,Christchurch City,Central Ward,-43.54065237169578,172.6346505882467,Entire home/apt,172.0,1.0,1,2026-07-16,1.0,165,364,1,,2026-5,2026-09-17,63.0
1279876833535113246,Central city home with carpark sleeps 5,551181197,Paula Kat Charlotte,Christchurch City,Central Ward,-43.5327342,172.6499711,Entire home/apt,214.0,1.0,9,2026-04-26,0.42,177,272,3,,2026-5,2026-09-17,144.0
1408184092369041574,The Central Villa | 4BR | 2BA | Peaceful City Stay,28386584,Vance,Christchurch City,Central Ward,-43.533259105357246,172.65120010403118,Entire home/apt,281.0,2.0,34,2026-08-01,2.51,3,161,29,,2026-5,2026-09-17,47.0
35432336,Orari - Room 1,258827985,Ashton,Christchurch City,Central Ward,-43.53059,172.63005,Hotel room,249.0,1.0,1,2024-08-03,0.04,10,171,0,,2026-5,2026-09-17,775.0
1477140786795770297,Central Christchurch Heartstay Studio,707858717,Stay At Christchurch Ltd,Christchurch City,Central Ward,-43.53829,172.63106,Entire home/apt,180.0,1.0,6,2026-06-16,0.53,14,335,6,,2026-5,2026-09-17,93.0
34233108,CBD Apartment + Secure Parking | Walk to Stadium,251184563,Tania,Christchurch City,Central Ward,-43.52829,172.64195,Entire home/apt,254.0,1.0,9,2024-02-17,0.1,3,31,0,,2026-5,2026-09-17,943.0
1393837715310755090,Central City 2BR | Backyard | Walk to CBD,202585247,Ohana,Christchurch City,Central Ward,-43.5296361,172.6450818,Entire home/apt,230.0,1.0,93,2026-07-11,6.23,155,125,73,,2026-5,2026-09-17,68.0
1019721985667199998,Immerse Yourself in Contemporary Retreat in CBD,74811135,Maggie,Christchurch City,Central Ward,-43.52983,172.6559,Entire home/apt,229.0,1.0,48,2026-05-31,1.44,46,290,6,,2026-5,2026-09-17,109.0
15240118,St James Mews- townhouse central to everything.,96897151,Sue,Christchurch City,Riccarton Ward,-43.53098,172.60669,Private room,132.0,2.0,275,2026-07-25,2.4,1,10,38,,2026-5,2026-09-17,54.0
935251271121344273,Home Away From Home CBD Location,45768555,Hasslefree Accommodation,Christchurch City,Central Ward,-43.52481,172.64162,Entire home/apt,220.0,1.0,60,2026-07-25,1.67,65,276,16,,2026-5,2026-09-17,54.0
1398912826098460780,Central City Retreat. Stylish 3BR + Parking,551181197,Paula Kat Charlotte,Christchurch City,Central Ward,-43.5291776,172.6294649,Entire home/apt,289.0,2.0,42,2026-08-08,2.62,177,125,31,,2026-5,2026-09-17,40.0
1385840337827171229,Heart of the City Stay - With the Best Coffee!,55203536,Helen,Christchurch City,Central Ward,-43.525483324231416,172.6400619306806,Entire home/apt,321.0,1.0,5,2026-02-18,0.37,3,190,4,,2026-5,2026-09-17,211.0
46926200,"Homey Townhouse in Central City, CBD Place",379113054,Dan,Christchurch City,Central Ward,-43.52428,172.64159,Entire home/apt,168.0,1.0,602,2026-07-21,8.78,1,141,77,,2026-5,2026-09-17,58.0
1172098772839063154,Chic 2-Bedroom Apartment on Avon River,682808597,Devon,Christchurch City,Fendalton Ward,-43.52111,172.62193,Entire home/apt,330.0,1.0,113,2026-08-11,4.51,28,191,57,,2026-5,2026-09-17,37.0
1408354599386758484,The Pool House @ Woodford Grace,6361383,Michelle,Christchurch City,Fendalton Ward,-43.52095231585249,172.62297363905634,Entire home/apt,161.0,1.0,92,2026-08-10,6.17,1,58,85,,2026-5,2026-09-17,38.0
1557065042349467007,Urban Retreat in Christchurch Central,144921209,Anton,Christchurch City,Central Ward,-43.52589625611348,172.63076718896627,Entire home/apt,322.0,1.0,71,2026-08-12,8.26,1,64,71,,2026-5,2026-09-17,36.0
1580207323550359526,"Home with heart, on the most delightful street",734978508,Mel,Christchurch City,Central Ward,-43.523061946596115,172.63195403809812,Entire home/apt,224.0,2.0,5,2026-07-05,0.82,1,144,5,,2026-5,2026-09-17,74.0
1617750056787824463,Colombo St Retreat | Garage | Ideal For Long Stays,482671075,Care Property Stays,Christchurch City,Central Ward,-43.52219,172.63739,Entire home/apt,407.0,1.0,8,2026-06-13,1.32,184,220,8,,2026-5,2026-09-17,96.0
23065093,Twin or single room,41527093,Karen,Christchurch City,Central Ward,-43.52779,172.64685,Private room,61.0,7.0,37,2026-01-11,0.36,4,58,2,,2026-5,2026-09-17,249.0
1550444628216375600,Prime Central City Pad - Convenient & Comfy,213814286,Joshua,Christchurch City,Central Ward,-43.5311796,172.6445883,Entire home/apt,183.0,1.0,50,2026-07-01,5.7,1,229,50,,2026-5,2026-09-17,78.0
51336176,Modern Central Outdoor Living Bonus Handy CBD,45768555,Hasslefree Accommodation,Christchurch City,Central Ward,-43.52304,172.6425,Entire home/apt,283.0,1.0,122,2026-07-09,1.99,65,325,17,,2026-5,2026-09-17,70.0
39425759,No. 9 New townhouse on Armagh|city centre,86216394,Min,Christchurch City,Central Ward,-43.52957,172.64322,Entire home/apt,139.0,1.0,318,2026-08-04,3.92,42,207,41,,2026-5,2026-09-17,44.0
17781919,Clocktower Lane Group,2185000,Jo,Christchurch City,Central Ward,-43.52285,172.63149,Entire home/apt,827.0,1.0,52,2024-09-25,0.46,5,203,0,,2026-5,2026-09-17,722.0
42185666,City Centre 1 Bedroom Apartment,281110869,City Centre,Christchurch City,Central Ward,-43.5216,172.63786,Entire home/apt,163.0,1.0,10,2023-07-29,0.15,5,333,0,,2026-5,2026-09-17,1146.0
1730751212258271097,Brand New Townhouse Walk to CBD | Parking + EV,482671075,Care Property Stays,Christchurch City,Central Ward,-43.5300049,172.65168,Entire home/apt,267.0,1.0,3,2026-08-01,3.0,184,273,3,,2026-5,2026-09-17,47.0
22756405,Clocktower Lane Contemporary Group,2185000,Jo,Christchurch City,Central Ward,-43.52339,172.63,Entire home/apt,707.0,1.0,10,2026-08-08,0.1,5,220,2,,2026-5,2026-09-17,40.0
1495926193921795500,Stay Central | 3BR + 3 Baths + 2 Secure Carparks,510730797,Kate,Christchurch City,Central Ward,-43.52645853975918,172.64122957321865,Entire home/apt,546.0,2.0,10,2026-07-15,1.1,20,263,10,,2026-5,2026-09-17,64.0
1690301403351834296,Urban Retreat on Moorhouse | Cozy 1BR Stay,331763232,Managed By Williams,Christchurch City,Central Ward,-43.53886,172.63371,Entire home/apt,219.0,1.0,1,2026-07-21,1.0,165,363,1,,2026-5,2026-09-17,58.0
819067375079761965,Modern spacious apartment in CBD,102034919,Rudy And Bernie,Christchurch City,Central Ward,-43.52652,172.64754,Entire home/apt,192.0,2.0,252,2026-07-23,5.91,2,171,53,,2026-5,2026-09-17,56.0
1567213320156282261,Stylish 1BR Apartment near Te Kaha Stadium,331763232,Managed By Williams,Christchurch City,Central Ward,-43.531678,172.6399434,Entire home/apt,203.0,1.0,5,2026-07-23,0.9,165,77,5,,2026-5,2026-09-17,56.0
35266301,Private Rm+Bathrm in Christchurch City + Breakfast,162134717,Karen,Christchurch City,Central Ward,-43.5255,172.64435,Private room,95.0,1.0,146,2026-08-02,1.73,1,198,24,,2026-5,2026-09-17,46.0
1509885437642159377,*City Fringe Convenience* St Albans,167303597,Sarah,Christchurch City,Fendalton Ward,-43.51347,172.63241,Entire home/apt,685.0,2.0,1,2026-02-27,0.18,1,83,1,,2026-5,2026-09-17,202.0
42203678,City Centre Studio,281110869,City Centre,Christchurch City,Central Ward,-43.52298,172.6368,Entire home/apt,126.0,1.0,6,2024-02-24,0.08,5,252,0,,2026-5,2026-09-17,936.0
1598177158706286940,The Kilmore Collection,740070062,Bruce,Christchurch City,Central Ward,-43.5261663,172.6291617,Entire home/apt,240.0,1.0,2,2026-02-26,0.34,1,343,2,,2026-5,2026-09-17,203.0
1656952960518855888,Ultimate Group Stay | 2 Stylish Apts by Stadium,67401884,Angela,Christchurch City,Central Ward,-43.5268565,172.6397956,Entire home/apt,430.0,3.0,0,,,3,301,0,,2026-5,2026-09-17,
1685050806443350752,The Moorhouse Hideaway | Modern 1BR City Retreat,331763232,Managed By Williams,Christchurch City,Central Ward,-43.5395641,172.6346707,Entire home/apt,179.0,1.0,1,2026-05-17,0.33,165,362,1,,2026-5,2026-09-17,123.0
1013479232818304742,Modern CBD Stay | Parkside + Balcony,482671075,Care Property Stays,Christchurch City,Central Ward,-43.5355519,172.6318938,Entire home/apt,238.0,1.0,64,2026-08-07,1.89,184,228,21,,2026-5,2026-09-17,41.0
1114168043227234417,Riverside Retreat | Walk to CBD & Terrace,97715487,Lex,Christchurch City,Central Ward,-43.5251555,172.6470993,Entire home/apt,220.0,1.0,86,2026-05-31,3.21,2,165,39,,2026-5,2026-09-17,109.0
1107018218360596957,Cosy Modern 2 Bedroom Haven with car space,123463466,Tracey,Christchurch City,Central Ward,-43.53090438625563,172.64178964760745,Entire home/apt,217.0,2.0,54,2026-07-09,1.84,3,8,44,,2026-5,2026-09-17,70.0
1482920806483532223,Modern Inner City Retreat-Walk to Parks and Cafes,202585247,Ohana,Christchurch City,Central Ward,-43.526254,172.6423938,Entire home/apt,215.0,1.0,104,2026-08-04,8.5,155,158,103,,2026-5,2026-09-17,44.0
1106676158322777124,"Urban Escape: Ground Floor Studio, Wilmer St",551181197,Paula Kat Charlotte,Christchurch City,Central Ward,-43.5384944,172.6313989,Entire home/apt,167.0,1.0,72,2026-08-09,2.43,177,242,45,,2026-5,2026-09-17,39.0
734425165492263110,Close and walkable on Salisbury Street-City Centre,482671075,Care Property Stays,Christchurch City,Central Ward,-43.52421469999999,172.6417818,Entire home/apt,210.0,1.0,199,2026-07-30,4.33,184,249,52,,2026-5,2026-09-17,49.0
1208972654129244877,Central City Abode on St Asaph,374915856,Simon,Christchurch City,Central Ward,-43.5360637,172.6485723,Entire home/apt,423.0,1.0,7,2025-12-26,0.29,112,298,1,,2026-5,2026-09-17,265.0
1192639146932580185,Modern Stay Opposite North Hagley Park & Casino,74811135,Maggie,Christchurch City,Central Ward,-43.526312570720975,172.6299446921078,Entire home/apt,254.0,1.0,68,2026-07-14,2.67,46,230,34,,2026-5,2026-09-17,65.0
1337994737242260354,Central Stay | 2BR 2Bath + Parking | Guest Fav,49642171,Lily-SimplyHost,Christchurch City,Central Ward,-43.533746796608,172.64179173856974,Entire home/apt,224.0,1.0,90,2026-08-03,4.76,97,280,55,,2026-5,2026-09-17,45.0
1626529787309531101,Trinity Cottage,145619855,Brent,Christchurch City,Central Ward,-43.52932,172.64918,Entire home/apt,347.0,2.0,4,2026-07-12,0.98,2,326,4,,2026-5,2026-09-17,67.0
683531903409584472,Stylish Top-Floor Apartment in Merivale,682808597,Devon,Christchurch City,Fendalton Ward,-43.52144,172.62199,Entire home/apt,375.0,1.0,175,2026-08-05,3.61,28,228,45,,2026-5,2026-09-17,43.0
15756388,"Spacious, Comfortable Clocktower Lane Apartment",2185000,Jo,Christchurch City,Central Ward,-43.52408,172.63208,Entire home/apt,361.0,1.0,767,2026-07-30,6.49,5,107,71,,2026-5,2026-09-17,49.0
1358272974973331226,CBD Apartment | Secure Space + Free Parking,482671075,Care Property Stays,Christchurch City,Central Ward,-43.52960740005737,172.642368282234,Entire home/apt,188.0,1.0,62,2026-07-25,3.44,184,243,39,,2026-5,2026-09-17,54.0
47802823,Deluxe Queen Room,270614463,Samuel William,Christchurch City,Central Ward,-43.53281,172.62722,Private room,135.0,1.0,42,2026-07-02,0.88,14,300,14,,2026-5,2026-09-17,77.0
835616827563123951,Home sweet home CBD Christchurch 2 bed 2 bath,365360819,Chao,Christchurch City,Central Ward,-43.5322057,172.6494295,Entire home/apt,233.0,1.0,100,2026-07-15,2.38,8,134,23,,2026-5,2026-09-17,64.0
867710494701418018,Inner City Delight - Walk To Cathedral Square,482671075,Care Property Stays,Christchurch City,Central Ward,-43.5312859,172.6450051,Entire home/apt,234.0,1.0,49,2026-06-26,1.25,184,271,12,,2026-5,2026-09-17,83.0
10973248,"Rivendell Cottage
Central City
With Parking",56932783,Pam,Christchurch City,Central Ward,-43.5271,172.64739,Private room,159.0,2.0,133,2026-07-04,1.44,1,224,24,,2026-5,2026-09-17,75.0
1187210236791225612,City Terrace-3 Bedroom in CBD Free parking,584558161,Tiaki BnB,Christchurch City,Central Ward,-43.5264516,172.6314738,Entire home/apt,323.0,1.0,39,2026-08-12,1.58,8,150,16,,2026-5,2026-09-17,36.0
17129214,Cosy Townhouse in the heart of Christchurch,15480413,Jackie,Christchurch City,Central Ward,-43.52857,172.63187,Entire home/apt,208.0,1.0,555,2026-07-11,4.81,2,79,48,,2026-5,2026-09-17,68.0
1690276624636059454,Gatehouse One · CBD · Stadium View,24205506,"Mayie, Judi And Karen At Bookahome",Christchurch City,Central Ward,-43.5314624,172.6459811,Entire home/apt,287.0,1.0,4,2026-08-10,2.18,81,133,4,,2026-5,2026-09-17,38.0
1601292628039815458,A Teeny Tiny Sanctuary in The Heart of the City,45768555,Hasslefree Accommodation,Christchurch City,Central Ward,-43.5272862,172.639144,Entire home/apt,245.0,1.0,12,2026-07-04,1.78,65,321,12,,2026-5,2026-09-17,75.0
843917675732912298,"A place close to One NZ Stadium, Parakiore Center",133703679,Anthy,Christchurch City,Central Ward,-43.53760740000001,172.6252083,Entire home/apt,295.0,1.0,59,2026-07-25,1.42,2,345,13,,2026-5,2026-09-17,54.0
1235302601362763288,Single Level Studio Escape on Wilmer St - Central,551181197,Paula Kat Charlotte,Christchurch City,Central Ward,-43.53805,172.63205,Entire home/apt,169.0,1.0,17,2026-06-27,0.73,177,265,4,,2026-5,2026-09-17,82.0
1151169759957143703,Delightful CBD 2 Bed 2 Baths - Stylish Getaway,49642171,Lily-SimplyHost,Christchurch City,Central Ward,-43.53259,172.65021,Entire home/apt,210.0,1.0,17,2026-06-22,0.65,97,312,8,,2026-5,2026-09-17,87.0
1346040643001148110,"Designer Apartment, Walk to Stadium & Riverside",55863813,Sophia Ashford,Christchurch City,Central Ward,-43.5339025,172.6303734,Entire home/apt,220.0,1.0,98,2026-08-03,5.35,1,254,69,,2026-5,2026-09-17,45.0
1732643720770402146,The WalkScore Hub,1732565653726448749,Xia,Christchurch City,Central Ward,-43.53767774513832,172.62504578163038,Entire home/apt,280.0,1.0,0,,,2,335,0,,2026-5,2026-09-17,
16591061,Long term double in colourful central city house,41527093,Karen,Christchurch City,Central Ward,-43.52779,172.64685,Private room,65.0,7.0,45,2026-05-15,0.39,4,9,1,,2026-5,2026-09-17,125.0
1462147534089461368,3bed w Garage Minutes from the Action and Sleeps 8,551181197,Paula Kat Charlotte,Christchurch City,Central Ward,-43.5457936,172.6240746,Entire home/apt,264.0,1.0,40,2026-07-26,3.11,177,117,37,,2026-5,2026-09-17,53.0
1035213030226263971,Modern City apartment!,49892033,Thomas,Christchurch City,Central Ward,-43.5263919,172.6312984,Entire home/apt,310.0,2.0,57,2026-08-08,1.81,1,139,30,,2026-5,2026-09-17,40.0
1675860836696353826,Easy City Living near Christchurch CBD,331763232,Managed By Williams,Christchurch City,Central Ward,-43.5396136,172.6343147,Entire home/apt,178.0,1.0,2,2026-05-30,0.67,165,354,2,,2026-5,2026-09-17,110.0
1621452049439010790,Cosy | Queen | 10 minutes walk One NZ stadium,532142019,Tracy,Christchurch City,Central Ward,-43.53385716591112,172.66054200537988,Private room,115.0,1.0,5,2026-03-19,0.84,6,180,5,,2026-5,2026-09-17,182.0
1424919407419270943,"Location CBD, Hospital, Hagley Park,Free Parking",45768555,Hasslefree Accommodation,Christchurch City,Central Ward,-43.5333252,172.6296109,Entire home/apt,322.0,1.0,75,2026-07-26,5.11,65,249,66,,2026-5,2026-09-17,53.0
648933754631980641,Harmony 5 bedroom City Centre Apartments,43226526,Janine,Christchurch City,Linwood Ward,-43.53557,172.66025,Entire home/apt,313.0,2.0,19,2026-04-26,0.38,4,360,2,,2026-5,2026-09-17,144.0
35468898,Orari - Room 07,258827985,Ashton,Christchurch City,Central Ward,-43.53007,172.6302,Hotel room,220.0,1.0,2,2026-05-23,0.05,10,166,1,,2026-5,2026-09-17,117.0
47803160,Deluxe Twin Room,270614463,Samuel William,Christchurch City,Central Ward,-43.53282,172.62732,Private room,149.0,1.0,8,2026-05-15,0.15,14,217,4,,2026-5,2026-09-17,125.0
39994752,"4 Private Rooms & Private Communal Space, Ensuites",43398377,Graham,Christchurch City,Central Ward,-43.53028,172.62874,Entire home/apt,1900.0,1.0,96,2026-01-17,1.2,3,49,14,,2026-5,2026-09-17,243.0
1699733045702036050,Urban Hideaway on Moorhouse Modern 1BR Stay,331763232,Managed By Williams,Christchurch City,Central Ward,-43.53878,172.63346,Entire home/apt,179.0,1.0,2,2026-07-11,1.43,165,27,2,,2026-5,2026-09-17,68.0
1533776720692844448,CBD 2BR Townhouse - Walk Stadium + Fitness Bike,551181197,Paula Kat Charlotte,Christchurch City,Central Ward,-43.53215,172.64746,Entire home/apt,314.0,1.0,3,2025-12-11,0.34,177,241,3,,2026-5,2026-09-17,280.0
1695369860437073035,Relaxing One Bedroom Escape with Shared Spa,331763232,Managed By Williams,Christchurch City,Central Ward,-43.54024,172.63357,Entire home/apt,172.0,1.0,2,2026-07-13,1.43,165,364,2,,2026-5,2026-09-17,66.0
47803467,Deluxe Triple Room,270614463,Samuel William,Christchurch City,Central Ward,-43.53141,172.62773,Private room,155.0,1.0,10,2026-02-07,0.19,14,245,1,,2026-5,2026-09-17,222.0
1496682056247406895,Modern stay near stadium,19767194,Joanna,Christchurch City,Central Ward,-43.5321823580736,172.64847496216387,Private room,164.0,1.0,19,2026-08-08,2.88,1,128,19,,2026-5,2026-09-17,40.0
1562888488743085645,Stylish Inner-City Manchester Street Stay,331763232,Managed By Williams,Christchurch City,Central Ward,-43.5312971,172.6399379,Entire home/apt,314.0,1.0,6,2026-07-10,1.19,165,97,6,,2026-5,2026-09-17,69.0
1675861498708989164,City Fringe Stay with Easy CBD Access,331763232,Managed By Williams,Christchurch City,Central Ward,-43.5395641,172.6346707,Entire home/apt,178.0,1.0,2,2026-07-12,1.09,165,353,2,,2026-5,2026-09-17,67.0
1675859998558028888,Central Christchurch Base for Your Stay,331763232,Managed By Williams,Christchurch City,Central Ward,-43.5395641,172.6346707,Entire home/apt,216.0,1.0,1,2026-05-24,0.36,165,363,1,,2026-5,2026-09-17,116.0
751849249762320284,Chic in the City,176508106,Shar,Christchurch City,Central Ward,-43.52962,172.65733,Entire home/apt,171.0,2.0,55,2026-04-05,1.48,1,330,19,,2026-5,2026-09-17,165.0
47356235,City View In Central Chch with Free Valet Parking,98868319,Nicole & Shane,Christchurch City,Central Ward,-43.52896,172.63959,Entire home/apt,495.0,1.0,211,2026-01-02,3.12,2,62,8,,2026-5,2026-09-17,258.0
1143936959542245469,Cashel Grandeur - Luxurious 4-Bedroom Home,202585247,Ohana,Christchurch City,Central Ward,-43.53344,172.65043,Entire home/apt,404.0,1.0,25,2026-08-02,0.93,155,85,14,,2026-5,2026-09-17,46.0
45588035,City Center Entire Townhouse Netflix & 1000M Fibre,86216394,Min,Christchurch City,Central Ward,-43.52799,172.64852,Entire home/apt,139.0,1.0,174,2026-06-22,2.44,42,191,15,,2026-5,2026-09-17,87.0
1675144901673169551,City central 1 bed apartment/townhouse,131540074,Hayden,Christchurch City,Central Ward,-43.526942612826986,172.63993524105243,Entire home/apt,205.0,1.0,4,2026-07-11,1.33,1,231,4,,2026-5,2026-09-17,68.0
1557648246239870260,Modern 2BR | Christchurch CBD + Patio + Parking,202585247,Ohana,Christchurch City,Central Ward,-43.5295819,172.6499775,Entire home/apt,264.0,1.0,49,2026-07-20,5.79,155,100,49,,2026-5,2026-09-17,59.0
1418358550516464734,Modern 2 Bed City-Fringe | Carpark & Courtyard,482671075,Care Property Stays,Christchurch City,Central Ward,-43.5288803,172.6599129,Entire home/apt,248.0,1.0,4,2025-07-19,0.26,184,256,0,,2026-5,2026-09-17,425.0
1008203587172656636,CBD Gem Walk to everything 3 bedroom 2 bath,482671075,Care Property Stays,Christchurch City,Central Ward,-43.535568,172.6318853,Entire home/apt,315.0,1.0,213,2026-07-22,6.25,184,233,34,,2026-5,2026-09-17,57.0
1186344803321196684,Cosy Room in Artist’s Central Home by the Stadium,20337227,Emma,Christchurch City,Central Ward,-43.5334703,172.660138,Private room,58.0,1.0,10,2026-06-29,1.71,1,51,10,,2026-5,2026-09-17,80.0
1604081111293025395,2BRM City Convenience on Armagh,43367626,Sharon,Christchurch City,Central Ward,-43.52797,172.64982,Entire home/apt,280.0,1.0,3,2026-07-11,0.51,18,138,3,,2026-5,2026-09-17,68.0
908930082943794248,Cashel Street Hideaway 2 bed 2 bath,482671075,Care Property Stays,Christchurch City,Central Ward,-43.5334885,172.6499689,Entire home/apt,211.0,1.0,63,2026-07-05,1.66,184,255,16,,2026-5,2026-09-17,74.0
1402870805418837843,Cosy | Double | 10 minutes walk to One NZ stadium,532142019,Tracy,Christchurch City,Central Ward,-43.53205,172.65862,Private room,88.0,1.0,0,,,6,185,0,,2026-5,2026-09-17,
889338510598016461,Best of Central Christchurch 2 bed 2 bath,482671075,Care Property Stays,Christchurch City,Central Ward,-43.5370905,172.6249006,Entire home/apt,205.0,1.0,126,2026-08-06,3.18,184,243,52,,2026-5,2026-09-17,42.0
1679288612021282998,Brand New CBD Apartment | Spa • Sauna • Plunge,331763232,Managed By Williams,Christchurch City,Central Ward,-43.5395641,172.6346707,Entire home/apt,184.0,1.0,3,2026-07-25,3.0,165,354,3,,2026-5,2026-09-17,54.0
1012862363797836219,Enjoy Contemporary Urban Living in the Centre,74811135,Maggie,Christchurch City,Central Ward,-43.53097,172.65602,Entire home/apt,239.0,1.0,62,2026-05-17,1.84,46,70,19,,2026-5,2026-09-17,123.0
1300972526142528064,Dashing 2-Bedroom Apartment in Vibrant City Hub,551181197,Paula Kat Charlotte,Christchurch City,Central Ward,-43.5285632,172.6432595,Entire home/apt,255.0,1.0,7,2026-08-08,0.36,177,148,4,,2026-5,2026-09-17,40.0
1218953869158713323,Central Home - Free E-Scooters!,257057675,Shannon,Christchurch City,Central Ward,-43.53343,172.65871,Entire home/apt,213.0,1.0,6,2025-09-28,0.26,2,25,2,,2026-5,2026-09-17,354.0
1073598316388110078,Walk to Te Pae & Tram | Central Townhouse,551181197,Paula Kat Charlotte,Christchurch City,Central Ward,-43.535561,172.6316734,Entire home/apt,253.0,1.0,65,2026-06-30,2.11,177,246,21,,2026-5,2026-09-17,79.0
1611793688193365823,Brand New Designer 2BR 2Bath w Garage Central Chch,663807688,Leah,Christchurch City,Central Ward,-43.5220452201269,172.6366774365306,Entire home/apt,278.0,1.0,26,2026-07-28,4.38,2,274,26,,2026-5,2026-09-17,51.0
1414031349470253339,Modern 1BR with Laundry | Walk to CBD & Riverside,202585247,Ohana,Christchurch City,Central Ward,-43.52731,172.63981,Entire home/apt,169.0,1.0,53,2026-08-01,3.49,155,132,48,,2026-5,2026-09-17,47.0
1390911116516704002,Bright City Base | 1BR | Kitchen + Courtyard,202585247,Ohana,Christchurch City,Central Ward,-43.5269482,172.63981,Entire home/apt,176.0,1.0,86,2026-07-18,5.19,155,137,58,,2026-5,2026-09-17,61.0
854510283014249307,Sunny CBD Retreat | King Beds & Double Garage!,3264070,Katya,Christchurch City,Central Ward,-43.52457,172.63888,Entire home/apt,225.0,1.0,193,2026-08-08,4.96,1,28,73,,2026-5,2026-09-17,40.0
1673040951798474304,3BR City Home | Courtyard + Parking | Near CBD,202585247,Ohana,Christchurch City,Central Ward,-43.524,172.63967,Entire home/apt,366.0,1.0,8,2026-07-25,2.45,155,103,8,,2026-5,2026-09-17,54.0
1687468736222287533,Stadium Stay l 2 bed 2 bath l Sleeps 6 I Parking,49642171,Lily-SimplyHost,Christchurch City,Central Ward,-43.53288741003537,172.64255631352555,Entire home/apt,230.0,1.0,3,2026-08-08,1.64,97,316,3,,2026-5,2026-09-17,40.0
1495375358522144115,Christchurch Charmer 1 bed CBD,331763232,Managed By Williams,Christchurch City,Central Ward,-43.5335861,172.6499482,Entire home/apt,153.0,1.0,27,2026-04-29,2.55,165,139,27,,2026-5,2026-09-17,141.0
1122746997304753431,Stylish. Spacious. Designed for living and working,569483312,Leah Mae,Christchurch City,Central Ward,-43.54634,172.62663,Entire home/apt,198.0,1.0,68,2026-05-18,2.44,1,282,14,,2026-5,2026-09-17,122.0
1039533776526946400,Convenient Urban Townhouse 2 carparks available,45768555,Hasslefree Accommodation,Christchurch City,Central Ward,-43.52938,172.65176,Entire home/apt,297.0,1.0,66,2026-06-07,2.05,65,287,10,,2026-5,2026-09-17,102.0
1504173481203734793,Steps to One NZ Stadium • Sleeps 5 • CBD Stay,717503270,Dondon & Rinnai,Christchurch City,Central Ward,-43.53370940000001,172.6491341,Entire home/apt,262.0,1.0,31,2026-07-18,3.11,1,218,31,,2026-5,2026-09-17,61.0
1638129942027393685,Modern 3BR Townhouse + 2 Car Parks | City Centre,45172785,The MAC Property Team,Christchurch City,Central Ward,-43.5248677,172.6428841,Entire home/apt,369.0,1.0,9,2026-07-28,2.16,46,315,9,,2026-5,2026-09-17,51.0
1526457468261173405,Modern 2 Bedroom Townhouse in Central Christchurch,331763232,Managed By Williams,Christchurch City,Central Ward,-43.5374708,172.6251301,Entire home/apt,353.0,1.0,4,2026-02-24,0.61,165,316,4,,2026-5,2026-09-17,205.0
1648830822270858388,"Close to stadium, ensuite room city centre",751715149,Hazel,Christchurch City,Central Ward,-43.52218,172.64396,Private room,110.0,1.0,4,2026-07-26,1.14,3,350,4,,2026-5,2026-09-17,53.0
40163863,Penthouse apartment in the heart of the city,308855327,Alison,Christchurch City,Central Ward,-43.52975,172.63986,Entire home/apt,426.0,2.0,166,2026-07-11,2.06,1,104,12,,2026-5,2026-09-17,68.0
1701868509562071280,Unique central city standalone home with parking,1673594072955121293,Mike,Christchurch City,Central Ward,-43.52412795928599,172.6424827426672,Entire home/apt,210.0,3.0,3,2026-08-08,3.0,1,58,3,,2026-5,2026-09-17,40.0
1496742999002292409,Luxury Penthouse in the City,72194360,Breidi,Christchurch City,Central Ward,-43.5264225,172.6329885,Entire home/apt,1427.0,2.0,21,2026-08-02,2.16,10,260,21,,2026-5,2026-09-17,46.0
851650060428448228,Modern 3 bed Overlooking Hagley Park,482671075,Care Property Stays,Christchurch City,Central Ward,-43.5375386,172.6252073,Entire home/apt,443.0,1.0,69,2026-07-18,1.67,184,246,24,,2026-5,2026-09-17,61.0
1696012421773284763,Central City Stay | 2BR + Balcony | Parking,202585247,Ohana,Christchurch City,Central Ward,-43.5299693,172.641831,Entire home/apt,237.0,1.0,6,2026-07-23,2.77,155,128,6,,2026-5,2026-09-17,56.0
1142926785335791094,"The Nook, 800m to New Regent St",16718467,Stephen,Christchurch City,Central Ward,-43.52424,172.64192,Private room,119.0,1.0,5,2026-02-27,0.2,2,47,2,,2026-5,2026-09-17,202.0
1711253302636017150,City Centre 5 BRM Sleep 10+,1711253144379796347,Phil,Christchurch City,Central Ward,-43.5338881,172.6576961,Entire home/apt,505.0,1.0,1,2026-07-12,0.88,1,339,1,,2026-5,2026-09-17,67.0
637328794519765588,Modern CBD Sleep 5•FreePark•Te Pae•Twn Hall•Casino,461462003,Aimee,Christchurch City,Central Ward,-43.52644,172.63474,Entire home/apt,229.0,2.0,228,2026-08-10,4.48,2,59,32,,2026-5,2026-09-17,38.0
684181385138500939,Incredible luxury 3 floors Townhouse High Ceiling,86216394,Min,Christchurch City,Central Ward,-43.53307,172.64968,Entire home/apt,236.0,1.0,180,2026-07-07,3.7,42,102,30,,2026-5,2026-09-17,72.0
40864065,Secure City Center Apartment close to attractions,318078169,Matthew,Christchurch City,Central Ward,-43.53413,172.6304,Entire home/apt,312.0,2.0,32,2026-06-05,0.4,1,20,13,,2026-5,2026-09-17,104.0
1618627299889362142,2 bedroom townhouse with parking near One NZ,164215520,Stacey,Christchurch City,Central Ward,-43.53206,172.65088,Entire home/apt,396.0,2.0,0,,,1,316,0,,2026-5,2026-09-17,
1237458129629985716,Deluxe 4-Bedroom CBD Apartment with Pool & Parking,682808597,Devon,Christchurch City,Central Ward,-43.52249,172.63434,Entire home/apt,368.0,1.0,123,2026-08-11,5.42,28,209,60,,2026-5,2026-09-17,37.0
1491959718988062705,Modern 3-Level City Apartment Prime Cashel Street,714593025,Lucky,Christchurch City,Central Ward,-43.5333919,172.6497471,Entire home/apt,196.0,1.0,4,2026-03-11,0.34,1,47,4,,2026-5,2026-09-17,190.0
1168531571545483689,Haka House - Twin room,565751605,Haka House Hostel Christchurch,Christchurch City,Central Ward,-43.53221804976927,172.6298845607308,Private room,128.0,1.0,16,2026-02-12,0.63,10,362,3,,2026-5,2026-09-17,217.0
1603172976133930022,"City Calm Retreat – 2BR, 2BA, Free Parking",49642171,Lily-SimplyHost,Christchurch City,Central Ward,-43.5259716,172.6308046,Entire home/apt,280.0,1.0,21,2026-08-09,3.32,97,202,21,,2026-5,2026-09-17,39.0
1701132017388470816,Urban Haven on Moorhouse Avenue,331763232,Managed By Williams,Christchurch City,Central Ward,-43.54071,172.63371,Entire home/apt,172.0,1.0,1,2026-07-16,1.0,165,354,1,,2026-5,2026-09-17,63.0
21315101,"Comfortable, Contemporary City Space",2185000,Jo,Christchurch City,Central Ward,-43.52336,172.63215,Entire home/apt,301.0,1.0,497,2026-07-24,4.69,5,202,46,,2026-5,2026-09-17,55.0
1161175939805444097,En-suite Queen Bed - Close to City,148561087,Xuejiao,Christchurch City,Central Ward,-43.54624,172.62257,Private room,112.0,1.0,48,2025-07-09,1.77,1,17,0,,2026-5,2026-09-17,435.0
1282422245269327774,Modern CBD 3-BRM Townhouse|3 Ensuites|Free Carpark,43367626,Sharon,Christchurch City,Central Ward,-43.5321361,172.6478268,Entire home/apt,380.0,1.0,36,2026-07-07,1.69,18,125,10,,2026-5,2026-09-17,72.0
1640903816448604294,Stadium Stays | Walk to Little High Eatery,482671075,Care Property Stays,Christchurch City,Central Ward,-43.5371788,172.6478091,Entire home/apt,162.0,1.0,19,2026-08-05,4.32,184,243,19,,2026-5,2026-09-17,43.0
969743325706341789,Garden City Townhouse | Balcony + Te Pae Walk,482671075,Care Property Stays,Christchurch City,Central Ward,-43.5358055,172.6321233,Entire home/apt,233.0,1.0,54,2026-08-06,1.54,184,225,15,,2026-5,2026-09-17,42.0
913989370589927668,"Large trendy 3 Bedroom Residence, Central City",482671075,Care Property Stays,Christchurch City,Central Ward,-43.5335761,172.6495891,Entire home/apt,265.0,1.0,64,2026-07-12,1.67,184,196,9,,2026-5,2026-09-17,67.0
1075046067944166730,3 mins to Hagley Park 3 minutes to Hospital & CBD,653716932,Harper,Christchurch City,Central Ward,-43.53845,172.62569,Entire home/apt,230.0,1.0,79,2026-06-06,2.83,1,329,31,,2026-5,2026-09-17,103.0
948780917173189019,Inner City Luxury Apartment,24205506,"Mayie, Judi And Karen At Bookahome",Christchurch City,Central Ward,-43.52968,172.64274,Entire home/apt,232.0,2.0,85,2026-07-26,2.32,81,302,15,,2026-5,2026-09-17,53.0
1543809343660091313,Chic 1-Bedroom Apartment with Balcony in Ferry Rd,331763232,Managed By Williams,Christchurch City,Central Ward,-43.5371788,172.6478091,Entire home/apt,206.0,1.0,16,2026-07-13,1.91,165,153,16,,2026-5,2026-09-17,66.0
1601138570222657952,Refined Luxury Retreat with Premium Comforts.,45768555,Hasslefree Accommodation,Christchurch City,Central Ward,-43.52962,172.64327,Entire home/apt,352.0,1.0,15,2026-07-05,2.22,65,351,15,,2026-5,2026-09-17,74.0
1149522022727834110,Retro Retreat in Christchurch,125757390,KTD Property Services Ltd,Christchurch City,Central Ward,-43.5453525,172.622706,Entire home/apt,217.0,1.0,92,2026-07-20,3.54,7,102,52,,2026-5,2026-09-17,59.0
1683615709706415379,Te Kaha Stay | Sleeps 3 |,49642171,Lily-SimplyHost,Christchurch City,Linwood Ward,-43.54159331923404,172.65743875132551,Entire home/apt,211.0,1.0,4,2026-07-24,1.32,97,257,4,,2026-5,2026-09-17,55.0
1148354643137113718,Spacious 2BR Apartment in Kilmore Street,331763232,Managed By Williams,Christchurch City,Central Ward,-43.5264325,172.6467363,Entire home/apt,258.0,1.0,30,2026-07-13,1.1,165,152,17,,2026-5,2026-09-17,66.0
1678059698788003483,Luxury 3-Level Townhouse by Te Kaha Stadium,49642171,Lily-SimplyHost,Christchurch City,Central Ward,-43.533914999870234,172.648505307734,Entire home/apt,306.0,1.0,6,2026-08-03,2.37,97,314,6,,2026-5,2026-09-17,45.0
1385047547585617093,Bright and Spacious 2BR near Ara Institute and CBD,551181197,Paula Kat Charlotte,Christchurch City,Linwood Ward,-43.543107,172.6587562,Entire home/apt,211.0,1.0,47,2026-08-10,2.86,177,235,35,,2026-5,2026-09-17,38.0
1686774065915756023,Christchurch Central,50488277,Ged,Christchurch City,Central Ward,-43.5392006,172.6344385,Entire home/apt,230.0,2.0,0,,,6,243,0,,2026-5,2026-09-17,
1340107617715755154,"Cosy , comfy, and convenient!",46078731,Eve,Christchurch City,Heathcote Ward,-43.54677110000001,172.6502279,Private room,53.0,1.0,67,2026-08-06,3.61,1,52,45,,2026-5,2026-09-17,42.0
1269103559549577036,Urban Escape | Winter Specials + Prime Location,24205506,"Mayie, Judi And Karen At Bookahome",Christchurch City,Central Ward,-43.52221,172.64267,Entire home/apt,197.0,2.0,31,2026-07-13,1.48,81,180,24,,2026-5,2026-09-17,66.0
18899315,CBD Loft Style Apartment with Free Valet Parking,98868319,Nicole & Shane,Christchurch City,Central Ward,-43.52952,172.63951,Entire home/apt,431.0,1.0,459,2026-07-05,4.15,2,55,39,,2026-5,2026-09-17,74.0
1635097223808150431,Peaceful City Townhouse | 2 Bed+ Private Car Park,482671075,Care Property Stays,Christchurch City,Central Ward,-43.5217038,172.6386014,Entire home/apt,257.0,1.0,11,2026-08-07,2.13,184,257,11,,2026-5,2026-09-17,41.0
962555353123555014,Central City Escape 1 Bed 1 Bath near Hagley Park,482671075,Care Property Stays,Christchurch City,Central Ward,-43.5275504,172.6320743,Entire home/apt,194.0,1.0,198,2026-08-08,5.47,184,251,38,,2026-5,2026-09-17,40.0
1664017360730579813,Beautiful Villa near city with Pool,682808597,Devon,Christchurch City,Central Ward,-43.52244,172.65032,Entire home/apt,330.0,1.0,9,2026-08-07,3.8,28,293,9,,2026-5,2026-09-17,41.0
1365672020490142765,Bright CBD Twin Studio | Balcony + Parking,551181197,Paula Kat Charlotte,Christchurch City,Central Ward,-43.52795581744982,172.64272085804907,Entire home/apt,267.0,1.0,1,2025-12-14,0.12,177,243,1,,2026-5,2026-09-17,277.0
1741583047044928154,Modern Upstairs Apartment by Avon River,6243336,Troy,Christchurch City,Central Ward,-43.52403421544209,172.6515585636849,Private room,199.0,1.0,0,,,1,332,0,,2026-5,2026-09-17,
1237461871144490811,"Prime Top-Floor Apartment, Pool, Gym, Walk to City",682808597,Devon,Christchurch City,Central Ward,-43.5215,172.63469,Entire home/apt,350.0,1.0,103,2026-08-11,4.5,28,220,54,,2026-5,2026-09-17,37.0
1667972692612933892,"Bee cosy on Hereford, with city buzz minutes away!",239891044,Wayne,Christchurch City,Central Ward,-43.53219751086446,172.65408920000002,Entire home/apt,265.0,1.0,35,2026-08-10,10.82,1,44,35,,2026-5,2026-09-17,38.0
42628956,Central Location New Luxury Secure Park 3 Mins CBD,45768555,Hasslefree Accommodation,Christchurch City,Central Ward,-43.53006,172.64348,Entire home/apt,220.0,1.0,172,2026-08-06,2.21,65,285,8,,2026-5,2026-09-17,42.0
1614745917774010166,Classic Charm Meets Modern Comfort +parking,482671075,Care Property Stays,Christchurch City,Central Ward,-43.5233087,172.6362476,Entire home/apt,211.0,1.0,16,2026-07-25,2.57,184,252,16,,2026-5,2026-09-17,54.0
1745256859127312651,Peaceful Family CBD Stay w/ Car Park + EV charger,482671075,Care Property Stays,Christchurch City,Central Ward,-43.5300049,172.65168,Entire home/apt,259.0,1.0,0,,,184,239,0,,2026-5,2026-09-17,
1691064438716213479,Brand New One Bedroom Retreat on Moorhouse,331763232,Managed By Williams,Christchurch City,Central Ward,-43.53853,172.63374,Entire home/apt,183.0,1.0,3,2026-07-17,1.36,165,271,3,,2026-5,2026-09-17,62.0
1406920693339031750,CBD 2 Bed 2 Bath + 2 Covered Car Parks,58384829,Andrée,Christchurch City,Central Ward,-43.52931384153877,172.63193903956537,Entire home/apt,309.0,1.0,27,2026-08-06,2.03,2,108,26,,2026-5,2026-09-17,42.0
54306761,Studio 294.  Inner City Oasis,111997739,Gabrielle,Christchurch City,Central Ward,-43.53066,172.64841,Private room,161.0,1.0,192,2026-07-18,3.65,2,157,28,,2026-5,2026-09-17,61.0
1279376999966221865,Discover Central City: 4 Bed Retreat,482671075,Care Property Stays,Christchurch City,Central Ward,-43.53228204730403,172.6447432619524,Entire home/apt,759.0,1.0,32,2026-08-07,1.65,184,209,23,,2026-5,2026-09-17,41.0
1424965058365833895,CBD 2 Bed 2 Bath Luxury Gem With Car Park,49642171,Lily-SimplyHost,Christchurch City,Central Ward,-43.52471263829909,172.64018322428808,Entire home/apt,249.0,1.0,15,2026-05-15,1.11,97,309,13,,2026-5,2026-09-17,125.0
1570629833945918767,Stylish 3BR Townhouse with Garage,482671075,Care Property Stays,Christchurch City,Central Ward,-43.5296292,172.650212,Entire home/apt,300.0,1.0,40,2026-08-07,5.15,184,210,40,,2026-5,2026-09-17,41.0
1029332951446559457,Funky Central City Apartment,55752053,Kendra,Christchurch City,Central Ward,-43.5311796,172.6445883,Entire home/apt,247.0,1.0,57,2026-08-03,1.79,2,10,27,,2026-5,2026-09-17,45.0
1422675197426864775,City Centre Comfort – 3BR Townhouse with Parking,96125711,Guy,Christchurch City,Central Ward,-43.5241646,172.635356,Entire home/apt,317.0,2.0,12,2026-07-05,1.05,1,151,12,,2026-5,2026-09-17,74.0
1411206770883490560,Designer Urban Escape | Stylish City Comfort,24205506,"Mayie, Judi And Karen At Bookahome",Christchurch City,Central Ward,-43.52885,172.63041,Entire home/apt,325.0,2.0,20,2026-04-27,1.37,81,269,18,,2026-5,2026-09-17,143.0
1532938144409872414,Central City Apartment With Lock Up Garage,659502893,Tina,Christchurch City,Central Ward,-43.5262548,172.6367827,Entire home/apt,221.0,1.0,1,2026-04-27,0.27,4,88,1,,2026-5,2026-09-17,143.0
47803376,Classic Triple Room,270614463,Samuel William,Christchurch City,Central Ward,-43.53155,172.62862,Private room,130.0,1.0,91,2026-05-31,1.55,14,341,12,,2026-5,2026-09-17,109.0
1546096104251655459,Windsor Apartments - A little luxury in the city,47751746,Trish,Christchurch City,Central Ward,-43.528780222815584,172.63100301163942,Entire home/apt,428.0,2.0,10,2026-04-26,1.48,1,287,10,,2026-5,2026-09-17,144.0
1593084320768476865,Parkview CBD Townhouse • 2 Ensuites •Sunny Balcony,131587937,Kaylene,Christchurch City,Central Ward,-43.53122498970603,172.64072577698803,Entire home/apt,425.0,2.0,0,,,1,108,0,,2026-5,2026-09-17,
1512134401450688780,Cozy Studio with Private Yard in Christchurch CBD,331763232,Managed By Williams,Christchurch City,Central Ward,-43.5373844,172.6477845,Entire home/apt,188.0,1.0,12,2026-07-16,1.14,165,321,12,,2026-5,2026-09-17,63.0
1490147066012551024,Cosy Central City Studio,659502893,Tina,Christchurch City,Central Ward,-43.526235,172.63677,Entire home/apt,199.0,1.0,13,2026-05-16,1.24,4,96,13,,2026-5,2026-09-17,124.0
51272456,Exceptional Value For Money Sunny Warm 5 Mins CBD,45768555,Hasslefree Accommodation,Christchurch City,Central Ward,-43.52602,172.63889,Entire home/apt,205.0,1.0,157,2026-07-23,2.63,65,287,8,,2026-5,2026-09-17,56.0
1682955593153654210,City Fringe Townhouse | Deck + Free Parking,482671075,Care Property Stays,Christchurch City,Linwood Ward,-43.544,172.65762,Entire home/apt,246.0,1.0,6,2026-06-20,2.0,184,262,6,,2026-5,2026-09-17,89.0
1443909684573158439,Cozy 1 BR 1 Bathroom studio,211195948,Jenny,Christchurch City,Central Ward,-43.53804,172.63305,Entire home/apt,175.0,1.0,24,2026-07-23,1.78,19,251,23,,2026-5,2026-09-17,56.0
1210372690272864591,Warm Central City Apartment w/ 2 Free Carparks,551181197,Paula Kat Charlotte,Christchurch City,Central Ward,-43.52693,172.63807,Entire home/apt,268.0,1.0,66,2026-07-29,2.71,177,230,36,,2026-5,2026-09-17,50.0
1039352271020081872,Gem one bedroom townhouse in CBD,211195948,Jenny,Christchurch City,Central Ward,-43.53406,172.65034,Entire home/apt,219.0,1.0,60,2026-07-05,1.84,19,249,30,,2026-5,2026-09-17,74.0
1224861124176141142,Large townhouse. Lots of free parking!,37117323,Thomas,Christchurch City,Linwood Ward,-43.54169,172.65727,Entire home/apt,239.0,2.0,26,2026-07-18,1.12,1,337,9,,2026-5,2026-09-17,61.0
1491942413812254888,Cosy | Double | 10 minutes walk One NZ stadium,532142019,Tracy,Christchurch City,Central Ward,-43.53210591481822,172.6592943511919,Private room,92.0,1.0,18,2026-07-02,1.57,6,344,18,,2026-5,2026-09-17,77.0
860468148182845279,Stylish CBD Townhouse | 10 Min Walk to Stadium,131734373,Alicia,Christchurch City,Central Ward,-43.52324,172.64047,Entire home/apt,187.0,1.0,76,2026-06-20,1.87,10,279,21,,2026-5,2026-09-17,89.0
1083545545849121768,Chic 3-BR CBD Gem in Christchurch: Prime Location,551181197,Paula Kat Charlotte,Christchurch City,Central Ward,-43.5242973,172.6362563,Entire home/apt,288.0,1.0,46,2026-07-14,1.5,177,258,12,,2026-5,2026-09-17,65.0
1718474699177114514,City-Edge Boiler Precinct Stay,1718474181224146041,Stephanie,Christchurch City,Central Ward,-43.527351,172.6502186,Entire home/apt,200.0,1.0,16,2026-08-11,11.43,1,126,16,,2026-5,2026-09-17,37.0
1237454298561278822,"Chic City Escape | Sleeps 7 + Pool, Gym & 2 Parks",682808597,Devon,Christchurch City,Central Ward,-43.52231,172.63261,Entire home/apt,540.0,1.0,92,2026-08-08,4.01,28,233,46,,2026-5,2026-09-17,40.0
1538836196407808529,Stylish 2-Bedroom Home with Back Yard,331763232,Managed By Williams,Christchurch City,Central Ward,-43.5333043,172.6495622,Entire home/apt,271.0,1.0,30,2026-07-09,3.38,165,148,30,,2026-5,2026-09-17,70.0
856983923975882237,2 Bedroom Inner City Comfort and Style,49642171,Lily-SimplyHost,Christchurch City,Central Ward,-43.523634,172.6415444,Entire home/apt,230.0,1.0,86,2026-03-21,2.14,97,220,8,,2026-5,2026-09-17,180.0
1358873676828888139,Better than the rest - Central City Luxury,55203536,Helen,Christchurch City,Central Ward,-43.52642498950236,172.63987563550472,Entire home/apt,321.0,1.0,10,2026-03-09,0.73,3,226,8,,2026-5,2026-09-17,192.0
1486085195689795594,"Walk 2 Casino, town Hall, TePae, Free Carpark",43367626,Sharon,Christchurch City,Central Ward,-43.525457817331045,172.63298594392268,Entire home/apt,308.0,2.0,2,2025-11-28,0.2,18,37,2,,2026-5,2026-09-17,293.0
1032669932330012391,"Modern, Convenient, Central:  1 bedroom loft",482671075,Care Property Stays,Christchurch City,Central Ward,-43.5335979,172.6499267,Entire home/apt,171.0,1.0,145,2026-06-09,4.4,184,245,53,,2026-5,2026-09-17,100.0
1671339635809849613,Central City Stay | 1BR | Work Space + Courtyard,202585247,Ohana,Christchurch City,Central Ward,-43.52868353714206,172.64390690769582,Entire home/apt,259.0,1.0,6,2026-07-29,1.98,155,81,6,,2026-5,2026-09-17,50.0
1136634151113125967,Home Away! Early check in / FREE parking & Netflix,569637160,Mary,Christchurch City,Central Ward,-43.53067,172.65153,Entire home/apt,151.0,2.0,200,2026-08-13,7.21,1,129,86,,2026-5,2026-09-17,35.0
51313091,Relax Unwind Super Fast Internet,45768555,Hasslefree Accommodation,Christchurch City,Central Ward,-43.52152,172.64353,Entire home/apt,275.0,1.0,109,2026-07-08,1.83,65,268,14,,2026-5,2026-09-17,71.0
47225488,Comfy entire townhouse with enhanced cleaning,86216394,Min,Christchurch City,Central Ward,-43.52359,172.64247,Entire home/apt,176.0,1.0,222,2026-07-28,3.25,42,210,26,,2026-5,2026-09-17,51.0
1192191956903701597,Cozy Grey Garden-Walk to Central city-Free parking,584558161,Tiaki BnB,Christchurch City,Central Ward,-43.52674,172.63059,Entire home/apt,306.0,1.0,87,2026-07-26,3.42,8,129,42,,2026-5,2026-09-17,53.0
1668664440191300566,Central 1BR Apartment with Kitchen & Patio,202585247,Ohana,Christchurch City,Central Ward,-43.52888562817673,172.6421679693862,Entire home/apt,205.0,1.0,9,2026-07-23,2.93,155,53,9,,2026-5,2026-09-17,56.0
47803049,Classic Twin Room,270614463,Samuel William,Christchurch City,Central Ward,-43.53137,172.62907,Private room,120.0,1.0,16,2026-05-07,0.29,14,313,2,,2026-5,2026-09-17,133.0
1190928347343321833,Great Deals at New Upmarket Appt,45768555,Hasslefree Accommodation,Christchurch City,Central Ward,-43.53656,172.64898,Entire home/apt,301.0,1.0,35,2026-03-09,1.38,65,318,5,,2026-5,2026-09-17,192.0
1108145967495653385,Cityscape Studio: Explore Wilmer Living,551181197,Paula Kat Charlotte,Christchurch City,Central Ward,-43.5384637,172.6308677,Entire home/apt,146.0,1.0,62,2026-07-16,2.13,177,271,32,,2026-5,2026-09-17,63.0
27638717,Stadium Heights Christchurch 2 bed Stadium view,84042214,Karen & Paul,Christchurch City,Central Ward,-43.5359512,172.6485488,Entire home/apt,407.0,1.0,3,2025-07-06,0.15,1,306,0,,2026-5,2026-09-17,438.0
1389437636677602756,City-Fringe Gem • Chic Studio in Prime Location,551181197,Paula Kat Charlotte,Christchurch City,Central Ward,-43.5371788,172.6478091,Entire home/apt,158.0,1.0,37,2026-06-12,2.23,177,237,26,,2026-5,2026-09-17,97.0
47802378,Classic Single Room,270614463,Samuel William,Christchurch City,Central Ward,-43.53266,172.62805,Private room,115.0,1.0,68,2026-05-16,1.1,14,346,4,,2026-5,2026-09-17,124.0
1546207015654569182,Couples get away-Private Cinema-Games Room-Prkng,653922876,Majestic Stays,Christchurch City,Central Ward,-43.52866,172.65322,Entire home/apt,422.0,1.0,0,,,3,364,0,,2026-5,2026-09-17,
1324822923831313845,Whitewood Suites Apartment 1B,235559091,Nicki,Christchurch City,Central Ward,-43.52633,172.64239,Entire home/apt,234.0,1.0,2,2026-02-06,0.15,3,217,1,,2026-5,2026-09-17,223.0
1131415334367861083,Urban Gem in the CBD - Wilmer St Studio,482671075,Care Property Stays,Christchurch City,Central Ward,-43.5384944,172.6313989,Entire home/apt,175.0,1.0,157,2026-08-09,5.52,184,248,74,,2026-5,2026-09-17,39.0
1698831711578916532,Modern 3BR Retreat - Private Patio - Sleeps 6,202585247,Ohana,Christchurch City,Central Ward,-43.53178,172.64851,Entire home/apt,270.0,1.0,7,2026-07-30,5.0,155,108,7,,2026-5,2026-09-17,49.0
1014692451114184120,Central City Stay • 3 Beds • Free Site Parking,544317404,David,Christchurch City,Central Ward,-43.5246945,172.6436609,Entire home/apt,253.0,1.0,68,2026-06-19,2.02,1,169,18,,2026-5,2026-09-17,90.0
53224706,Quiet New Townhouse with Office Space easy park,86216394,Min,Christchurch City,Central Ward,-43.52702,172.64745,Entire home/apt,164.0,1.0,133,2026-08-05,2.32,42,199,20,,2026-5,2026-09-17,43.0
1715119631278878214,Serene CBD Stay | 2BR | Balcony + Laundry,202585247,Ohana,Christchurch City,Central Ward,-43.52480584313265,172.64399812023933,Entire home/apt,233.0,1.0,2,2026-07-18,1.82,155,101,2,,2026-5,2026-09-17,61.0
1527096073884298543,Zen Retreat. Stylish 2BR Townhouse + Free Parking,551181197,Paula Kat Charlotte,Christchurch City,Central Ward,-43.529565,172.6499055,Entire home/apt,243.0,1.0,48,2026-08-07,4.77,177,241,48,,2026-5,2026-09-17,41.0
48247285,Central City 2 Bedroom Apartment with easy carpark,389301058,Rod,Christchurch City,Central Ward,-43.52755,172.63247,Entire home/apt,200.0,2.0,104,2026-04-27,1.56,1,155,22,,2026-5,2026-09-17,143.0
1238901316488409116,Chic Studio in the Heart of Christchurch,551181197,Paula Kat Charlotte,Christchurch City,Central Ward,-43.5386495,172.6315049,Entire home/apt,184.0,1.0,23,2026-08-06,1.0,177,234,9,,2026-5,2026-09-17,42.0
1562888433916459752,Central 2BR Townhouse Close to Te Kaha Stadium,331763232,Managed By Williams,Christchurch City,Central Ward,-43.5311839,172.6404396,Entire home/apt,331.0,1.0,4,2026-07-18,0.72,165,117,4,,2026-5,2026-09-17,61.0
47814086,Studio Apartment,270614463,Samuel William,Christchurch City,Central Ward,-43.53146,172.62849,Private room,193.0,1.0,2,2024-02-11,0.04,14,278,0,,2026-5,2026-09-17,949.0
1399436726970049188,2BR City Townhouse walk to the Convention Centre,551181197,Paula Kat Charlotte,Christchurch City,Central Ward,-43.5257352,172.6358014,Entire home/apt,223.0,1.0,14,2026-07-21,0.87,177,247,10,,2026-5,2026-09-17,58.0
1048306929505766503,Sunny Oasis: Modern Loft Hidden on Cashel,311094794,Lulu,Christchurch City,Central Ward,-43.5335979,172.6499267,Entire home/apt,157.0,1.0,130,2026-07-17,4.07,1,88,46,,2026-5,2026-09-17,62.0
1562887830298005242,City Center Comfort in Manchester Street,331763232,Managed By Williams,Christchurch City,Central Ward,-43.53059224829136,172.6404995511152,Entire home/apt,311.0,1.0,4,2026-07-25,0.85,165,97,4,,2026-5,2026-09-17,54.0
872757238166910431,"Stadium Edge, Walk to Te Kaha + Free Parking",510730797,Kate,Christchurch City,Central Ward,-43.531563,172.6491831,Entire home/apt,316.0,1.0,57,2026-06-30,1.43,20,275,12,,2026-5,2026-09-17,79.0
1010663748636372391,Downtown Bliss - 4-BR Retreat Amidst the Cityscape,202585247,Ohana,Christchurch City,Central Ward,-43.535568,172.6318853,Entire home/apt,415.0,1.0,213,2026-08-02,6.28,155,101,59,,2026-5,2026-09-17,46.0
1271355594550288449,Stylish 3-Level Townhouse | 2BR+2BA | Walk to CBD,501222894,Marilyn,Christchurch City,Central Ward,-43.52526636966717,172.64576626326956,Entire home/apt,229.0,1.0,73,2026-07-13,3.37,5,349,27,,2026-5,2026-09-17,66.0
847521223991840944,City Park Townhouse,499424997,Casa,Christchurch City,Central Ward,-43.5375171,172.6250229,Entire home/apt,224.0,1.0,154,2026-06-27,3.71,2,258,23,,2026-5,2026-09-17,82.0
1254585743997250257,Summer Fun | Free Secure Parking | Pool | Gym,45768555,Hasslefree Accommodation,Christchurch City,Central Ward,-43.521296,172.6462444,Entire home/apt,302.0,1.0,8,2026-02-12,0.39,65,313,2,,2026-5,2026-09-17,217.0
1196163951514838737,Stylish and Sleek City Stay,365360819,Chao,Christchurch City,Central Ward,-43.5295225,172.6446653,Entire home/apt,212.0,1.0,3,2025-07-04,0.15,8,111,0,,2026-5,2026-09-17,440.0
1023403948678853875,Trinity Studio Apartment.,145619855,Brent,Christchurch City,Central Ward,-43.52953,172.64889,Entire home/apt,200.0,2.0,104,2026-07-09,3.17,2,307,32,,2026-5,2026-09-17,70.0
1385843102023163086,Two Units - 4 Bedrooms - 4 Bathrooms,55203536,Helen,Christchurch City,Central Ward,-43.52611527214027,172.63969608655037,Entire home/apt,957.0,1.0,2,2025-10-27,0.17,3,143,2,,2026-5,2026-09-17,325.0
1570705423587709422,Modern Christchurch Stay | Close to Stadium & CBD,559322845,Miriama,Christchurch City,Central Ward,-43.5260674,172.6413088,Entire home/apt,337.0,1.0,19,2026-07-11,2.44,1,176,19,,2026-5,2026-09-17,68.0
1300268306440922784,Prime Family 4 Bedroom Retreat Near Stadium & Cafe,551181197,Paula Kat Charlotte,Christchurch City,Central Ward,-43.5360637,172.6485723,Entire home/apt,494.0,1.0,9,2026-07-05,0.51,177,254,4,,2026-5,2026-09-17,74.0
1501351388325866613,Urban Stays Christchurch Central | Te Kaha Stadium,198432532,Mini & Jay,Christchurch City,Central Ward,-43.5318548,172.6479042,Entire home/apt,214.0,1.0,54,2026-07-31,4.97,1,143,54,,2026-5,2026-09-17,48.0
547923718619174506,Riverside Retreat | Central City + Parking,442122929,Faye,Christchurch City,Central Ward,-43.53472,172.63009,Entire home/apt,353.0,1.0,180,2026-08-10,3.27,1,120,31,,2026-5,2026-09-17,38.0
1661857044489178275,Boutique on Melrose,55032802,Jeremy,Christchurch City,Central Ward,-43.5222837,172.6447822,Entire home/apt,206.0,3.0,4,2026-07-11,1.0,3,341,4,,2026-5,2026-09-17,68.0
1222099981111600540,"CBD Luxury Homes: Near Cafes, Hagley Park, River",482671075,Care Property Stays,Christchurch City,Central Ward,-43.5373725,172.6253013,Entire home/apt,422.0,1.0,35,2026-06-14,1.48,184,146,8,,2026-5,2026-09-17,95.0
1109159113149884646,Chic City Pad – Studio on Wilmer Street,331763232,Managed By Williams,Christchurch City,Central Ward,-43.53901,172.63031,Entire home/apt,199.0,1.0,96,2026-04-13,3.25,165,237,31,,2026-5,2026-09-17,157.0
634098944161725542,Central Stay – Sleeps 5 | Walk to Te Pae & Casino,202585247,Ohana,Christchurch City,Central Ward,-43.5261141,172.6337774,Entire home/apt,219.0,1.0,405,2026-08-02,7.94,155,191,76,,2026-5,2026-09-17,46.0
958313026752690956,3BR/4BA Townhouse • Sleeps 7 • Parking • Games,202585247,Ohana,Christchurch City,Central Ward,-43.535568,172.6318853,Entire home/apt,308.0,1.0,213,2026-08-08,5.88,155,121,53,,2026-5,2026-09-17,40.0
1609155175453419944,Central 2BR Townhouse with Private Yard,331763232,Managed By Williams,Christchurch City,Central Ward,-43.5322883,172.6494299,Entire home/apt,292.0,1.0,11,2026-07-18,1.85,165,308,11,,2026-5,2026-09-17,61.0
19368617,Private Room - Central City Pad,58384829,Andrée,Christchurch City,Central Ward,-43.52489,172.63005,Private room,103.0,1.0,60,2026-05-30,0.54,2,51,2,,2026-5,2026-09-17,110.0
1648295567567452828,Central 2 Bedroom Townhouse with Private Yard,331763232,Managed By Williams,Christchurch City,Central Ward,-43.5243982,172.6363598,Entire home/apt,215.0,1.0,6,2026-07-18,1.28,165,296,6,,2026-5,2026-09-17,61.0
1543725190101851414,City convenient meets cozy comfort,178727740,Viki,Christchurch City,Riccarton Ward,-43.53379289999999,172.602115,Private room,,2.0,4,2026-01-21,0.43,3,0,4,,2026-5,2026-09-17,239.0
946007408282173327,Modern Townhouse Cashel Street 2 bed 2 bath,482671075,Care Property Stays,Christchurch City,Central Ward,-43.5335761,172.6495891,Entire home/apt,224.0,1.0,42,2026-08-03,1.14,184,254,7,,2026-5,2026-09-17,45.0
23258663,Much more than a hotel!  Central city location.,137200167,Emma,Christchurch City,Central Ward,-43.52916,172.64957,Entire home/apt,323.0,1.0,120,2026-04-26,1.36,2,132,6,,2026-5,2026-09-17,144.0
1562886837617421541,2 Bedroom Delight near Te Kaha Stadium,331763232,Managed By Williams,Christchurch City,Central Ward,-43.531678,172.6399434,Entire home/apt,248.0,1.0,13,2026-07-11,1.79,165,147,13,,2026-5,2026-09-17,68.0
1052497591187977012,"Single Level Studio, CBD Escape: King bed",551181197,Paula Kat Charlotte,Christchurch City,Central Ward,-43.5360956,172.63505,Entire home/apt,171.0,1.0,158,2026-08-01,4.95,177,212,76,,2026-5,2026-09-17,47.0
1246562665159753415,"Protea Getaway,
City Center new luxury Apartment",651211728,Johann,Christchurch City,Central Ward,-43.5322026,172.6399268,Entire home/apt,205.0,1.0,38,2026-05-31,1.81,3,257,22,,2026-5,2026-09-17,109.0
1158883105878776459,Location - Spacious Apartment in City Centre,45172785,The MAC Property Team,Christchurch City,Central Ward,-43.5340324,172.6425015,Entire home/apt,202.0,1.0,82,2026-07-19,3.06,46,335,41,,2026-5,2026-09-17,60.0
1178016017740289440,Inner City Executive Apartment with EV Parking,24205506,"Mayie, Judi And Karen At Bookahome",Christchurch City,Central Ward,-43.53275,172.641,Entire home/apt,226.0,2.0,79,2026-07-29,3.1,81,311,46,,2026-5,2026-09-17,50.0
1705689885013508307,Modern City Apartment near South city,733469506,Sunil,Christchurch City,Central Ward,-43.54020961799376,172.63488850982836,Entire home/apt,238.0,1.0,10,2026-08-12,6.12,1,144,10,,2026-5,2026-09-17,36.0
1649700250884856598,"City Apartment Steps from city, free parking",455880067,Gareth,Christchurch City,Central Ward,-43.53556355626967,172.63543894299167,Entire home/apt,230.0,1.0,12,2026-08-08,2.88,1,216,12,,2026-5,2026-09-17,40.0
1654099306107091573,Modern 1BR Apartment Manchester Street CBD,331763232,Managed By Williams,Christchurch City,Central Ward,-43.531678,172.6399434,Entire home/apt,177.0,1.0,2,2026-04-24,0.48,165,349,2,,2026-5,2026-09-17,146.0
714704241562367821,"Fantastic location in CBD, Walk to Stadium",27424928,Josie,Christchurch City,Central Ward,-43.5369355,172.6380263,Entire home/apt,163.0,1.0,215,2026-08-08,4.56,1,152,58,,2026-5,2026-09-17,40.0
1101948913943144152,Private Ensuite Room,343719458,Andrés,Christchurch City,Central Ward,-43.53708,172.64726,Private room,103.0,1.0,178,2026-05-29,7.01,1,114,65,,2026-5,2026-09-17,111.0
1150281934771349135,CBD Studio | Walk Te Pae & Stadium + Parking,40726446,Sarah,Christchurch City,Central Ward,-43.53066099999999,172.6385368,Entire home/apt,173.0,1.0,61,2026-07-31,2.26,4,238,18,,2026-5,2026-09-17,48.0
1186205375741916298,Chic and Contemporary Living at Cambridge Terrace,202585247,Ohana,Christchurch City,Central Ward,-43.5274687,172.639466,Entire home/apt,249.0,1.0,217,2026-08-10,8.43,155,103,91,,2026-5,2026-09-17,38.0
1232944219394792470,Santorini Sunset Haven,551181197,Paula Kat Charlotte,Christchurch City,Central Ward,-43.5386214,172.6325104,Entire home/apt,140.0,1.0,132,2026-08-04,5.89,177,250,87,,2026-5,2026-09-17,44.0
1214596037031129645,Warm CHCH Apartment: Park View & Garage Parking,551181197,Paula Kat Charlotte,Christchurch City,Central Ward,-43.5222,172.64479,Entire home/apt,284.0,1.0,24,2026-06-09,1.17,177,236,16,,2026-5,2026-09-17,100.0
1554029702919410161,Cozy Central Loft | Walk to CBD & Stadium,202585247,Ohana,Christchurch City,Central Ward,-43.5332355,172.649956,Entire home/apt,177.0,1.0,28,2026-07-17,3.26,155,348,28,,2026-5,2026-09-17,62.0
1614244034479940960,Premium 2BR Apartment Near Stadium + Parking,24205506,"Mayie, Judi And Karen At Bookahome",Christchurch City,Central Ward,-43.53306212905373,172.64327750600043,Entire home/apt,205.0,2.0,8,2026-07-21,1.34,81,331,8,,2026-5,2026-09-17,58.0
53206741,Sunny 2BR City Pad Free Parking + Walk to CBD,189822451,Shaun,Christchurch City,Central Ward,-43.52579,172.64802,Entire home/apt,284.0,1.0,209,2026-04-10,3.71,3,107,36,,2026-5,2026-09-17,160.0
925137482870991706,Large townhouse. Garage. Full kitchen & dining,82592386,Mike,Christchurch City,Linwood Ward,-43.54193,172.65695,Entire home/apt,238.0,2.0,116,2026-07-27,3.06,1,307,12,,2026-5,2026-09-17,52.0
1360304618422114506,Sunny Studio Haven in Central Christchurch,331763232,Managed By Williams,Christchurch City,Central Ward,-43.5386481,172.6323424,Entire home/apt,160.0,1.0,43,2026-07-16,2.45,165,245,35,,2026-5,2026-09-17,63.0
1105901926245263693,Modern Abode in Central Location,26374222,Georgina,Christchurch City,Central Ward,-43.52669,172.63046,Entire home/apt,364.0,1.0,100,2026-07-25,3.46,1,247,61,,2026-5,2026-09-17,54.0
45930898,Luxury Sunny Warm CBD At Doorstep.,45768555,Hasslefree Accommodation,Christchurch City,Central Ward,-43.53105,172.6442,Entire home/apt,215.0,1.0,246,2026-07-11,3.49,65,300,29,,2026-5,2026-09-17,68.0
885255595236207867,A place for you to relax,513242724,Daniel,Christchurch City,Central Ward,-43.53077,172.6586,Private room,117.0,1.0,40,2026-02-28,1.02,1,275,3,,2026-5,2026-09-17,201.0
1005192445168070318,Modern CBD retreat with parking and courtyard,72194360,Breidi,Christchurch City,Central Ward,-43.5214297,172.6443499,Entire home/apt,347.0,2.0,165,2026-05-23,4.98,10,159,47,,2026-5,2026-09-17,117.0
1356429096737436331,Luxury King Studio with Spa and Private Carpark,482671075,Care Property Stays,Christchurch City,Central Ward,-43.52479124662882,172.64316612234077,Entire home/apt,189.0,1.0,86,2026-07-16,4.76,184,252,44,,2026-5,2026-09-17,63.0
43671139,"LUX inner city, apartment with stunning park views",70424460,Erin,Christchurch City,Central Ward,-43.53952,172.62204,Entire home/apt,153.0,2.0,158,2026-08-10,2.1,1,46,38,,2026-5,2026-09-17,38.0
38878251,Modern Central  City 4 Bedroom Townhouse,239600018,Nathalie Eugenie,Christchurch City,Central Ward,-43.52509,172.64206,Entire home/apt,577.0,2.0,108,2026-07-05,1.34,2,296,14,,2026-5,2026-09-17,74.0
32166764,Luxury new 3 bedroom house in central city 5 star,124807546,Simone,Christchurch City,Central Ward,-43.52678,172.64735,Entire home/apt,617.0,2.0,37,2026-04-19,0.45,1,198,10,,2026-5,2026-09-17,151.0
1563992852536414245,Cozy & Convenient,155059446,Gemma Nicole,Christchurch City,Central Ward,-43.538931079096265,172.62850235277864,Entire home/apt,118.0,2.0,27,2026-08-03,3.48,2,219,27,,2026-5,2026-09-17,45.0
1414057404185454607,Stylish Central Cottage | Modern Heating & Parking,202585247,Ohana,Christchurch City,Central Ward,-43.52748,172.64741,Entire home/apt,250.0,1.0,80,2026-08-09,5.24,155,128,75,,2026-5,2026-09-17,39.0
1443840693036867004,Corporate-Chic CBD stay,124460926,Melanie,Christchurch City,Central Ward,-43.5229487,172.6369111,Entire home/apt,214.0,1.0,7,2026-02-23,0.52,1,352,5,,2026-5,2026-09-17,206.0
1578701913487591238,Central City House with Garage | Walk to Stadium,551181197,Paula Kat Charlotte,Christchurch City,Central Ward,-43.53171,172.64863,Entire home/apt,232.0,1.0,51,2026-08-04,6.62,177,152,51,,2026-5,2026-09-17,44.0
1647469113587271705,Pet-Friendly Central Christchurch Hideaway,49642171,Lily-SimplyHost,Christchurch City,Central Ward,-43.52849102250281,172.64397127670105,Entire home/apt,231.0,1.0,8,2026-07-09,2.0,97,333,8,,2026-5,2026-09-17,70.0
865332411397762760,1 Bedroom Central City Escape,482671075,Care Property Stays,Christchurch City,Central Ward,-43.5261163,172.6422883,Entire home/apt,172.0,1.0,71,2026-07-24,1.8,184,269,28,,2026-5,2026-09-17,55.0
1635910939556591698,"Stroll to the Stadium, 2-Bed with Private Carpark",482671075,Care Property Stays,Christchurch City,Central Ward,-43.5323134,172.6414899,Entire home/apt,235.0,1.0,12,2026-08-05,2.29,184,191,12,,2026-5,2026-09-17,43.0
1208208241793459542,Stadium Walk Apartment | City Centre + Parking,551181197,Paula Kat Charlotte,Christchurch City,Central Ward,-43.53184,172.65058,Entire home/apt,229.0,1.0,8,2025-03-16,0.33,177,271,0,,2026-5,2026-09-17,550.0
1192171255946145147,One Central  Bedford Terraces in City Christchurch,584330286,Cheryl,Christchurch City,Central Ward,-43.53367,172.64242,Entire home/apt,258.0,2.0,49,2026-02-06,2.0,1,110,6,,2026-5,2026-09-17,223.0
1541694856303189163,Christchurch City Stadium Apartment,726228554,Shaan,Christchurch City,Central Ward,-43.53246024394559,172.6491503790021,Entire home/apt,150.0,1.0,62,2026-08-11,6.64,1,138,62,,2026-5,2026-09-17,37.0
1016341930413354643,2 min walk to the Riverside Market & City Centre,462294007,Yi,Christchurch City,Central Ward,-43.53578,172.63264,Entire home/apt,230.0,1.0,103,2026-07-27,3.07,1,168,33,,2026-5,2026-09-17,52.0
1157706703110761174,New 300m/4 min walk Te Kaha One NZ Stadium carpark,63355504,Molly,Christchurch City,Central Ward,-43.53174,172.65073,Entire home/apt,231.0,1.0,26,2026-08-04,1.04,1,220,17,,2026-5,2026-09-17,44.0
1221387370022376826,Luxury CBD 2B/2B Townhouse - Walk to Stadium!,551181197,Paula Kat Charlotte,Christchurch City,Central Ward,-43.53567,172.64824,Entire home/apt,213.0,1.0,22,2026-05-31,0.91,177,269,12,,2026-5,2026-09-17,109.0
50731023,Chic City Living 1 bdrm Sunny Warm Close CBD,45768555,Hasslefree Accommodation,Christchurch City,Central Ward,-43.52533,172.64,Entire home/apt,238.0,1.0,144,2026-07-29,2.33,65,331,9,,2026-5,2026-09-17,50.0
27786771,Spacious centrally located - 7 Night special deals,24205506,"Mayie, Judi And Karen At Bookahome",Christchurch City,Central Ward,-43.52795,172.6289,Entire home/apt,290.0,2.0,101,2026-06-22,1.19,81,305,15,,2026-5,2026-09-17,87.0
1381689839247314770,Brand New 3BR Home with Parking,147777927,Venu,Christchurch City,Linwood Ward,-43.5417698,172.6598668,Entire home/apt,208.0,1.0,10,2026-08-07,0.74,4,210,9,,2026-5,2026-09-17,41.0
872901448582963487,The City's Best Kept Secret 2 Bed 2 Bath,482671075,Care Property Stays,Christchurch City,Central Ward,-43.5312859,172.6450051,Entire home/apt,338.0,1.0,47,2026-06-24,1.17,184,214,18,,2026-5,2026-09-17,85.0
1673584994290815525,Spacious CBD Family Townhouse | Stadium + Parking,482671075,Care Property Stays,Christchurch City,Central Ward,-43.5340777,172.6414874,Entire home/apt,369.0,1.0,10,2026-08-05,3.16,184,149,10,,2026-5,2026-09-17,43.0
1520710454999199711,Prime Spot Brand New Luxury 1 Bed Apartment.,721392505,Stephen,Christchurch City,Central Ward,-43.53188512540917,172.63993330299854,Entire home/apt,202.0,1.0,0,,,1,236,0,,2026-5,2026-09-17,
1658497286043188038,Chic and Comfy 1 Bedroom in Manchester Street,331763232,Managed By Williams,Christchurch City,Central Ward,-43.531678,172.6399434,Entire home/apt,217.0,1.0,3,2026-07-02,1.0,165,347,3,,2026-5,2026-09-17,77.0
1161315969902971985,Serene Spaces on Tuam - 2-Bedroom Apartment,202585247,Ohana,Christchurch City,Central Ward,-43.535478,172.6351439,Entire home/apt,,1.0,127,2026-08-08,4.74,155,0,53,,2026-5,2026-09-17,40.0
1603318204123854155,Modern City Base at Manchester Street,331763232,Managed By Williams,Christchurch City,Central Ward,-43.5312971,172.6399379,Entire home/apt,203.0,1.0,29,2026-07-23,4.39,165,91,29,,2026-5,2026-09-17,56.0
43582798,2 bedroom stadium apartment with car park,123463466,Tracey,Christchurch City,Central Ward,-43.5348,172.64281,Entire home/apt,223.0,2.0,210,2026-07-18,3.35,3,96,39,,2026-5,2026-09-17,61.0
1544684958330503063,Blissful Studio | Few Steps from City Life,171301265,Johnny,Christchurch City,Central Ward,-43.53883,172.63203,Entire home/apt,183.0,1.0,34,2026-07-04,3.83,1,4,34,,2026-5,2026-09-17,75.0
1399065642751097249,Luxury CBD 2Bed 2Bath + parking l Guest Favourite,49642171,Lily-SimplyHost,Christchurch City,Central Ward,-43.52742670346364,172.6387779882296,Entire home/apt,262.0,1.0,80,2026-08-11,5.19,97,255,72,,2026-5,2026-09-17,37.0
1281411573831034460,Urban Retreat: Modern Studio in Central City,56776059,Guadalupe,Christchurch City,Central Ward,-43.53900332253586,172.6356739550829,Entire home/apt,155.0,1.0,205,2026-08-09,9.76,1,112,95,,2026-5,2026-09-17,39.0
1115709439790182858,Quiet Central Studio – Wilmer Street Retreat,331763232,Managed By Williams,Christchurch City,Central Ward,-43.5384637,172.6308677,Entire home/apt,193.0,1.0,105,2026-07-29,3.59,165,232,41,,2026-5,2026-09-17,50.0
1733808356782949175,City Town House Karaka,245835178,Melanie,Christchurch City,Central Ward,-43.54533,172.62822,Private room,50.0,1.0,2,2026-07-30,2.0,4,34,2,,2026-5,2026-09-17,49.0
1226762811313584229,CBD Studio on Wilmer Upper floor,43367626,Sharon,Christchurch City,Central Ward,-43.53735012634002,172.6322152465582,Entire home/apt,206.0,1.0,11,2026-03-26,0.47,18,138,1,,2026-5,2026-09-17,175.0
848030318052097839,Stylish 2-Bedroom Haven Next to Hagley Park,482671075,Care Property Stays,Christchurch City,Central Ward,-43.53758,172.62521,Entire home/apt,234.0,1.0,54,2026-07-27,1.3,184,178,6,,2026-5,2026-09-17,52.0
1251677149998724920,"Eve Apartment | City Centre, Gym/Pool",81390838,Perfect Stays,Christchurch City,Central Ward,-43.53133,172.63846,Entire home/apt,436.0,1.0,42,2026-07-25,1.94,28,268,31,,2026-5,2026-09-17,54.0
1611255509354194875,Central 1BR Apartment with City Comfort,331763232,Managed By Williams,Christchurch City,Central Ward,-43.5312971,172.6399379,Entire home/apt,234.0,1.0,5,2026-07-14,0.79,165,300,5,,2026-5,2026-09-17,65.0
1665586586243057166,"Inner City Stay, Walk to Te Kaha + Free Parking",510730797,Kate,Christchurch City,Central Ward,-43.5341003,172.6423406,Entire home/apt,317.0,1.0,10,2026-07-19,2.7,20,279,10,,2026-5,2026-09-17,60.0
1663500253858342843,Freshly Styled 1 Bedroom in Manchester Street,331763232,Managed By Williams,Christchurch City,Central Ward,-43.531678,172.6399434,Entire home/apt,177.0,1.0,3,2026-07-05,0.8,165,364,3,,2026-5,2026-09-17,74.0
1589642105156423750,Freshly Styled 1BR Apartment near Te Kaha Stadium,331763232,Managed By Williams,Christchurch City,Central Ward,-43.5312971,172.6399379,Entire home/apt,203.0,1.0,7,2026-04-26,1.0,165,97,7,,2026-5,2026-09-17,144.0
1506875717116876955,Stadium Central 2– Modern CBD Stay w/ Secure Entry,24205506,"Mayie, Judi And Karen At Bookahome",Christchurch City,Central Ward,-43.5340324,172.6425015,Entire home/apt,182.0,2.0,6,2026-07-28,1.08,81,326,6,,2026-5,2026-09-17,51.0
1409638315797808430,Ōtautahi CHC •Walk to Town •KING Bed •Free Parking,598854641,Smart Staycation,Christchurch City,Central Ward,-43.537523,172.6384522,Entire home/apt,291.0,1.0,46,2026-08-09,3.09,8,310,33,,2026-5,2026-09-17,39.0
1741707619941619456,Luxury Central City Sub Penthouse,331763232,Managed By Williams,Christchurch City,Central Ward,-43.530592937036815,172.6389016288291,Entire home/apt,754.0,1.0,0,,,165,362,0,,2026-5,2026-09-17,
31150918,"Quality, modern,  sunny one bedroom apartment",232627620,Geoff,Christchurch City,Central Ward,-43.546379,172.646439,Entire home/apt,175.0,1.0,298,2026-08-10,3.23,3,205,33,,2026-5,2026-09-17,38.0
1141660163072505068,The McMahon Suite – Historic Charm in Central ChCh,331763232,Managed By Williams,Christchurch City,Central Ward,-43.5311402,172.6380291,Entire home/apt,627.0,1.0,23,2026-07-04,0.83,165,255,5,,2026-5,2026-09-17,75.0
1613449961067591633,Contemporary City Living on Manchester Street,331763232,Managed By Williams,Christchurch City,Central Ward,-43.5312971,172.6399379,Entire home/apt,217.0,1.0,2,2026-02-21,0.33,165,314,2,,2026-5,2026-09-17,208.0
1299436869218570363,Elegant Studio Living Near City Centre,551181197,Paula Kat Charlotte,Christchurch City,Central Ward,-43.5392668,172.6349548,Entire home/apt,161.0,1.0,23,2026-04-15,1.11,177,268,9,,2026-5,2026-09-17,155.0
1582306395928733634,Bright 2BR House: Steps Away from Te Kaha Stadium,331763232,Managed By Williams,Christchurch City,Central Ward,-43.5315149,172.639945,Entire home/apt,266.0,1.0,26,2026-07-16,3.44,165,132,26,,2026-5,2026-09-17,63.0
1562887831615564213,Modern 2BR Townhouse by Te Kaha Stadium,331763232,Managed By Williams,Christchurch City,Central Ward,-43.531884,172.640397,Entire home/apt,277.0,1.0,13,2026-07-17,2.14,165,144,13,,2026-5,2026-09-17,62.0
1619219992544967696,Fresh & Modern 1BR Stay in Manchester,331763232,Managed By Williams,Christchurch City,Central Ward,-43.5312971,172.6399379,Entire home/apt,217.0,1.0,7,2026-07-26,1.16,165,332,7,,2026-5,2026-09-17,53.0
24192833,Location Comfort Location!,4154366,Mary,Christchurch City,Central Ward,-43.52217,172.6269,Entire home/apt,439.0,1.0,95,2026-02-28,0.94,2,152,3,,2026-5,2026-09-17,201.0
47803217,Male Dormitory,270614463,Samuel William,Christchurch City,Central Ward,-43.53325,172.62746,Shared room,65.0,1.0,2,2025-02-14,0.06,14,321,0,,2026-5,2026-09-17,580.0
1686844751186692281,Quarters on Avon,53197355,Lisa,Christchurch City,Central Ward,-43.52773329826796,172.64011103100805,Entire home/apt,348.0,1.0,0,,,1,128,0,,2026-5,2026-09-17,
1238902076767199186,Modern 2-Bed 2-Bath CBD Apartment + Parking,49642171,Lily-SimplyHost,Christchurch City,Central Ward,-43.5261141,172.6337774,Entire home/apt,245.0,1.0,30,2026-08-09,1.35,97,349,8,,2026-5,2026-09-17,39.0
630015093442051567,"Free carpark! Walk to TePae, Townhall, Casino,Cafe",43367626,Sharon,Christchurch City,Central Ward,-43.52723,172.63301,Entire home/apt,357.0,1.0,166,2026-07-26,3.54,18,123,15,,2026-5,2026-09-17,53.0
1251769797777181412,Central Christchurch Apartment-Free Parking,584558161,Tiaki BnB,Christchurch City,Central Ward,-43.52553,172.63249,Entire home/apt,332.0,1.0,33,2026-07-05,1.46,8,163,20,,2026-5,2026-09-17,74.0
1235274828170022996,"Getaway on Manchester Street - Carpark, Central",551181197,Paula Kat Charlotte,Christchurch City,Central Ward,-43.5281,172.63989,Entire home/apt,277.0,1.0,58,2026-05-22,2.53,177,214,20,,2026-5,2026-09-17,118.0
1613449962033692164,Minimalist City Stay at Manchester Street,331763232,Managed By Williams,Christchurch City,Central Ward,-43.531678,172.6399434,Entire home/apt,217.0,1.0,5,2026-05-06,0.79,165,313,5,,2026-5,2026-09-17,134.0
1612753379586478612,Fresh Build City Retreat in Christchurch CBD,331763232,Managed By Williams,Christchurch City,Central Ward,-43.531678,172.6399434,Entire home/apt,232.0,1.0,4,2026-07-05,0.63,165,310,4,,2026-5,2026-09-17,74.0
1641729827665261732,Stylish Manchester Street City Stay,331763232,Managed By Williams,Christchurch City,Central Ward,-43.5312997,172.6399381,Entire home/apt,217.0,1.0,5,2026-06-21,1.22,165,332,5,,2026-5,2026-09-17,88.0
805115934551207032,2 Bedroom Central Christchurch Hub,482671075,Care Property Stays,Christchurch City,Central Ward,-43.5366847,172.6407056,Entire home/apt,213.0,1.0,84,2026-07-25,1.93,184,271,15,,2026-5,2026-09-17,54.0
1617556826589231695,Entire Stunning Apartment Accommodation in CBD,745299841,Wei,Christchurch City,Central Ward,-43.53229392877694,172.6390731676304,Entire home/apt,180.0,1.0,1,2026-02-27,0.18,1,294,1,,2026-5,2026-09-17,202.0
1226310652348871170,"City Sanctuary | City Centre, Sleeps 6",81390838,Perfect Stays,Christchurch City,Central Ward,-43.52962,172.64002,Entire home/apt,594.0,1.0,20,2026-04-15,0.88,28,313,9,,2026-5,2026-09-17,155.0
1613449959027447396,Fresh 1BR City Base on Manchester,331763232,Managed By Williams,Christchurch City,Central Ward,-43.531678,172.6399434,Entire home/apt,217.0,1.0,6,2026-04-28,0.98,165,294,6,,2026-5,2026-09-17,142.0
1300312004097829413,"Central City, Stylish Studio Living",482671075,Care Property Stays,Christchurch City,Central Ward,-43.538008644440296,172.6362209520908,Entire home/apt,199.0,1.0,136,2026-08-09,6.67,184,241,66,,2026-5,2026-09-17,39.0
1562887333886696381,1 Bedroom Central Apartment by Te Kaha Stadium,331763232,Managed By Williams,Christchurch City,Central Ward,-43.531678,172.6399434,Entire home/apt,229.0,1.0,11,2026-07-11,1.64,165,112,11,,2026-5,2026-09-17,68.0
1292263758806777818,The Family Quad,573074023,Drifter,Christchurch City,Central Ward,-43.53379303297666,172.6384355024,Private room,211.0,1.0,2,2026-04-02,0.33,13,351,2,,2026-5,2026-09-17,168.0
1417135422864774224,"Tuam St Stay - 1BR with Balcony, Bath",202585247,Ohana,Christchurch City,Central Ward,-43.53545,172.63539,Entire home/apt,191.0,1.0,80,2026-08-03,5.29,155,132,65,,2026-5,2026-09-17,45.0
1056783083626078009,Central ChCh | Walk to CBD & Riverside Market,551181197,Paula Kat Charlotte,Christchurch City,Central Ward,-43.5361789,172.6353027,Entire home/apt,227.0,1.0,50,2026-08-03,1.57,177,261,12,,2026-5,2026-09-17,45.0
1070750241106796779,Stylish 3BR City Apartment on St Asaph Street,331763232,Managed By Williams,Christchurch City,Central Ward,-43.5361789,172.6353027,Entire home/apt,274.0,1.0,86,2026-07-13,2.78,165,80,27,,2026-5,2026-09-17,66.0
1085966000704620213,Central 3BR Stay on St Asaph Street,331763232,Managed By Williams,Christchurch City,Central Ward,-43.5360956,172.63505,Entire home/apt,354.0,1.0,105,2026-07-25,3.44,165,46,27,,2026-5,2026-09-17,54.0
793630539431432974,Brand New CBD Stay | Next to Stadium.,94933806,Fiona,Christchurch City,Central Ward,-43.538,172.63939,Entire home/apt,240.0,1.0,103,2026-07-30,2.36,1,266,25,,2026-5,2026-09-17,49.0
1365573510524976081,Cozy 1BR Home in the Heart of Ferry Road,331763232,Managed By Williams,Christchurch City,Central Ward,-43.5372648,172.6477693,Entire home/apt,157.0,1.0,19,2026-07-19,1.1,165,195,16,,2026-5,2026-09-17,60.0
1547476632645091711,Character Villa - Family and pet friendly,56385395,Louise,Christchurch City,Fendalton Ward,-43.50517,172.62742,Entire home/apt,,3.0,8,2026-06-11,1.22,1,1,8,,2026-5,2026-09-17,98.0
1525967711399984459,The Park – Premium 2-Bedroom Apartment,39794487,Andy,Christchurch City,Innes Ward,-43.51231,172.64429,Entire home/apt,,2.0,3,2026-02-20,0.38,1,0,3,,2026-5,2026-09-17,209.0
1746808792053667144,Elegant City Retreat with Balcony,331763232,Managed By Williams,Christchurch City,Central Ward,-43.53205683646535,172.6402776969098,Entire home/apt,222.0,1.0,0,,,165,350,0,,2026-5,2026-09-17,
1548940432392643454,Modern City Apartment with Balcony in Christchurch,331763232,Managed By Williams,Christchurch City,Central Ward,-43.5377895,172.6413624,Entire home/apt,205.0,1.0,3,2026-01-03,0.38,165,309,3,,2026-5,2026-09-17,257.0
1184284101992536925,Stadium Side Boutique Apartment,125757390,KTD Property Services Ltd,Christchurch City,Central Ward,-43.5340835,172.6417548,Entire home/apt,281.0,1.0,63,2026-01-09,2.46,7,100,7,,2026-5,2026-09-17,251.0
1652507739305941585,Modern Studio | Christchurch CBD | Self Check-in,551181197,Paula Kat Charlotte,Christchurch City,Central Ward,-43.536187,172.6353027,Entire home/apt,171.0,1.0,5,2026-07-15,1.46,177,259,5,,2026-5,2026-09-17,64.0
1589642103299217579,Stylish 2BR Townhouse with Yard near Te Kaha,331763232,Managed By Williams,Christchurch City,Central Ward,-43.531885,172.6403492,Entire home/apt,234.0,1.0,13,2026-07-15,2.07,165,109,13,,2026-5,2026-09-17,64.0
1651941938881843132,Free carpark & stunning city apartment,741776205,Greystone Property Limited,Christchurch City,Central Ward,-43.531811156454594,172.6404914074548,Entire home/apt,224.0,1.0,8,2026-08-13,1.85,2,192,8,,2026-5,2026-09-17,35.0
1555286239248881546,Port Studio,8901401,Lucia,Christchurch City,Banks Peninsula Ward,-43.6017366146027,172.71617880982234,Entire home/apt,,2.0,13,2026-07-11,1.58,1,0,13,,2026-5,2026-09-17,68.0
1571512568181142395,"Comfort & serenity, just 20 min drive from the CBD",48882398,Michael,Christchurch City,Heathcote Ward,-43.5806572773388,172.7141771838069,Entire home/apt,,2.0,1,2026-01-11,0.14,1,0,1,,2026-5,2026-09-17,249.0
1062525801573252836,Saint Asaph Retreat | Walk to the CBD,551181197,Paula Kat Charlotte,Christchurch City,Central Ward,-43.5361789,172.6353027,Entire home/apt,253.0,1.0,108,2026-07-24,3.47,177,241,31,,2026-5,2026-09-17,55.0
1352333348150906506,Character Central,50488277,Ged,Christchurch City,Central Ward,-43.52998,172.63736,Entire home/apt,297.0,2.0,25,2026-07-15,1.51,6,182,23,,2026-5,2026-09-17,64.0
27201423,AMAZING HISTORIC CBD APT - CATHEDRAL & TRAM VIEWS,166878022,Michelle,Christchurch City,Central Ward,-43.53112,172.63803,Entire home/apt,283.0,1.0,421,2026-07-25,4.3,2,249,64,,2026-5,2026-09-17,54.0
929187095309978911,Unique NewYork loft apartment in Heritage Building,117503447,Liliana,Christchurch City,Central Ward,-43.53559,172.63696,Entire home/apt,272.0,1.0,128,2026-08-01,3.56,2,337,40,,2026-5,2026-09-17,47.0
1311108463025861056,City Center Sanctuary - 2BR with Carpark,551181197,Paula Kat Charlotte,Christchurch City,Central Ward,-43.5374563,172.6387642,Entire home/apt,237.0,1.0,57,2026-07-19,2.88,177,242,39,,2026-5,2026-09-17,60.0
1529546340709435554,The Welders Residence — 3 Bedroom With Garage,551181197,Paula Kat Charlotte,Christchurch City,Central Ward,-43.5365477,172.6384152,Entire home/apt,285.0,1.0,45,2026-08-09,4.59,177,263,45,,2026-5,2026-09-17,39.0
1416395046569655426,Stylish and Lush CBD Studio,331763232,Managed By Williams,Christchurch City,Central Ward,-43.5376872,172.6416822,Entire home/apt,169.0,1.0,35,2026-07-10,2.27,165,136,27,,2026-5,2026-09-17,69.0
1395263900138500438,"Top‑Floor Central Apartment - Sunny, Quiet, Balcon",202585247,Ohana,Christchurch City,Central Ward,-43.535478,172.6351439,Entire home/apt,226.0,1.0,81,2026-07-29,5.0,155,143,61,,2026-5,2026-09-17,50.0
1414908248791652124,CBD Gem - Studio on Allen Street,331763232,Managed By Williams,Christchurch City,Central Ward,-43.5378002,172.6416792,Entire home/apt,185.0,1.0,31,2026-07-28,2.71,165,83,31,,2026-5,2026-09-17,51.0
1236681721404043315,CBD Quiet Upstairs Studio Apartment,222511430,Arran And Annie,Christchurch City,Central Ward,-43.53872,172.63558,Entire home/apt,246.0,1.0,2,2025-04-28,0.1,1,129,0,,2026-5,2026-09-17,507.0
822548955530298991,The City Sanctuary,202585247,Ohana,Christchurch City,Central Ward,-43.5366847,172.6407056,Entire home/apt,385.0,1.0,257,2026-08-06,6.02,155,116,64,,2026-5,2026-09-17,42.0
1391782120729388881,Contemporary Studio Comfort – Bath Street Unit,331763232,Managed By Williams,Christchurch City,Central Ward,-43.5392668,172.6349548,Entire home/apt,145.0,1.0,20,2026-05-28,1.47,165,247,17,,2026-5,2026-09-17,112.0
1375610263960937171,Cozy Studio Retreat in Ferry Road,331763232,Managed By Williams,Christchurch City,Central Ward,-43.537251,172.6477124,Entire home/apt,170.0,1.0,16,2026-06-29,0.96,165,137,11,,2026-5,2026-09-17,80.0
855502585938146467,Entertainment Hub 2 bed 2 bath with Free Car park,482671075,Care Property Stays,Christchurch City,Central Ward,-43.5366847,172.6407056,Entire home/apt,254.0,1.0,201,2026-07-14,4.91,184,210,40,,2026-5,2026-09-17,65.0
1524258612709741351,Cosy entire home in Riccarton Mall,99772917,Fiorella,Christchurch City,Riccarton Ward,-43.534273380338135,172.60088232711627,Entire home/apt,,2.0,3,2026-03-01,0.34,2,0,3,,2026-5,2026-09-17,200.0
1507770108046584640,Accessible City Stay - Opposite Stadium,24205506,"Mayie, Judi And Karen At Bookahome",Christchurch City,Central Ward,-43.53451344322469,172.64319595853706,Entire home/apt,190.0,2.0,8,2026-07-14,0.76,81,281,8,,2026-5,2026-09-17,65.0
1585987555805994099,2 Bedroom Escape near Te Kaha Stadium,331763232,Managed By Williams,Christchurch City,Central Ward,-43.531678,172.6399434,Entire home/apt,291.0,1.0,24,2026-07-18,3.32,165,96,24,,2026-5,2026-09-17,61.0
1483494070662119962,"Sumner Beach Escape, 1 min walk",42064664,Gareth,Christchurch City,Heathcote Ward,-43.5720107,172.7635982,Entire home/apt,,2.0,31,2026-07-15,2.78,1,0,31,,2026-5,2026-09-17,64.0
687088072539794981,1 Bedroom Apartment Pool Car Park Cathedral Square,452062247,Cushla,Christchurch City,Central Ward,-43.53115,172.63809,Entire home/apt,286.0,1.0,260,2026-07-30,5.32,1,221,35,,2026-5,2026-09-17,49.0
1572781194394691775,Manchester Square Urban Stay – Easy To Everything,551181197,Paula Kat Charlotte,Christchurch City,Central Ward,-43.5311992,172.6399008,Entire home/apt,285.0,1.0,58,2026-08-01,7.5,177,212,58,,2026-5,2026-09-17,47.0
1424846609710116983,Upper floor studio 1 bed 1 bath with sofa bed,482671075,Care Property Stays,Christchurch City,Central Ward,-43.5378002,172.6416792,Entire home/apt,156.0,1.0,86,2026-07-30,5.78,184,256,75,,2026-5,2026-09-17,49.0
1521313518979556694,Central Christchurch Studio - Allen Street,331763232,Managed By Williams,Christchurch City,Central Ward,-43.5378002,172.6416792,Entire home/apt,184.0,1.0,27,2026-07-25,2.77,165,260,27,,2026-5,2026-09-17,54.0
1553949409967575921,Modern city home near supermarkets,657884540,Mariel,Christchurch City,Central Ward,-43.5378002,172.6416792,Entire home/apt,153.0,1.0,43,2026-08-07,5.08,1,293,43,,2026-5,2026-09-17,41.0
1598224141600710465,Spacious 1BR Apartment in Manchester Street,331763232,Managed By Williams,Christchurch City,Central Ward,-43.5312971,172.6399379,Entire home/apt,208.0,1.0,26,2026-07-27,3.82,165,126,26,,2026-5,2026-09-17,52.0
1538004030751088857,Christchurch Townhouse,129804161,April,Christchurch City,Central Ward,-43.53201,172.6526,Entire home/apt,,2.0,7,2026-04-26,1.0,1,0,7,,2026-5,2026-09-17,144.0
43654392,CBD 5 pax | Walk Te Pae & Stadium + Parking,40726446,Sarah,Christchurch City,Central Ward,-43.5308,172.638748,Entire home/apt,279.0,1.0,428,2026-08-04,5.75,4,239,53,,2026-5,2026-09-17,44.0
1451862194621421771,Luxe Central City 2 bedrooms with Carpark,482671075,Care Property Stays,Christchurch City,Central Ward,-43.5321369,172.6410932,Entire home/apt,277.0,1.0,73,2026-08-07,5.39,184,237,64,,2026-5,2026-09-17,41.0
1384839415640435899,Central | Sleeps 3 | Free Parking Space,686294777,Laura,Christchurch City,Central Ward,-43.53066099999999,172.6385368,Entire home/apt,225.0,1.0,78,2026-08-04,5.15,3,303,64,,2026-5,2026-09-17,44.0
1560514461446811747,Heart of Christchurch • Cosy Studio,74811135,Maggie,Christchurch City,Central Ward,-43.53179,172.64672,Private room,,1.0,4,2026-01-04,0.48,46,0,4,,2026-5,2026-09-17,256.0
1495157640538802474,Tiny Angel’s Home,553041259,August,Christchurch City,Harewood Ward,-43.49132,172.58563,Entire home/apt,,2.0,43,2026-03-27,3.75,1,0,43,,2026-5,2026-09-17,174.0
1630249174751953785,Manchester St Modern 1BR Apartment wtih Balcony,331763232,Managed By Williams,Christchurch City,Central Ward,-43.5312997,172.6399381,Entire home/apt,215.0,1.0,9,2026-07-06,1.68,165,350,9,,2026-5,2026-09-17,73.0
1480069687525157032,Central City Spacious Studio Near Riverside Market,49642171,Lily-SimplyHost,Christchurch City,Central Ward,-43.536187,172.6353027,Entire home/apt,171.0,1.0,19,2026-07-18,1.57,97,258,19,,2026-5,2026-09-17,61.0
1538853941816050669,Modern 2-Bedroom Home with Backyard in Edgeware,331763232,Managed By Williams,Christchurch City,Innes Ward,-43.5143867,172.646192,Entire home/apt,,1.0,20,2026-07-12,2.08,165,29,20,,2026-5,2026-09-17,67.0
1056862048445629495,Urban Retreat | Steps from Cardboard City,551181197,Paula Kat Charlotte,Christchurch City,Central Ward,-43.5361789,172.6353027,Entire home/apt,231.0,1.0,112,2026-07-18,3.53,177,243,61,,2026-5,2026-09-17,61.0
1295957381256428178,Metro Escape Studio across South City Mall,551181197,Paula Kat Charlotte,Christchurch City,Central Ward,-43.5392668,172.6349548,Entire home/apt,185.0,1.0,32,2026-05-04,1.54,177,272,7,,2026-5,2026-09-17,136.0
1688069227375367411,Inner City for Large Groups - Garage Parking,1688069149904973285,Mannie,Christchurch City,Central Ward,-43.53796566762207,172.63870720370485,Entire home/apt,394.0,1.0,16,2026-08-07,7.62,1,307,16,,2026-5,2026-09-17,41.0
1540952671561663580,Peaceful Sumner Family Haven Near Beach & Tracks,535414450,Alex,Christchurch City,Heathcote Ward,-43.58271,172.75465,Entire home/apt,,2.0,2,2026-01-16,0.26,1,0,2,,2026-5,2026-09-17,244.0
1003825028629270704,Modern Luxury Central City Apartment,339599193,Justine,Christchurch City,Central Ward,-43.53680251911817,172.6399012674865,Entire home/apt,323.0,1.0,23,2026-03-07,1.17,1,44,12,,2026-5,2026-09-17,194.0
1607694180090740188,Central City Dual Townhouses,551181197,Paula Kat Charlotte,Christchurch City,Central Ward,-43.53136740000001,172.640436,Entire home/apt,441.0,1.0,17,2026-08-05,2.82,177,153,17,,2026-5,2026-09-17,43.0
1635387918800384962,Te Kaha View | Cozy New CBD 1BR,86216394,Min,Christchurch City,Central Ward,-43.5318421,172.6398551,Entire home/apt,202.0,1.0,8,2026-07-22,1.83,42,170,8,,2026-5,2026-09-17,57.0
31660893,Relax In sawyers arms,237163024,Jehuda,Christchurch City,Harewood Ward,-43.48196,172.59494,Entire home/apt,,30.0,18,2020-03-03,0.2,1,0,0,,2026-5,2026-09-17,2389.0
1593237965485683752,JD'S Place - Akaroa Holiday Home,145244100,Bachcare,Christchurch City,Banks Peninsula Ward,-43.80199716403587,172.9729602097606,Entire home/apt,,2.0,0,,,1231,364,0,,2026-5,2026-09-17,
1464814449534091890,Cosy Home in Christchurch,324149984,Gurvinder,Christchurch City,Innes Ward,-43.51216,172.63456,Entire home/apt,,1.0,66,2026-04-18,5.1,1,0,57,,2026-5,2026-09-17,152.0
16654861,"Longterm double, twin or triple in central city",41527093,Karen,Christchurch City,Central Ward,-43.52779,172.64685,Private room,,7.0,41,2024-05-21,0.35,4,64,0,,2026-5,2026-09-17,849.0
52426964,Beautiful self contained unit in Governors Bay.,424346932,Annette,Christchurch City,Banks Peninsula Ward,-43.62054409768139,172.64596611387046,Entire home/apt,,1.0,52,2026-07-11,2.86,1,0,35,,2026-5,2026-09-17,68.0
17101050,Relax in Comfort - The Stables- Heart of Lyttelton,59986216,Robin,Christchurch City,Banks Peninsula Ward,-43.60284,172.72009,Entire home/apt,,2.0,149,2026-07-11,1.36,1,0,14,,2026-5,2026-09-17,68.0
1604151161255136185,Airport Nearby | Large Open-Plan Family Home,107729261,Dean,Christchurch City,Waimairi Ward,-43.50151,172.56684,Entire home/apt,,2.0,3,2026-03-01,0.49,2,0,3,,2026-5,2026-09-17,200.0
17212549,Riverwood Hut Little River,115864996,Ben And Rachel,Christchurch City,Banks Peninsula Ward,-43.73498,172.82845,Entire home/apt,172.0,2.0,77,2026-02-07,0.67,1,106,2,,2026-5,2026-09-17,222.0
52874880,#4 The Wharf Seaview  Apartments by AVI,70726871,Darren,Christchurch City,Banks Peninsula Ward,-43.80856,172.96179,Entire home/apt,200.0,1.0,9,2026-07-18,0.16,22,20,3,,2026-5,2026-09-17,61.0
37338251,The Stables at Blythcliffe,16025828,Lesley And John,Christchurch City,Banks Peninsula Ward,-43.8071,172.9702,Entire home/apt,,1.0,23,2026-01-04,0.39,4,0,4,,2026-5,2026-09-17,256.0
37473608,Sleepout  - Close to Airport & City,91719995,Selina,Christchurch City,Innes Ward,-43.49107,172.63497,Private room,,2.0,0,,,1,0,0,,2026-5,2026-09-17,
1189566749237087119,Cosy New Sleepout@ Papanui 40%Discount 4 longstays,581194003,Esther,Christchurch City,Papanui Ward,-43.4712396,172.6177637,Entire home/apt,,1.0,19,2025-02-24,0.74,1,0,0,,2026-5,2026-09-17,570.0
37997222,Modern family home in peaceful suburb with spa,259064212,Jessica,Christchurch City,Coastal Ward,-43.4754,172.70761,Entire home/apt,,5.0,19,2026-01-03,0.28,1,0,1,,2026-5,2026-09-17,257.0
1191510676461292058,Sunny beach escape Sumner,141454385,Annalise,Christchurch City,Heathcote Ward,-43.57317,172.76869,Entire home/apt,,3.0,2,2024-12-30,0.08,1,0,0,,2026-5,2026-09-17,626.0
1201149138703689089,Contemporary guest quarters in Halswell,589911451,Blake,Christchurch City,Halswell Ward,-43.58459853993397,172.5804663822055,Entire home/apt,,1.0,3,2024-10-02,0.12,1,0,0,,2026-5,2026-09-17,715.0
39030207,French Farm Winery,299094262,Caroline,Christchurch City,Banks Peninsula Ward,-43.77746,172.89742,Private room,,1.0,22,2024-02-16,0.5,1,0,0,,2026-5,2026-09-17,944.0
1617237614136946211,Hillside haven in Heathcote Valley.,421635739,Erica,Christchurch City,Heathcote Ward,-43.58085,172.70617,Entire home/apt,127.0,2.0,20,2026-05-15,3.26,1,96,20,,2026-5,2026-09-17,125.0
1219062444217229166,Fully Suites Riccarton Hideaway,74811135,Maggie,Christchurch City,Riccarton Ward,-43.53329,172.60228,Entire home/apt,,1.0,61,2026-04-19,2.61,46,0,20,,2026-5,2026-09-17,151.0
39843183,Private ensuite room with own entrance,296405135,Gary,Christchurch City,Banks Peninsula Ward,-43.6043,172.7228,Private room,138.0,1.0,20,2026-02-18,0.24,2,17,5,,2026-5,2026-09-17,211.0
39842359,Private ensuite room with own entrance,296405135,Gary,Christchurch City,Banks Peninsula Ward,-43.60421,172.72299,Private room,137.0,1.0,43,2026-07-25,0.54,2,17,9,,2026-5,2026-09-17,54.0
31802161,"Warm, sunny, cosy beach house.",61334093,Lorcan,Christchurch City,Coastal Ward,-43.53001,172.73733,Entire home/apt,,2.0,38,2026-01-03,0.42,1,0,2,,2026-5,2026-09-17,257.0
1588225009245242003,Innes Rd Parkside,24205506,"Mayie, Judi And Karen At Bookahome",Christchurch City,Papanui Ward,-43.502909994340634,172.6318829787252,Entire home/apt,,2.0,0,,,81,0,0,,2026-5,2026-09-17,
37102895,Large home near forest/beach,13928623,Jenny,Christchurch City,Coastal Ward,-43.4721,172.70434,Entire home/apt,,4.0,15,2025-02-09,0.18,1,0,0,,2026-5,2026-09-17,585.0
1185344085450655458,Modern room with ensuite close to CBD,12409538,Elena,Christchurch City,Heathcote Ward,-43.55084659820943,172.63009996931154,Private room,,1.0,72,2026-07-09,2.81,1,0,5,,2026-5,2026-09-17,70.0
37338400,The Rose Room at Blythcliffe,16025828,Lesley And John,Christchurch City,Banks Peninsula Ward,-43.80517,172.97061,Hotel room,,1.0,21,2026-01-28,0.3,4,0,6,,2026-5,2026-09-17,232.0
37377857,The Willow Room at Blythcliffe,16025828,Lesley And John,Christchurch City,Banks Peninsula Ward,-43.80664,172.9707,Hotel room,,1.0,77,2026-04-05,1.03,4,0,12,,2026-5,2026-09-17,165.0
1303057633633916458,Lovely 2 Bed 2 Bath,331763232,Managed By Williams,Christchurch City,Riccarton Ward,-43.534390527247815,172.58646004932802,Entire home/apt,,1.0,32,2026-07-04,1.58,165,84,14,,2026-5,2026-09-17,75.0
1367785166279960984,Beach Front Paradise,262724619,Ryan,Christchurch City,Banks Peninsula Ward,-43.637881,172.7535093,Entire home/apt,,2.0,24,2026-04-11,1.47,1,0,16,,2026-5,2026-09-17,159.0
1193648907250663550,Atlas Quarter high spec One Bed Apartment has lift,86216394,Min,Christchurch City,Central Ward,-43.53759,172.6389,Entire home/apt,,1.0,21,2025-08-28,0.86,42,0,2,,2026-5,2026-09-17,385.0
53742751,Christchurch - Heathcote Valley,183269743,Lizzie,Christchurch City,Heathcote Ward,-43.5825,172.70492,Entire home/apt,37.0,37.0,2,2025-12-28,0.04,1,87,1,,2026-5,2026-09-17,263.0
38358604,Fun and Relaxation The Perfect Mix,291975628,Mee,Christchurch City,Cashmere Ward,-43.55973,172.6455,Entire home/apt,,1.0,348,2025-07-26,4.14,1,0,0,,2026-5,2026-09-17,418.0
1369724422056382643,2 Double rooms outside the city center,131216378,Adam,Christchurch City,Cashmere Ward,-43.57629042303861,172.64727171916056,Private room,,2.0,16,2026-06-23,2.13,3,0,16,,2026-5,2026-09-17,86.0
1612833399124839878,Refurbished villa in a great location!,169606230,Giana,Christchurch City,Innes Ward,-43.51142516306739,172.64925857085964,Entire home/apt,514.0,1.0,0,,,1,1,0,,2026-5,2026-09-17,
1204678619598242033,1 bedroom ocean view – 4 guests,36181980,Chris,Christchurch City,Coastal Ward,-43.503680527801166,172.72939699206543,Entire home/apt,,1.0,9,2024-12-28,0.38,3,0,0,,2026-5,2026-09-17,628.0
506769949624485303,Peaceful 2 bedroom house located in Christchurch,148837089,Michelle,Christchurch City,Spreydon Ward,-43.56443,172.60985,Entire home/apt,,3.0,13,2026-04-06,0.29,1,0,2,,2026-5,2026-09-17,164.0
1615621916585408229,Spacious 6BR Home for Families & Groups,74811135,Maggie,Christchurch City,Halswell Ward,-43.56373,172.56018,Entire home/apt,,1.0,9,2026-07-04,1.68,46,0,9,,2026-5,2026-09-17,75.0
1206824708685986908,Three Bedroom Georgian Retreat,23278101,Jason,Christchurch City,Central Ward,-43.5262441,172.6458649,Entire home/apt,235.0,1.0,59,2026-08-01,2.43,19,3,33,,2026-5,2026-09-17,47.0
19062729,Spacious Family Home in Top Location,133071277,Nicole,Christchurch City,Fendalton Ward,-43.51984,172.62534,Entire home/apt,,5.0,14,2026-07-08,0.13,1,0,2,,2026-5,2026-09-17,71.0
39274870,Private Room with ensuite close to Airport/CBD,55841444,Stefano,Christchurch City,Fendalton Ward,-43.50358,172.58965,Private room,,1.0,474,2025-11-08,5.75,1,0,10,,2026-5,2026-09-17,313.0
1619021317977058841,Moncks Bay Hideaway,48884095,Adam,Christchurch City,Heathcote Ward,-43.56915,172.73866,Entire home/apt,,2.0,2,2026-04-06,0.33,1,0,2,,2026-5,2026-09-17,164.0
1305300413011176666,City to Beach,665608402,Edwin Andre,Christchurch City,Heathcote Ward,-43.55947869127116,172.71957126972347,Entire home/apt,,2.0,0,,,1,0,0,,2026-5,2026-09-17,
1620017749851629226,Chic City Oasis by Stadium & Cathedral,331763232,Managed By Williams,Christchurch City,Central Ward,-43.5312937,172.643979,Entire home/apt,,1.0,6,2026-05-16,1.23,165,0,6,,2026-5,2026-09-17,124.0
1621245781774369432,"5bdrm, Hot Tub, King Beds, Deck, 9 min to Airport",60379248,James & Yuko,Christchurch City,Waimairi Ward,-43.52006,172.55453,Entire home/apt,,1.0,6,2026-04-26,1.1,4,0,6,,2026-5,2026-09-17,144.0
1621595941179996893,Self-contained luxury caravan close to Chch City,285588105,Brad,Christchurch City,Papanui Ward,-43.49769363314427,172.61282368680511,Entire home/apt,,2.0,0,,,1,0,0,,2026-5,2026-09-17,
1626685665750650050,Christchurch City Townhouse,491257395,Michael,Christchurch City,Central Ward,-43.52812,172.65684,Entire home/apt,,1.0,18,2026-06-29,3.2,1,0,18,,2026-5,2026-09-17,80.0
1233011444616283509,Brand New Luxury 2 Bed 2 Baths Family Getaway,49642171,Lily-SimplyHost,Christchurch City,Fendalton Ward,-43.5129634,172.625209,Entire home/apt,,1.0,12,2026-02-12,0.53,97,0,5,,2026-5,2026-09-17,217.0
22110375,Bright spacious home with stunning views,161202518,Jane,Christchurch City,Banks Peninsula Ward,-43.62999,172.73077,Entire home/apt,,7.0,8,2019-11-29,0.08,1,0,0,,2026-5,2026-09-17,2484.0
1376272996593348954,Luxury 2BR Apartment on Worcester Street,331763232,Managed By Williams,Christchurch City,Central Ward,-43.5311796,172.6445883,Entire home/apt,,1.0,11,2026-06-22,0.68,165,31,9,,2026-5,2026-09-17,87.0
1630638748976141178,Ensuite Bedroom Close to Airport,488268220,Martin Alejandro,Christchurch City,Hornby Ward,-43.5336687,172.5466977,Private room,,1.0,1,2026-03-20,0.2,8,0,1,,2026-5,2026-09-17,181.0
1236482084937769120,Convenient Family Home Near Airport And Uni.,599512542,Shoshana,Christchurch City,Waimairi Ward,-43.50951,172.56882,Entire home/apt,,1.0,6,2026-01-03,0.3,1,0,3,,2026-5,2026-09-17,257.0
21913607,Apartment in tranquil surroundings,159886085,Clare,Christchurch City,Cashmere Ward,-43.569,172.63509,Entire home/apt,234.0,2.0,90,2026-04-26,0.85,1,73,10,,2026-5,2026-09-17,144.0
1242542282192433246,River Stone Retreat,255711368,Leasa,Christchurch City,Halswell Ward,-43.59607,172.56582,Entire home/apt,,3.0,0,,,1,0,0,,2026-5,2026-09-17,
1161776238716477293,Long Harbour View,96885888,Justine,Christchurch City,Banks Peninsula Ward,-43.81731,172.95287,Entire home/apt,1290.0,2.0,28,2026-05-31,1.13,1,286,18,,2026-5,2026-09-17,109.0
1381330521504256901,100m from stadium- 2 bedroom - new build carpark,580976133,Frank,Christchurch City,Central Ward,-43.532184,172.6401221,Entire home/apt,290.0,1.0,30,2026-05-05,2.01,1,1,24,,2026-5,2026-09-17,135.0
40162727,"2 Private bedrooms sleeps4, Queen, King/or 2single",103405045,Kaaren,Christchurch City,Halswell Ward,-43.55499,172.53837,Private room,229.0,1.0,42,2026-06-01,0.53,1,93,8,,2026-5,2026-09-17,108.0
1635005440938777542,Merivales handy hideaway.,30338987,Nicola,Christchurch City,Fendalton Ward,-43.5166,172.62432,Entire home/apt,405.0,2.0,0,,,4,129,0,,2026-5,2026-09-17,
22413337,6min to city centre | Cosy & Quiet Vintage Retreat,133886406,Nicole,Christchurch City,Heathcote Ward,-43.5526632,172.642893,Entire home/apt,,1.0,372,2026-04-13,3.54,2,0,43,,2026-5,2026-09-17,157.0
1251198817352870889,Charming Comfort in a 1940’s Sumner Gem,251658353,Phoebe,Christchurch City,Heathcote Ward,-43.5746756,172.7587013,Entire home/apt,,7.0,3,2025-02-22,0.15,1,0,0,,2026-5,2026-09-17,572.0
1308393788545395062,Maunga,42796710,Josh,Christchurch City,Harewood Ward,-43.452883450121426,172.6132104460182,Entire home/apt,,5.0,3,2026-01-02,0.15,2,0,1,,2026-5,2026-09-17,258.0
40374757,Clyde 106 - 7 Night special deals,24205506,"Mayie, Judi And Karen At Bookahome",Christchurch City,Fendalton Ward,-43.52007,172.58993,Entire home/apt,,2.0,70,2026-05-24,0.88,81,0,10,,2026-5,2026-09-17,116.0
22636858,Airport Express Cosy Studio 3 min drive to Airport,166675010,Gordon And Wendy,Christchurch City,Waimairi Ward,-43.49745,172.5632,Entire home/apt,164.0,1.0,380,2020-04-03,3.64,1,13,0,,2026-5,2026-09-17,2358.0
40596453,Atlas Quarter Big ground floor apartment,89191145,Jackson,Christchurch City,Central Ward,-43.53661,172.63883,Entire home/apt,,2.0,6,2025-07-04,0.07,3,0,0,,2026-5,2026-09-17,440.0
1257019733633103737,Wow Spacious Apartment CBD,537639282,Judith,Christchurch City,Central Ward,-43.53842278439485,172.63779732306173,Entire home/apt,219.0,1.0,2,2026-05-13,0.36,6,8,2,,2026-5,2026-09-17,127.0
22388288,Classic Kiwi Style Accommodation,163728866,Karl,Christchurch City,Spreydon Ward,-43.5615,172.60208,Entire home/apt,,14.0,169,2020-03-03,1.61,1,0,0,,2026-5,2026-09-17,2389.0
1309908775323627321,"Cosy, lovely yard, new (CNZhouse)",55183024,Clark,Christchurch City,Central Ward,-43.52775370000001,172.6497157,Entire home/apt,115.0,1.0,62,2026-04-26,3.1,2,6,22,,2026-5,2026-09-17,144.0
40493257,Queen Bed in Private upstairs room.,231179953,Nick,Christchurch City,Riccarton Ward,-43.53487,172.60127,Private room,,1.0,1,2019-12-31,0.01,1,0,0,,2026-5,2026-09-17,2452.0
40707974,Luxe Living in Christchurch CBD ** Free Parking!,174442263,Meg,Christchurch City,Central Ward,-43.53476,172.64225,Entire home/apt,,1.0,537,2026-05-31,6.71,3,0,66,,2026-5,2026-09-17,109.0
22973894,Quiet unit by the hill & the bay. (Sorry no Shops),110400359,Cathy,Christchurch City,Banks Peninsula Ward,-43.61911,172.64747,Entire home/apt,143.0,2.0,377,2026-04-26,3.66,1,73,19,,2026-5,2026-09-17,144.0
1259914154067158757,Modern 2-Bed Townhouse Close to City Attractions,49642171,Lily-SimplyHost,Christchurch City,Spreydon Ward,-43.55473160947835,172.60954141402112,Entire home/apt,,1.0,19,2026-05-23,0.88,97,0,11,,2026-5,2026-09-17,117.0
666076898460296632,"Superb 4 Bedroom with free parking, cafe next door",449624343,Lucy,Christchurch City,Riccarton Ward,-43.5308988,172.5882676,Entire home/apt,493.0,1.0,189,2026-07-22,3.8,5,257,35,,2026-5,2026-09-17,57.0
41482287,Peaceful Retreat within City Limits,12557746,Donald,Christchurch City,Burwood Ward,-43.46084,172.66631,Entire home/apt,,3.0,61,2025-02-22,0.76,1,0,0,,2026-5,2026-09-17,572.0
1667074332174927691,Quiet sleepout close to airport and University,356034416,Annie,Christchurch City,Fendalton Ward,-43.505356060167294,172.5949674643791,Entire home/apt,,2.0,3,2026-06-26,1.01,1,0,3,,2026-5,2026-09-17,83.0
40449246,Harbour Escape - tiny home in Lyttelton,16447205,Rachel,Christchurch City,Banks Peninsula Ward,-43.60236,172.70845,Entire home/apt,184.0,1.0,761,2026-08-13,9.37,1,1,145,,2026-5,2026-09-17,35.0
1627873407962837159,3 min to Christchurch Airport / 2-bedroom house,423593732,Matthew,Christchurch City,Waimairi Ward,-43.49758,172.55744,Entire home/apt,277.0,1.0,10,2026-03-29,1.76,2,100,10,,2026-5,2026-09-17,172.0
1643948767671210210,Staduim View Retreat On Barbadoes,751336005,Christina,Christchurch City,Central Ward,-43.531317318352365,172.64587976038456,Entire home/apt,193.0,1.0,5,2026-08-11,3.26,1,24,5,,2026-5,2026-09-17,37.0
23235161,Warm apartment  close Uni/Airport/Riccarton,95365448,Vladimir,Christchurch City,Riccarton Ward,-43.51782,172.57334,Entire home/apt,,2.0,13,2021-05-08,0.13,1,0,0,,2026-5,2026-09-17,1958.0
1395819019957564079,City 1 bed with Carpark. Top Floor - Lift access,75857776,Michael,Christchurch City,Central Ward,-43.52843461875418,172.64292296022177,Entire home/apt,175.0,1.0,77,2026-08-10,5.65,2,20,69,,2026-5,2026-09-17,38.0
1657588439342137471,Cosy Modern Eco-Home in Central City,12996972,Jane,Christchurch City,Central Ward,-43.5254015,172.6472336,Entire home/apt,,2.0,4,2026-08-01,0.96,2,0,4,,2026-5,2026-09-17,47.0
41844588,"Spacious Guest Suite, Cass Bay Beach, Christchurch",127308444,Sonja,Christchurch City,Banks Peninsula Ward,-43.60412,172.69131,Entire home/apt,,2.0,49,2025-09-22,0.62,1,0,1,,2026-5,2026-09-17,360.0
42236422,Modern townhouse. Own ensuite!,39497723,Jaime,Christchurch City,Central Ward,-43.51589,172.64376,Private room,,3.0,39,2026-06-08,0.5,1,0,18,,2026-5,2026-09-17,101.0
1404891852003655405,"Privacy, comfort and a lot more -2 bedroom, cycles",143320659,Lijo,Christchurch City,Burwood Ward,-43.51317814969447,172.71078670159994,Entire home/apt,,1.0,19,2026-02-21,1.25,1,0,13,,2026-5,2026-09-17,208.0
1680193073266849559,Suite with a modern bathroom near mall,1677233043793094902,Jess,Christchurch City,Papanui Ward,-43.47169,172.62581,Private room,,1.0,7,2026-07-06,2.36,2,0,7,,2026-5,2026-09-17,73.0
1727155216625701507,Nest -Room,1727139995287568266,Matthew,Christchurch City,Innes Ward,-43.5021,172.65737,Private room,,3.0,0,,,5,0,0,,2026-5,2026-09-17,
1326532288962053124,"Close to Stadium + 2 Parking! 
Superb Location!",193835605,Lana,Christchurch City,Central Ward,-43.53226,172.65036,Entire home/apt,525.0,1.0,41,2026-07-11,2.22,1,28,30,,2026-5,2026-09-17,68.0
1277369390441388419,Spacious 4-Bedroom Family Home!,586798345,Sara,Christchurch City,Riccarton Ward,-43.51878325568993,172.5720306953272,Entire home/apt,,3.0,7,2026-02-12,0.4,1,0,6,,2026-5,2026-09-17,217.0
1689648941450406947,Stylish Private Escape for Two • Christchurch CBD,418522014,Janine,Christchurch City,Central Ward,-43.5285077,172.6435985,Entire home/apt,,2.0,2,2026-07-10,1.46,1,1,2,,2026-5,2026-09-17,69.0
24018800,"Quiet Cul-de-Sac, Airport 3km, Transfers Avail.",44972250,Warren,Christchurch City,Waimairi Ward,-43.50162,172.57375,Private room,,1.0,534,2026-07-13,6.86,1,0,150,,2026-5,2026-09-17,66.0
43581021,The Children's Bay Woolshed,196081868,Will,Christchurch City,Banks Peninsula Ward,-43.79757,172.96629,Entire home/apt,,2.0,170,2026-03-21,2.26,1,0,17,,2026-5,2026-09-17,180.0
1414129773724827212,Cosy bedroom in Riccarton Mall!,99772917,Fiorella,Christchurch City,Riccarton Ward,-43.5348732,172.6021255,Private room,,2.0,57,2026-05-20,3.71,2,0,51,,2026-5,2026-09-17,120.0
1416292404519614096,Local knowledge and villa charm,32458378,Christopher,Christchurch City,Cashmere Ward,-43.559363923769766,172.6463544644693,Private room,,1.0,7,2025-10-25,0.61,1,0,7,,2026-5,2026-09-17,327.0
1709837344956460986,Manchester 5-Star,477010237,Peter,Christchurch City,Central Ward,-43.53176281115926,172.639902195394,Entire home/apt,149.0,2.0,7,2026-08-10,5.38,2,10,7,,2026-5,2026-09-17,38.0
1325692513664002284,French style holiday cottage,254442953,Caro,Christchurch City,Banks Peninsula Ward,-43.62862,172.71837,Entire home/apt,,2.0,15,2026-04-24,1.65,1,0,15,,2026-5,2026-09-17,146.0
1403402595300125274,2BR Movie-Themed Retreat | Sleeps 5,59249793,InfinityEight,Christchurch City,Fendalton Ward,-43.5152927,172.614752,Entire home/apt,,1.0,10,2025-10-11,0.66,6,0,4,,2026-5,2026-09-17,341.0
779896605720574309,Private overlooking mountain view room,424963036,Gemma Alegre,Christchurch City,Halswell Ward,-43.58677264606994,172.6087922583359,Private room,,1.0,23,2025-02-26,0.52,3,0,0,,2026-5,2026-09-17,568.0
40976073,6min to CBD / Private & Quiet Affordable Apartment,133886406,Nicole,Christchurch City,Heathcote Ward,-43.5515,172.64376,Entire home/apt,,2.0,18,2026-06-04,0.22,2,0,1,,2026-5,2026-09-17,105.0
42626767,"The A-frame rural retreat, Port Levy",54578065,Courtney,Christchurch City,Banks Peninsula Ward,-43.66836,172.82038,Entire home/apt,276.0,1.0,141,2025-06-21,1.8,1,72,0,,2026-5,2026-09-17,453.0
23949405,Sumner's Chic Studio,22991675,Bogdan,Christchurch City,Heathcote Ward,-43.57639,172.74771,Entire home/apt,,1.0,114,2025-04-19,1.14,1,0,0,,2026-5,2026-09-17,516.0
1272021990647608084,"Family Home with Spa, Office, BBQ, & EV Charging",658162740,Dr Waqas,Christchurch City,Hornby Ward,-43.55512708102582,172.52816619961882,Entire home/apt,264.0,60.0,11,2025-11-15,0.53,1,136,4,,2026-5,2026-09-17,306.0
1424314193213605237,Christchurch Retreat | Sauna + Ice Bath,100959873,Keishana Louise Claire,Christchurch City,Spreydon Ward,-43.56849101932324,172.6086026117726,Entire home/apt,216.0,2.0,8,2026-08-11,0.59,1,17,5,,2026-5,2026-09-17,37.0
4210947,Sunnybrae Bed & Breakfast,18848246,Jenny & Tony,Christchurch City,Banks Peninsula Ward,-43.784,172.90277,Private room,,2.0,115,2026-01-10,0.82,1,0,4,,2026-5,2026-09-17,250.0
1278611895464732910,Somerfield Studio Retreat,23277050,Joy,Christchurch City,Cashmere Ward,-43.56693250333856,172.61713338160487,Entire home/apt,,1.0,28,2026-04-12,1.4,1,0,14,,2026-5,2026-09-17,158.0
1336708357552605025,New heritage style townhouse,157744145,Marcus,Christchurch City,Spreydon Ward,-43.54946008423065,172.62494033373454,Entire home/apt,,2.0,6,2026-06-29,0.33,1,0,3,,2026-5,2026-09-17,80.0
44689705,Absolute Luxury in Strowan - Christchurch,106575611,Mike,Christchurch City,Fendalton Ward,-43.50428,172.60933,Entire home/apt,1203.0,3.0,10,2026-01-17,0.15,1,3,2,,2026-5,2026-09-17,243.0
1283672523558167262,Holiday at the beach,346550336,Tanja,Christchurch City,Coastal Ward,-43.48934241588721,172.72330129398088,Entire home/apt,,5.0,2,2025-12-27,0.1,1,0,1,,2026-5,2026-09-17,264.0
1340329141020655308,Cosy Comfort in Christchurch,70440222,Elise,Christchurch City,Halswell Ward,-43.581595752851214,172.55938436510732,Entire home/apt,294.0,2.0,35,2026-08-09,1.92,1,8,29,,2026-5,2026-09-17,39.0
2249963,Charming family cottage in Somerfield,962315,Gemma,Christchurch City,Cashmere Ward,-43.5554722,172.6283052,Entire home/apt,286.0,1.0,26,2026-04-17,0.81,1,166,11,,2026-5,2026-09-17,153.0
1429509660189222588,Sunny Upstairs Double Room in Upper Riccarton Home,105265867,Andrew,Christchurch City,Riccarton Ward,-43.53718078520185,172.57033812310692,Private room,68.0,2.0,3,2025-09-26,0.21,8,181,1,,2026-5,2026-09-17,356.0
1333646486960785921,Quiet garden room with sunshine,60170835,Carol,Christchurch City,Halswell Ward,-43.55122087651891,172.5586392599649,Private room,,1.0,79,2026-03-15,4.4,1,0,64,,2026-5,2026-09-17,186.0
1279900251424421749,Peaceful 2Bed2Bath/Parking Close To Colombo St,537342678,Shan,Christchurch City,Heathcote Ward,-43.55630226344523,172.63908658747764,Entire home/apt,,1.0,7,2025-07-04,0.34,1,0,0,,2026-5,2026-09-17,440.0
27532768,"A cosy, rustic family holiday home  in the city",133135248,Wayne,Christchurch City,Central Ward,-43.52414,172.66494,Entire home/apt,,1.0,112,2026-04-15,1.17,1,0,12,,2026-5,2026-09-17,155.0
46099866,One Bed Apartment in Christchurch City Centre,731713,Julian,Christchurch City,Central Ward,-43.53796,172.6382,Entire home/apt,,2.0,24,2023-08-20,0.35,1,0,0,,2026-5,2026-09-17,1124.0
1281479104819801085,The perfect Christchurch Escape！,660256988,Cynthia,Christchurch City,Riccarton Ward,-43.534358124409295,172.60468828937036,Entire home/apt,,1.0,137,2026-07-07,6.43,1,0,71,,2026-5,2026-09-17,72.0
1338720736056619469,Seaside sanctuary,56786071,Cathy,Christchurch City,Coastal Ward,-43.48627746346972,172.71456219097848,Private room,109.0,2.0,28,2026-04-26,1.48,1,29,15,,2026-5,2026-09-17,144.0
1339647508906377362,Settle into the sun set,54299306,Sarena,Christchurch City,Burwood Ward,-43.48286419999999,172.6686603,Entire home/apt,,2.0,2,2025-04-26,0.12,1,0,0,,2026-5,2026-09-17,509.0
25925037,City Warm Suite (Free Breakfast) *Free cleaning*,74398185,Rob,Christchurch City,Fendalton Ward,-43.51215,172.6316,Entire home/apt,,1.0,484,2025-12-14,5.01,4,0,10,,2026-5,2026-09-17,277.0
45452552,Your Home away from Home - Entire Home.,367682100,John,Christchurch City,Halswell Ward,-43.57712,172.56505,Entire home/apt,,3.0,37,2026-01-09,0.54,1,0,6,,2026-5,2026-09-17,251.0
6903489,"Character villa, fully furnished",29970846,Nick,Christchurch City,Linwood Ward,-43.54077,172.66434,Entire home/apt,,60.0,8,2026-03-09,0.06,3,357,1,,2026-5,2026-09-17,192.0
46909371,Luxury and Modern apartment in city center,86216394,Min,Christchurch City,Central Ward,-43.52502,172.64274,Entire home/apt,,1.0,229,2025-05-04,3.34,42,0,0,,2026-5,2026-09-17,501.0
28255196,Halfmoon Cottage at the end of  Akaroa harbour.,93365561,Cor & Margo,Christchurch City,Banks Peninsula Ward,-43.75832,172.91413,Private room,,2.0,47,2026-02-28,0.49,4,0,8,,2026-5,2026-09-17,201.0
46301262,Brand-new Inner-city Apartment!,374813070,J,Christchurch City,Central Ward,-43.52973,172.64511,Entire home/apt,149.0,1.0,589,2026-07-26,8.53,1,56,87,,2026-5,2026-09-17,53.0
9638026,"Amazing Sea views, self-contained. Christchurch",21226430,Siobhan,Christchurch City,Heathcote Ward,-43.56566,172.72121,Entire home/apt,,299.0,123,2026-01-01,1.08,1,89,6,,2026-5,2026-09-17,259.0
1353096571609317181,Penny lane get away,104047844,Timothy,Christchurch City,Spreydon Ward,-43.557437142446005,172.60348695167662,Entire home/apt,,4.0,1,2025-04-24,0.06,1,0,0,,2026-5,2026-09-17,511.0
47056288,Duvauchelle Dream,16025828,Lesley And John,Christchurch City,Banks Peninsula Ward,-43.74744,172.9325,Entire home/apt,360.0,2.0,64,2026-04-13,0.94,4,4,12,,2026-5,2026-09-17,157.0
10339095,"Magnolia Cottage Boutique BnB
- Private Suite -",53205819,Julie,Christchurch City,Banks Peninsula Ward,-43.62882,172.7397,Private room,182.0,2.0,56,2026-02-17,0.47,1,2,3,,2026-5,2026-09-17,212.0
29864989,Central Luxurious House           Free Breakfast,74398185,Rob,Christchurch City,Innes Ward,-43.51265,172.63297,Entire home/apt,11865.0,1.0,23,2025-09-27,0.24,4,1,2,,2026-5,2026-09-17,355.0
1352382977939434038,"Eleven week rental Chch fabulous quiet garden
home",666885525,Frank,Christchurch City,Central Ward,-43.529863426005726,172.65259224881245,Entire home/apt,51.0,77.0,0,,,1,365,0,,2026-5,2026-09-17,
47180923,Heavenly Hillside Haven,329341602,Andrew,Christchurch City,Heathcote Ward,-43.56207,172.73328,Entire home/apt,,2.0,45,2026-02-22,0.74,3,0,22,,2026-5,2026-09-17,207.0
11325254,Great Views on Cashmere hills.,44327253,Benjamin,Christchurch City,Cashmere Ward,-43.57474,172.63415,Entire home/apt,,12.0,8,2026-04-13,0.06,1,0,2,,2026-5,2026-09-17,157.0
30237251,A Room With A View Bed and Breakfast,6360236,Jill,Christchurch City,Halswell Ward,-43.57952,172.57556,Private room,,1.0,1,2020-03-07,0.01,1,0,0,,2026-5,2026-09-17,2385.0
47516789,Little Port Cooper School House and Farm Hike,383503203,Wendy,Christchurch City,Banks Peninsula Ward,-43.61521,172.81537,Entire home/apt,,1.0,83,2026-04-03,1.25,1,0,6,,2026-5,2026-09-17,167.0
30273650,Champagne - 4 bedroom Villa...,23432133,Denis,Christchurch City,Fendalton Ward,-43.52067,172.6203,Entire home/apt,,2.0,95,2025-12-31,1.02,2,0,1,,2026-5,2026-09-17,260.0
47475702,“Graylees” Stunning Private Family Home,383228488,Jean,Christchurch City,Halswell Ward,-43.57498,172.54789,Entire home/apt,403.0,2.0,62,2024-07-14,0.93,1,72,0,,2026-5,2026-09-17,795.0
30277275,The Potter’s Cottage Annex,227394577,Chikako,Christchurch City,Fendalton Ward,-43.50883,172.5769,Entire home/apt,,2.0,134,2026-03-14,1.46,1,0,12,,2026-5,2026-09-17,187.0
46199744,Modern Diamond Harbour Hideaway,94675598,Rebecca,Christchurch City,Banks Peninsula Ward,-43.63181,172.74083,Entire home/apt,,30.0,132,2026-05-15,1.94,1,11,20,,2026-5,2026-09-17,125.0
1348682781595002791,Room by Barrington Park,9977987,Tania,Christchurch City,Spreydon Ward,-43.5538793,172.6186657,Private room,,3.0,16,2026-04-16,0.87,1,0,8,,2026-5,2026-09-17,154.0
29518161,"Room in brand new home with private shower,toilet",70051314,Naicy George,Christchurch City,Burwood Ward,-43.47995,172.67498,Private room,80.0,1.0,149,2026-04-25,4.68,1,14,63,,2026-5,2026-09-17,145.0
47771758,"Up to 7, handy location, spacious living",66848108,Timothy,Christchurch City,Harewood Ward,-43.48905,172.59272,Entire home/apt,,1.0,100,2026-01-24,1.51,3,0,15,,2026-5,2026-09-17,236.0
48945214,Stylish oasis in central city,128163295,Rachael,Christchurch City,Central Ward,-43.52401,172.64234,Entire home/apt,215.0,2.0,111,2026-04-26,1.71,3,14,13,,2026-5,2026-09-17,144.0
1005178444414530582,A Southshore Classic,35579808,Alex,Christchurch City,Coastal Ward,-43.55458,172.74947,Entire home/apt,,2.0,4,2024-01-03,0.12,1,0,0,,2026-5,2026-09-17,988.0
12370943,"Own suite of 3 rooms, 5 guests, handy to airport",66848108,Timothy,Christchurch City,Harewood Ward,-43.48857,172.59288,Entire home/apt,,2.0,154,2026-02-28,1.29,3,0,1,,2026-5,2026-09-17,201.0
12527841,"Close to City, Shops and Transport",54012179,Bob,Christchurch City,Innes Ward,-43.50933,172.63953,Entire home/apt,,2.0,100,2026-04-19,0.82,6,0,5,,2026-5,2026-09-17,151.0
48787508,Tree house in a penguin colony (in season),193551136,Kevin,Christchurch City,Banks Peninsula Ward,-43.86746,173.00501,Private room,,1.0,10,2026-01-17,0.15,2,0,1,,2026-5,2026-09-17,243.0
1010672693333841784,Funky and Floral Central City Stay,55752053,Kendra,Christchurch City,Central Ward,-43.5311796,172.6445883,Private room,,2.0,15,2026-05-08,0.47,2,0,5,,2026-5,2026-09-17,132.0
1461231592777012192,Stylish CBD Studio | Top Location Close To All,706195697,Min,Christchurch City,Central Ward,-43.529576452254965,172.64461887620698,Entire home/apt,,1.0,0,,,1,0,0,,2026-5,2026-09-17,
48630897,Walk to Arena in 15 minutes - Addington Cottage,204585520,Jess,Christchurch City,Spreydon Ward,-43.5435791015625,172.6154327392578,Entire home/apt,,2.0,37,2025-10-31,0.57,1,0,1,,2026-5,2026-09-17,321.0
31237403,Riviera in Central Christchurch,23432133,Denis,Christchurch City,Fendalton Ward,-43.52222,172.61959,Entire home/apt,,2.0,29,2024-02-22,0.32,2,0,0,,2026-5,2026-09-17,938.0
13589008,City-Fringe Oasis with Carpark in Christchurch,69693674,Ben,Christchurch City,Central Ward,-43.51453,172.65018,Entire home/apt,146.0,3.0,45,2026-04-06,1.27,2,6,12,,2026-5,2026-09-17,164.0
1023677199371469851,"Room in Ilam, near airport",113890400,Jerry,Christchurch City,Fendalton Ward,-43.51547,172.57818,Private room,,1.0,4,2025-02-24,0.17,1,0,0,,2026-5,2026-09-17,570.0
1669215172523441183,Coastal Family Retreat | Spacious 3BR Escape,49642171,Lily-SimplyHost,Christchurch City,Linwood Ward,-43.52077,172.69256,Entire home/apt,347.0,1.0,6,2026-07-16,2.37,97,324,6,,2026-5,2026-09-17,63.0
39348729,"Okuti Country Cabin.  Sunny, private, peaceful.",9023904,Elizabeth,Christchurch City,Banks Peninsula Ward,-43.78626,172.80831,Entire home/apt,165.0,2.0,88,2026-03-16,1.08,2,251,15,,2026-5,2026-09-17,185.0
1034553784501950832,En-suite close to Airport,96129652,Su,Christchurch City,Fendalton Ward,-43.50254,172.58647,Private room,,2.0,138,2026-02-28,4.33,4,0,4,,2026-5,2026-09-17,201.0
1267135241648958968,The Cottage at Greystones,119195642,Millie,Christchurch City,Harewood Ward,-43.50161937991331,172.43337500975144,Entire home/apt,152.0,1.0,52,2026-07-30,2.48,2,212,43,,2026-5,2026-09-17,49.0
40267252,"Kowhai Cabin, Little River: Be Nurtured by Nature",9023904,Elizabeth,Christchurch City,Banks Peninsula Ward,-43.78569,172.80933,Entire home/apt,165.0,2.0,68,2026-02-08,0.83,2,251,3,,2026-5,2026-09-17,221.0
1224324050809005551,Star,596474425,Paramjeet Singh,Christchurch City,Hornby Ward,-43.55437,172.46389,Private room,111.0,1.0,1,2026-02-20,0.17,1,364,1,,2026-5,2026-09-17,209.0
53172996,Matagouri Cottage - Port Levy Holiday Home,145244100,Bachcare,Christchurch City,Banks Peninsula Ward,-43.67456,172.81526,Entire home/apt,,2.0,21,2026-05-30,0.41,1231,363,7,,2026-5,2026-09-17,110.0
29661406,Secret Garden/Spacious Home near Airport,56790664,Candy,Christchurch City,Waimairi Ward,-43.52034,172.54638,Entire home/apt,248.0,1.0,411,2026-08-09,4.36,5,328,37,,2026-5,2026-09-17,39.0
1507657368583161101,Classic Cabin Quad,98758734,North South Holiday Park,Christchurch City,Harewood Ward,-43.470210941478065,172.56904987657853,Private room,107.0,1.0,2,2025-11-25,0.2,20,318,2,,2026-5,2026-09-17,296.0
3533315,Rose Cottage at The Elms,17788647,Louise,Christchurch City,Harewood Ward,-43.48401,172.56094,Entire home/apt,302.0,2.0,7,2025-02-01,0.05,1,360,0,,2026-5,2026-09-17,593.0
1271984807547129881,Grand Hotel & Bar Akaroa - King Room En-Suite,599729683,Grand Hotel Akaroa,Christchurch City,Banks Peninsula Ward,-43.80146372504731,172.97047839577397,Private room,180.0,1.0,6,2026-02-15,0.32,6,347,3,,2026-5,2026-09-17,214.0
18201979,"Warm quiet room, close to the airport",125642283,Akiko,Christchurch City,Waimairi Ward,-43.51817,172.54182,Private room,96.0,1.0,6,2026-08-08,2.34,1,22,6,,2026-5,2026-09-17,40.0
1596184785899036083,Private room in Lyttelton Family Home,95221830,Candice,Christchurch City,Banks Peninsula Ward,-43.60214002122272,172.7128710344915,Private room,59.0,1.0,5,2026-03-16,0.76,3,44,5,,2026-5,2026-09-17,185.0
1006371746452641756,Harbour Haven - Akaroa Holiday Home,145244100,Bachcare,Christchurch City,Banks Peninsula Ward,-43.81367,172.95444,Entire home/apt,,2.0,0,,,1231,365,0,,2026-5,2026-09-17,
1064642687060747100,Apartment style Beach House. Birdlings Flat,190932031,Steve,Christchurch City,Banks Peninsula Ward,-43.82163374157432,172.7071768506714,Entire home/apt,,1.0,67,2026-05-30,2.13,1,0,46,,2026-5,2026-09-17,110.0
1727875940168173235,Willow Retreat - Room,1727139995287568266,Matthew,Christchurch City,Innes Ward,-43.50351,172.65705,Private room,77.0,3.0,0,,,5,19,0,,2026-5,2026-09-17,
1298296763838190832,Bay views and birdsong,257644040,Celyn,Christchurch City,Banks Peninsula Ward,-43.75671,172.94447,Entire home/apt,364.0,3.0,4,2026-01-02,0.2,1,134,2,,2026-5,2026-09-17,258.0
1077223799173026482,5mins walk to Riccarton House and Bush RM01,180085404,Urban Accommodation In Christchurch City,Christchurch City,Riccarton Ward,-43.52848,172.6017,Private room,,1.0,23,2025-02-09,0.75,4,0,0,,2026-5,2026-09-17,585.0
1367113532457819375,Bibiana Breeze: Cozy Large Home in Great Area,370686572,Lin,Christchurch City,Halswell Ward,-43.56677655558515,172.57146254181862,Entire home/apt,504.0,1.0,34,2026-07-12,2.14,1,347,27,,2026-5,2026-09-17,67.0
1749945499924356400,Modern Motel Apartment | Christchurch,1749945128267635439,Jarmanjeet,Christchurch City,Riccarton Ward,-43.530082617333534,172.59433215952453,Entire home/apt,150.0,1.0,0,,,1,185,0,,2026-5,2026-09-17,
23599830,Entire  four bedroom family home in Papanui,161169221,Nichola,Christchurch City,Papanui Ward,-43.49479,172.61027,Entire home/apt,469.0,6.0,20,2025-12-28,0.22,1,161,1,,2026-5,2026-09-17,263.0
43548333,"Modern One-bedroom Apartment close to Uni, Airport",347615794,Sarbjit,Christchurch City,Riccarton Ward,-43.53241,172.57079,Private room,208.0,1.0,21,2025-12-31,0.28,3,346,1,,2026-5,2026-09-17,260.0
4144718,Best view. Up to 4 guests in 2 comfy double rooms,20198799,Michael,Christchurch City,Banks Peninsula Ward,-43.60281,172.68887,Private room,236.0,2.0,79,2026-03-15,0.55,2,351,2,,2026-5,2026-09-17,186.0
1044367768338614141,"Modern 2-Bedroom Oasis, Just Steps from the Beach",374915856,Simon,Christchurch City,Coastal Ward,-43.5478915,172.7462131,Entire home/apt,446.0,1.0,31,2026-03-29,0.96,112,229,4,,2026-5,2026-09-17,172.0
25783183,"Spacious, sunny, harbour views and close to town.",193768941,John,Christchurch City,Banks Peninsula Ward,-43.8061,172.97092,Entire home/apt,348.0,2.0,122,2026-05-28,1.24,1,74,1,,2026-5,2026-09-17,112.0
1080222911098517572,Queen Bedroom 10mins to Airport,559314158,Ryan,Christchurch City,Hornby Ward,-43.55118,172.52986,Private room,,1.0,50,2026-02-28,1.67,1,0,24,,2026-5,2026-09-17,201.0
9700667,Karl Popper Retreat,20309792,Michael,Christchurch City,Cashmere Ward,-43.57696,172.6309,Entire home/apt,194.0,1.0,162,2026-04-09,1.27,1,166,8,,2026-5,2026-09-17,161.0
591562785762996997,Modern Beach Getaway,4692629,Anna,Christchurch City,Heathcote Ward,-43.572243,172.75946,Entire home/apt,288.0,2.0,100,2026-06-27,1.88,1,85,15,,2026-5,2026-09-17,82.0
1026383279468059006,Stonely on Grahams,524939203,Lin,Christchurch City,Waimairi Ward,-43.5046993,172.5725326,Entire home/apt,109.0,7.0,56,2026-07-09,1.95,1,238,17,,2026-5,2026-09-17,70.0
875606252958991505,Luxury Merivale Villa,222941036,Brendan,Christchurch City,Papanui Ward,-43.5046693,172.6151355,Entire home/apt,471.0,1.0,91,2026-07-31,2.32,1,251,27,,2026-5,2026-09-17,48.0
1065516901493509676,KaleidoNook: Enchanting 3-BR Magic on Rugby St.,202585247,Ohana,Christchurch City,Fendalton Ward,-43.51488,172.62124,Entire home/apt,363.0,1.0,176,2026-07-07,5.77,155,167,57,,2026-5,2026-09-17,72.0
1007049628541141655,Walnut Grove Lodge,421969456,Tracey,Christchurch City,Papanui Ward,-43.50495,172.59783,Entire home/apt,1042.0,2.0,10,2026-07-12,0.47,2,251,6,,2026-5,2026-09-17,67.0
22148690,"Near from airport, quiet and cozy!",160962130,José Alexandre,Christchurch City,Waimairi Ward,-43.5015,172.58418,Private room,85.0,1.0,0,,,1,364,0,,2026-5,2026-09-17,
1093906577254511367,Beautiful House w/Spa Pool & Parking | Near CBD,131734373,Alicia,Christchurch City,Spreydon Ward,-43.56162,172.58311,Entire home/apt,337.0,1.0,145,2026-07-26,4.82,10,268,48,,2026-5,2026-09-17,53.0
761715228536755812,Fyffe Executive Spa Studio,58116308,Rod,Christchurch City,Riccarton Ward,-43.53119,172.58942,Private room,150.0,1.0,0,,,4,343,0,,2026-5,2026-09-17,
1196114670322170421,Private Room in cosy Cottage,45165874,Tania,Christchurch City,Linwood Ward,-43.54204,172.66945,Private room,70.0,2.0,22,2026-03-02,0.9,3,66,4,,2026-5,2026-09-17,199.0
39840259,Easy Christchurch Central Townhouse,221014561,William,Christchurch City,Spreydon Ward,-43.54111,172.61587,Entire home/apt,166.0,1.0,480,2026-07-27,5.84,1,234,96,,2026-5,2026-09-17,52.0
1681527047821370976,Azure Soar - UC&Riccarton - Private Bathroom Room2,477454854,Denny,Christchurch City,Riccarton Ward,-43.53630626190108,172.58927983806475,Private room,116.0,1.0,3,2026-08-10,1.11,5,75,3,,2026-5,2026-09-17,38.0
1099075375203224343,Your Private Oasis in the Central City,94703282,Jojo,Christchurch City,Innes Ward,-43.51450012596353,172.63885846520927,Entire home/apt,,4.0,0,,,2,0,0,,2026-5,2026-09-17,
1201972728964466168,Charming character home in quiet leafy Somerfield,147001502,Angela,Christchurch City,Cashmere Ward,-43.55936,172.63056,Entire home/apt,229.0,2.0,38,2026-07-20,1.59,1,60,21,,2026-5,2026-09-17,59.0
1103785206076425233,Home at Sumner Beach,15661175,Christian,Christchurch City,Heathcote Ward,-43.56664,172.75931,Entire home/apt,,10.0,5,2025-01-29,0.17,1,0,0,,2026-5,2026-09-17,596.0
51015911,Cosy home in Arena stadium with secure car park,321562392,J&H House,Christchurch City,Spreydon Ward,-43.54585,172.60841,Entire home/apt,192.0,1.0,516,2026-07-18,8.36,3,125,87,,2026-5,2026-09-17,61.0
1272983809552211218,"2BR Townhouse, Riccarton Mall, Hagley Park",551181197,Paula Kat Charlotte,Christchurch City,Riccarton Ward,-43.5314557607224,172.5998416372516,Entire home/apt,201.0,1.0,77,2026-08-07,3.58,177,205,51,,2026-5,2026-09-17,41.0
1085712832302428003,Small/Single bedroom with private shower & toilet.,417869210,Tom,Christchurch City,Harewood Ward,-43.47905,172.58314,Private room,,2.0,99,2026-04-21,3.23,1,0,12,,2026-5,2026-09-17,149.0
1091448087491209112,Conveniently located in Merivale,75112372,Tori,Christchurch City,Fendalton Ward,-43.5075,172.62565,Entire home/apt,270.0,1.0,39,2025-10-03,1.35,2,1,2,,2026-5,2026-09-17,349.0
1643992756966399047,Walk to the stadium,24839137,Fran,Christchurch City,Central Ward,-43.51998999841879,172.6425821034107,Entire home/apt,327.0,2.0,0,,,1,27,0,,2026-5,2026-09-17,
1724808546008240724,Bishop Street,78492661,Kerry,Christchurch City,Central Ward,-43.51729,172.64044,Entire home/apt,771.0,2.0,0,,,1,357,0,,2026-5,2026-09-17,
645960933953773515,Welcoming & spacious hillside retreat.,4776822,Garth,Christchurch City,Cashmere Ward,-43.56387,172.65489,Entire home/apt,155.0,1.0,157,2026-07-30,3.8,1,248,50,,2026-5,2026-09-17,49.0
776283793596660586,Grannies on the park,135009104,Janee,Christchurch City,Cashmere Ward,-43.55920561314174,172.62869115918875,Entire home/apt,129.0,1.0,59,2026-07-11,1.36,1,218,22,,2026-5,2026-09-17,68.0
1709717077595636126,Modern 2-Bedroom Townhouse Near City Centre,74811135,Maggie,Christchurch City,Heathcote Ward,-43.55018,172.63702,Entire home/apt,245.0,1.0,1,2026-07-12,0.88,46,178,1,,2026-5,2026-09-17,67.0
1108172332785647473,Christchurch Coastal Abode,5106498,Cameron,Christchurch City,Coastal Ward,-43.495,172.71486,Entire home/apt,184.0,1.0,42,2026-06-14,1.42,1,6,18,,2026-5,2026-09-17,95.0
1583873615504782695,Modern 2-Bedroom Townhouse in Central Christchurch,331763232,Managed By Williams,Christchurch City,Central Ward,-43.5310531,172.6404391,Entire home/apt,239.0,1.0,6,2026-07-04,0.83,165,251,6,,2026-5,2026-09-17,75.0
1030688731900069984,Quaint Worcester Quarters: 3BR Delight,202585247,Ohana,Christchurch City,Central Ward,-43.5314,172.6445,Entire home/apt,304.0,1.0,127,2026-08-04,3.84,155,111,50,,2026-5,2026-09-17,44.0
768477373238536726,Prime CBD Hospital Location Plus Garage 2Bdrms,45768555,Hasslefree Accommodation,Christchurch City,Central Ward,-43.5333695,172.6295839,Entire home/apt,292.0,1.0,128,2026-07-25,3.03,65,278,14,,2026-5,2026-09-17,54.0
1085743649471320285,Peterborough Street Tack Room,235792794,Tiffany,Christchurch City,Central Ward,-43.5257371,172.6303234,Entire home/apt,525.0,1.0,0,,,2,238,0,,2026-5,2026-09-17,
1695304423926661410,"Urban Escape Modern 1BR | Spa, Sauna & Cold Plunge",194876686,Kiran,Christchurch City,Central Ward,-43.5396251,172.6343622,Entire home/apt,156.0,2.0,7,2026-08-11,3.39,1,303,7,,2026-5,2026-09-17,37.0
1390066063638977928,Riverside Escape near Hagley Park and Hospital,551181197,Paula Kat Charlotte,Christchurch City,Central Ward,-43.5370905,172.6249006,Entire home/apt,431.0,1.0,14,2026-04-26,0.95,177,203,10,,2026-5,2026-09-17,144.0
1229217380798586033,Charming Studio for 2 in the Central City,551181197,Paula Kat Charlotte,Christchurch City,Central Ward,-43.53795,172.63213,Entire home/apt,163.0,1.0,56,2026-07-24,2.36,177,250,11,,2026-5,2026-09-17,55.0
41841780,Spacious Executive Apartment close to the city,167595746,Paul & Denise,Christchurch City,Fendalton Ward,-43.51998,172.62263,Entire home/apt,,2.0,105,2026-07-17,1.33,1,2,16,,2026-5,2026-09-17,62.0
1524955553976998328,"Stylish New Unit, 2 mins from Hagley Park",422894906,Josie,Christchurch City,Spreydon Ward,-43.54212,172.61178,Private room,183.0,1.0,28,2026-05-30,2.77,1,32,28,,2026-5,2026-09-17,110.0
984555851970849256,"An Easy Walk to the CBD - 2 Bed, 2 Bathroom",482671075,Care Property Stays,Christchurch City,Central Ward,-43.53212,172.64593,Entire home/apt,247.0,1.0,40,2026-08-01,1.14,184,231,11,,2026-5,2026-09-17,47.0
1303750435162506073,Comfortable 2BR in Salisbury Street,331763232,Managed By Williams,Christchurch City,Central Ward,-43.5242973,172.6362563,Entire home/apt,192.0,1.0,29,2026-07-18,1.53,165,50,17,,2026-5,2026-09-17,61.0
1528664879285557677,The City Retreat,125757390,KTD Property Services Ltd,Christchurch City,Central Ward,-43.5218392,172.6449661,Entire home/apt,305.0,1.0,6,2026-08-07,0.75,7,117,6,,2026-5,2026-09-17,41.0
1144871921134613342,Triple Treat on Fitzgerald - Your 3-BR Getaway,202585247,Ohana,Christchurch City,Central Ward,-43.5329546,172.65025,Entire home/apt,233.0,1.0,120,2026-08-08,4.38,155,100,49,,2026-5,2026-09-17,40.0
37436662,Penthouse apartment overlooking the park,137200167,Emma,Christchurch City,Spreydon Ward,-43.54071,172.61797,Entire home/apt,256.0,1.0,191,2026-04-24,2.24,2,161,28,,2026-5,2026-09-17,146.0
1620920738769000377,Ray house,745411832,Ran,Christchurch City,Papanui Ward,-43.502187555685445,172.6316811437631,Private room,75.0,1.0,1,2026-02-23,0.17,2,192,1,,2026-5,2026-09-17,206.0
49865906,Family Perfect! Long Term Bliss.,148604490,Leigh,Christchurch City,Spreydon Ward,-43.55613,172.5882,Entire home/apt,242.0,2.0,184,2026-07-18,2.94,3,314,31,,2026-5,2026-09-17,61.0
1680985791390999228,Clean new build with friendly roommates,114551749,Ron,Christchurch City,Halswell Ward,-43.57359983157516,172.58258402487257,Private room,66.0,1.0,0,,,1,362,0,,2026-5,2026-09-17,
14702230,SiloStay - one of it's kind in the world,91435809,Rob,Christchurch City,Banks Peninsula Ward,-43.76857,172.79229,Entire home/apt,250.0,1.0,403,2026-07-22,3.39,1,365,36,,2026-5,2026-09-17,57.0
30124708,Cosy Beach Retreat,226356684,Denise,Christchurch City,Coastal Ward,-43.48788,172.72119,Entire home/apt,246.0,1.0,98,2026-04-16,1.06,1,165,9,,2026-5,2026-09-17,154.0
1668658747000346093,Seaview 1BR Apartment Marine Parade,331763232,Managed By Williams,Christchurch City,Coastal Ward,-43.4949398,172.726053,Entire home/apt,185.0,1.0,5,2026-07-13,1.65,165,358,5,,2026-5,2026-09-17,66.0
1447713114368529814,Surf Shack,165962080,Andrea,Christchurch City,Heathcote Ward,-43.57197960559998,172.76351832682445,Entire home/apt,85.0,2.0,5,2026-03-28,0.37,1,89,4,,2026-5,2026-09-17,173.0
663123779828972140,Double bedroom with a Queens bed,466458668,Bonya,Christchurch City,Burwood Ward,-43.50359,172.69663,Private room,72.0,1.0,65,2026-07-10,1.31,1,74,10,,2026-5,2026-09-17,69.0
1090077520024131623,Mediterranean style home,560797550,Vinni,Christchurch City,Halswell Ward,-43.5822143,172.5667461,Private room,,1.0,20,2025-06-05,0.66,1,0,0,,2026-5,2026-09-17,469.0
27111058,Kiwi as Bro! Little Sweety!,148604490,Leigh,Christchurch City,Spreydon Ward,-43.55603,172.59006,Entire home/apt,241.0,1.0,402,2026-07-24,4.24,3,312,24,,2026-5,2026-09-17,55.0
30253435,A Small Sunny Cottage,26451756,Brittany,Christchurch City,Linwood Ward,-43.5534,172.6747,Entire home/apt,146.0,2.0,9,2023-11-01,0.1,1,289,0,,2026-5,2026-09-17,1051.0
8476612,Kereru holiday home - Le Bons Bay,1868108,Anna,Christchurch City,Banks Peninsula Ward,-43.74045,173.09303,Entire home/apt,279.0,2.0,41,2026-07-18,1.16,1,232,9,,2026-5,2026-09-17,61.0
14885987,Halfmoon Cottage at the head of Akaroa harbour.,93365561,Cor & Margo,Christchurch City,Banks Peninsula Ward,-43.75784,172.91221,Private room,166.0,2.0,244,2025-02-12,2.03,4,48,0,,2026-5,2026-09-17,582.0
51395048,Bel Air Mansion | 6BR | Sleeps 12 | Near CBD,202585247,Ohana,Christchurch City,Riccarton Ward,-43.523963928222656,172.59078979492188,Entire home/apt,720.0,1.0,272,2026-08-07,4.46,155,60,29,,2026-5,2026-09-17,41.0
9682036,Koromiko Farm Stay @ Loch Sloy Farm Little River,42799059,Rob,Christchurch City,Banks Peninsula Ward,-43.781,172.78958,Entire home/apt,325.0,1.0,242,2026-07-30,1.92,2,327,28,,2026-5,2026-09-17,49.0
1308969689325764856,Cozy Private Retreat | Bedroom | Sleeps 3,117404754,Mel,Christchurch City,Burwood Ward,-43.498235,172.6901684,Private room,49.0,1.0,82,2026-07-23,4.08,1,107,47,,2026-5,2026-09-17,56.0
1713234769658237047,Bottle Lake Ensuite with Kitchen 12pm checkout!,88769311,Steve,Christchurch City,Coastal Ward,-43.4708785,172.6984917,Entire home/apt,103.0,2.0,0,,,2,187,0,,2026-5,2026-09-17,
956017620692827349,Breezy Beachside Haven | New Coastal Retreat,49642171,Lily-SimplyHost,Christchurch City,Coastal Ward,-43.5096,172.7309,Entire home/apt,199.0,1.0,86,2026-07-29,2.4,97,302,30,,2026-5,2026-09-17,50.0
1109481859369924521,Modern Private Ensuite ROOM – Christchurch,186382574,Wayne,Christchurch City,Burwood Ward,-43.50549,172.69958,Private room,90.0,1.0,85,2026-07-22,2.88,3,147,31,,2026-5,2026-09-17,57.0
17479227,"Lovely, sunny ensuite home with most facilities",118404180,Dave & Anne,Christchurch City,Burwood Ward,-43.50051,172.68127,Entire home/apt,137.0,2.0,79,2026-07-16,0.69,2,348,9,,2026-5,2026-09-17,63.0
979339646167555465,New Brighton Beachside Stay | Near He Puna Pool,482671075,Care Property Stays,Christchurch City,Coastal Ward,-43.50951,172.73169,Entire home/apt,164.0,1.0,147,2026-07-07,4.2,184,170,33,,2026-5,2026-09-17,72.0
593745446809390005,Coastal City Retreat - New Brighton Accommodation,145244100,Bachcare,Christchurch City,Coastal Ward,-43.50779,172.73028,Entire home/apt,,2.0,1,2022-06-05,0.02,1231,363,0,,2026-5,2026-09-17,1565.0
32016540,A Little Bit Beachy: Modern Room/Private Toilet,177595361,Vanessa And Alex,Christchurch City,Coastal Ward,-43.50004,172.71521,Private room,103.0,2.0,24,2024-03-23,0.26,1,355,0,,2026-5,2026-09-17,908.0
1368287815454538578,Large Family Home w Garden,6488929,Sarah,Christchurch City,Coastal Ward,-43.47527110770067,172.70785552797602,Entire home/apt,296.0,2.0,12,2026-05-17,0.75,1,75,11,,2026-5,2026-09-17,123.0
612700216261116966,Peaceful City Cottage & Hot Tub,202585247,Ohana,Christchurch City,Central Ward,-43.52005386352539,172.65318298339844,Entire home/apt,267.0,1.0,405,2026-08-08,7.74,155,153,78,,2026-5,2026-09-17,40.0
858386913431812148,Sunsoaked seaside 1 bedroom 1 bath,482671075,Care Property Stays,Christchurch City,Coastal Ward,-43.5036249,172.7293298,Entire home/apt,176.0,1.0,167,2026-06-16,4.09,184,253,31,,2026-5,2026-09-17,93.0
834302475667982138,"Unbeatable Price, Breakfast, 7 mins to CBD, Sauna!",271872412,Marie,Christchurch City,Burwood Ward,-43.5117,172.67584,Private room,60.0,1.0,53,2026-03-08,1.26,2,322,8,,2026-5,2026-09-17,193.0
30026461,Cockle Lane Beach Studio One,225439420,Despina,Christchurch City,Coastal Ward,-43.48222,172.72223,Entire home/apt,289.0,1.0,42,2026-04-23,0.45,2,320,7,,2026-5,2026-09-17,147.0
1386624999505971942,City Escape - Near New Brighton Beach & He Puna,551181197,Paula Kat Charlotte,Christchurch City,Coastal Ward,-43.5087608,172.7312549,Entire home/apt,213.0,1.0,32,2026-07-20,1.98,177,247,20,,2026-5,2026-09-17,59.0
1626392065711038639,2-Bedroom Townhouse Opposite The Palms + Carpark,551181197,Paula Kat Charlotte,Christchurch City,Burwood Ward,-43.5085431,172.6656333,Entire home/apt,239.0,1.0,7,2026-07-15,1.25,177,245,7,,2026-5,2026-09-17,64.0
1677898311300906976,Christchurch Stay | Hot Tub & Billiards | Sleeps 9,202585247,Ohana,Christchurch City,Halswell Ward,-43.55545,172.54002,Entire home/apt,348.0,1.0,3,2026-07-22,2.0,155,147,3,,2026-5,2026-09-17,57.0
1347564986909598649,Renovated villa in Little River,66522357,Robyn,Christchurch City,Banks Peninsula Ward,-43.76459163639871,172.7979851046084,Entire home/apt,290.0,1.0,38,2026-08-01,2.05,1,317,26,,2026-5,2026-09-17,47.0
601764322116880594,Luxe Eco friendly one bedroom cottage,453561286,Richard,Christchurch City,Banks Peninsula Ward,-43.76576,172.79105,Entire home/apt,272.0,2.0,31,2026-07-10,0.61,1,272,6,,2026-5,2026-09-17,69.0
1021267388585937641,Okioki - Seaside Escape,482671075,Care Property Stays,Christchurch City,Coastal Ward,-43.494036,172.7258729,Entire home/apt,164.0,1.0,142,2026-07-30,4.26,184,241,49,,2026-5,2026-09-17,49.0
1630210813776829950,New Brighton charm.,744831115,Liliana,Christchurch City,Coastal Ward,-43.48875323431194,172.71234211174135,Entire home/apt,187.0,1.0,3,2026-04-28,0.57,1,365,3,,2026-5,2026-09-17,142.0
1000930407974120033,"No Cleaning Fee, Large Twin Queen Beds Room",301768563,V,Christchurch City,Papanui Ward,-43.48955997,172.61479624,Private room,213.0,1.0,0,,,2,351,0,,2026-5,2026-09-17,
38131568,Riccarton the best Location in Christchurch,205850908,Edgar,Christchurch City,Riccarton Ward,-43.53644,172.58957,Private room,112.0,1.0,0,,,1,179,0,,2026-5,2026-09-17,
813231393807164779,Marine Bach - Diamond Harbour,498144930,Kenn,Christchurch City,Banks Peninsula Ward,-43.62895,172.72986,Entire home/apt,229.0,2.0,89,2026-07-10,2.07,1,174,27,,2026-5,2026-09-17,69.0
1000923391463404465,Seaside Single-level New Studio.,36181980,Chris,Christchurch City,Coastal Ward,-43.50995,172.7318,Entire home/apt,192.0,1.0,157,2026-07-15,4.66,3,107,48,,2026-5,2026-09-17,64.0
952384856334481871,Cool,530346508,Rajni,Christchurch City,Riccarton Ward,-43.53761249999999,172.5841312,Private room,97.0,1.0,0,,,1,269,0,,2026-5,2026-09-17,
1642923718581755359,Clearwater Golf Resort- Guests Hosted By A Member,64123626,Philip,Christchurch City,Harewood Ward,-43.44916,172.5894,Private room,470.0,2.0,0,,,3,157,0,,2026-5,2026-09-17,
1173615816795046498,Alpha Motel Business One-Bedroom,179297759,Peng,Christchurch City,Riccarton Ward,-43.5384365,172.5789529,Entire home/apt,170.0,1.0,0,,,19,269,0,,2026-5,2026-09-17,
20175384,Luxury caravan for hire,132350084,Nz4u2u,Christchurch City,Harewood Ward,-43.46646,172.58437,Entire home/apt,238.0,3.0,0,,,1,178,0,,2026-5,2026-09-17,
1040165976858575249,Stylish~Central~Gated free car park-King Bed,537318846,Jemima,Christchurch City,Central Ward,-43.51706,172.63595,Entire home/apt,193.0,1.0,168,2026-07-30,5.5,5,27,87,,2026-5,2026-09-17,49.0
1491166578064883063,Garden view/Double bed/Heat Pump/Private Entrance,430177594,Paul,Christchurch City,Hornby Ward,-43.55264478385439,172.52742134034634,Private room,62.0,1.0,120,2026-08-01,10.11,4,353,120,,2026-5,2026-09-17,47.0
1553381294664289544,Brand new 3 BR 3 Bathroom close to Hornby mall,211195948,Jenny,Christchurch City,Hornby Ward,-43.55062,172.53285,Entire home/apt,331.0,1.0,18,2026-06-28,2.02,19,239,18,,2026-5,2026-09-17,81.0
1502457447799678494,no. 6 Private single room at detached sleepout,105265867,Andrew,Christchurch City,Riccarton Ward,-43.53803,172.57023,Private room,65.0,2.0,2,2026-03-25,0.26,8,251,2,,2026-5,2026-09-17,176.0
1655373571170428727,House of Boom 3|Bedrooms,162705115,Christianne,Christchurch City,Spreydon Ward,-43.56368,172.58506,Entire home/apt,332.0,1.0,1,2026-07-11,0.86,2,15,1,,2026-5,2026-09-17,68.0
1431402493983919661,Sweet home near airport,542186568,Sharon,Christchurch City,Harewood Ward,-43.4931057,172.5822909,Entire home/apt,196.0,1.0,88,2026-08-05,6.15,7,32,77,,2026-5,2026-09-17,43.0
1301013901011469466,Summer House with Pool,12232441,Francine Audrey,Christchurch City,Riccarton Ward,-43.52676940633559,172.5881382424581,Entire home/apt,643.0,4.0,0,,,1,19,0,,2026-5,2026-09-17,
1532812457021071262,Large en-suite self-contained quiet bedroom,160780,Mary,Christchurch City,Riccarton Ward,-43.53345170750078,172.5914157857446,Private room,151.0,2.0,2,2026-02-14,0.3,2,88,2,,2026-5,2026-09-17,215.0
1271509900056771029,Beautiful Studio w/Parking | Near CBD & Port Hills,131734373,Alicia,Christchurch City,Spreydon Ward,-43.56147,172.58342,Entire home/apt,201.0,1.0,40,2026-07-24,1.84,10,280,10,,2026-5,2026-09-17,55.0
1500217084651556507,Hatfield House,235838397,Michael,Christchurch City,Spreydon Ward,-43.56664,172.59515,Entire home/apt,873.0,1.0,27,2026-07-12,2.76,1,188,27,,2026-5,2026-09-17,67.0
10176247,Stylish 2 Bed Guest Wing near Airport inc Netflix,25471419,Cheryl,Christchurch City,Fendalton Ward,-43.51817,172.59099,Private room,129.0,1.0,322,2026-07-17,2.51,2,247,29,,2026-5,2026-09-17,62.0
1519888922133852308,Sumner Beachside Apartment,1822285,Michele,Christchurch City,Heathcote Ward,-43.5682067,172.760229,Entire home/apt,365.0,2.0,1,2026-01-05,0.14,1,156,1,,2026-5,2026-09-17,255.0
957523927166819985,Deluxe Studio,238866720,Deepak,Christchurch City,Riccarton Ward,-43.5298776,172.5942356,Private room,,1.0,0,,,2,0,0,,2026-5,2026-09-17,
1160325280324210108,Cozy 2-Bed: Near City Biking and Trails,551181197,Paula Kat Charlotte,Christchurch City,Central Ward,-43.5129656,172.6659392,Entire home/apt,209.0,1.0,71,2026-08-02,2.65,177,246,39,,2026-5,2026-09-17,46.0
992558942935683403,Central City Work or Play Pad!,168218832,Benjamin,Christchurch City,Central Ward,-43.5179232,172.656595,Entire home/apt,297.0,1.0,101,2026-07-13,3.14,1,142,53,,2026-5,2026-09-17,66.0
782236470176105298,Tranquil And Entertaining Lifestyle 3 Bed House,489786737,Jing,Christchurch City,Innes Ward,-43.4775865,172.6590199,Entire home/apt,307.0,2.0,42,2026-07-13,0.97,2,260,14,,2026-5,2026-09-17,66.0
21669515,Deluxe Private Studio close to Airport,90897150,Machi And Roger,Christchurch City,Harewood Ward,-43.47928,172.58117,Entire home/apt,129.0,1.0,985,2026-08-11,9.25,1,200,142,,2026-5,2026-09-17,37.0
1258266453336664483,Family Friendly Home -Sleeps 7-Near Airport & City,83232135,Emily,Christchurch City,Papanui Ward,-43.48271929999999,172.60702352820698,Entire home/apt,166.0,3.0,32,2026-07-16,1.47,1,252,16,,2026-5,2026-09-17,63.0
1726703730677305505,Guesthouse in Christchurch - No cleaning fee,108840733,Nikki,Christchurch City,Waimairi Ward,-43.4962,172.57418,Entire home/apt,174.0,1.0,7,2026-08-12,7.0,4,277,7,,2026-5,2026-09-17,36.0
20057526,Maison Rouge,63850245,Danielle,Christchurch City,Central Ward,-43.51784,172.65733,Entire home/apt,206.0,2.0,355,2026-07-25,3.24,2,280,23,,2026-5,2026-09-17,54.0
1035780052969941865,"10 min Airport | Private 2 Bedrooms, Bath & Lounge",236208457,Vinu,Christchurch City,Hornby Ward,-43.54941230000001,172.5338239,Private room,224.0,1.0,103,2026-07-15,3.14,2,343,35,,2026-5,2026-09-17,64.0
1625841541684645894,Cosy room + ensuite close to the city centre!,336243001,Samuel,Christchurch City,Central Ward,-43.52021,172.65009,Private room,134.0,1.0,1,2026-03-14,0.19,1,341,1,,2026-5,2026-09-17,187.0
966357988562518793,Guest Suite in Strowan,369486357,Shawn,Christchurch City,Fendalton Ward,-43.50327,172.60955,Entire home/apt,104.0,1.0,206,2026-07-12,5.74,1,357,49,,2026-5,2026-09-17,67.0
1692397620377806327,House of Boom 2|Bedrooms,162705115,Christianne,Christchurch City,Spreydon Ward,-43.56265,172.58546,Entire home/apt,330.0,1.0,0,,,2,16,0,,2026-5,2026-09-17,
15113463,"NEW,stylish, contemporary New Zealand architecture",95753227,David Campbell,Christchurch City,Fendalton Ward,-43.514373779296875,172.62033081054688,Private room,217.0,1.0,102,2026-03-31,0.88,1,217,10,,2026-5,2026-09-17,170.0
1636500857790786754,Cozy Peaceful Private Room / Free Parking,370840480,Kevan,Christchurch City,Halswell Ward,-43.56136,172.54316,Private room,77.0,1.0,1,2026-08-09,1.0,2,364,1,,2026-5,2026-09-17,39.0
1221524890957349021,"Stevens House
3BR Home in Hornby ·Clean & Spacious",103500955,Nicole,Christchurch City,Hornby Ward,-43.553099,172.5256652,Entire home/apt,294.0,2.0,29,2026-07-10,1.24,1,172,10,,2026-5,2026-09-17,69.0
812651524338344833,Cosy cottage,66848108,Timothy,Christchurch City,Harewood Ward,-43.48856,172.59396,Entire home/apt,167.0,2.0,41,2026-07-13,0.98,3,61,12,,2026-5,2026-09-17,66.0
1640157764200972436,Midnight Haven New build 3BR Near Airport +Garage,190903503,Nan,Christchurch City,Hornby Ward,-43.527739311914154,172.55486980978696,Entire home/apt,235.0,1.0,3,2026-07-04,1.64,2,319,3,,2026-5,2026-09-17,75.0
39424162,Vegan Vegetarian Inquiries only Please,302823704,Yugal,Christchurch City,Halswell Ward,-43.56069,172.54278,Private room,1153.0,1.0,0,,,1,364,0,,2026-5,2026-09-17,
1323732454895857789,a cosy house in Wigram,669845493,Rickwan,Christchurch City,Halswell Ward,-43.55898,172.55758,Entire home/apt,226.0,1.0,0,,,1,364,0,,2026-5,2026-09-17,
1214360177031446063,"Modern Home: 2 Ensuites, 17 Min to City & CHC Air",533050528,Na,Christchurch City,Halswell Ward,-43.57887,172.56231,Entire home/apt,245.0,1.0,26,2026-07-18,1.06,2,142,10,,2026-5,2026-09-17,61.0
804516858244645413,Redwood Accommodation.,495295655,Michelle,Christchurch City,Papanui Ward,-43.472287,172.6194946,Entire home/apt,112.0,1.0,163,2026-08-11,3.74,1,181,30,,2026-5,2026-09-17,37.0
1569065134340570569,"Family friendly house, close to Riccarton Mall",66524262,Katrina,Christchurch City,Riccarton Ward,-43.52837,172.58993,Entire home/apt,344.0,1.0,6,2026-07-17,0.83,1,226,6,,2026-5,2026-09-17,62.0
1494493797254620464,Luxury New Chic 2Bed Home Near Northlands Mall,663807688,Leah,Christchurch City,Papanui Ward,-43.4896,172.61433,Entire home/apt,280.0,1.0,41,2026-08-02,3.52,2,350,41,,2026-5,2026-09-17,46.0
16262345,Garden Cottage near airport,6811155,Nelson And Therese,Christchurch City,Waimairi Ward,-43.51004,172.57445,Entire home/apt,154.0,1.0,813,2026-08-08,6.91,1,183,85,,2026-5,2026-09-17,40.0
1732565938505438353,+The Crossing+,1732565653726448749,Xia,Christchurch City,Riccarton Ward,-43.5325303,172.5676982,Entire home/apt,346.0,1.0,0,,,2,310,0,,2026-5,2026-09-17,
1047531436179474590,Monthly-Ready 1BR with Workspace near Westfield,49642171,Lily-SimplyHost,Christchurch City,Riccarton Ward,-43.53426,172.5846,Entire home/apt,207.0,1.0,59,2026-08-07,1.93,97,240,23,,2026-5,2026-09-17,41.0
1140873975856311535,"Modern 1BR Apartment | Netflix, Disney+ & Parking",573757538,Prince,Christchurch City,Riccarton Ward,-43.53762,172.60166,Entire home/apt,185.0,1.0,1,2025-09-23,0.09,7,270,1,,2026-5,2026-09-17,359.0
1701058747719421152,Peaceful CBD Stay - Hagley + Hospital + Garage,482671075,Care Property Stays,Christchurch City,Central Ward,-43.5388461,172.6207016,Entire home/apt,338.0,1.0,5,2026-07-13,2.73,184,213,5,,2026-5,2026-09-17,66.0
1685002680880797438,Modern Townhouse in Central Addington,682808597,Devon,Christchurch City,Spreydon Ward,-43.54303,172.61361,Entire home/apt,280.0,1.0,8,2026-08-07,3.12,28,306,8,,2026-5,2026-09-17,41.0
28316463,Good as New Studio #7,50694865,Hotel,Christchurch City,Fendalton Ward,-43.520267,172.626251,Entire home/apt,201.0,1.0,78,2026-02-08,0.81,11,346,1,,2026-5,2026-09-17,221.0
15620471,Hartford House - Christchurch,100696941,Tara-Jayne,Christchurch City,Riccarton Ward,-43.52628,172.60875,Private room,282.0,7.0,12,2026-03-02,0.1,3,364,1,,2026-5,2026-09-17,199.0
1345944538708947216,Cozy 1BR Studio with Ensuite – Hagley Park,49642171,Lily-SimplyHost,Christchurch City,Spreydon Ward,-43.542140754079625,172.61315192468163,Entire home/apt,146.0,1.0,26,2026-07-16,1.44,97,345,18,,2026-5,2026-09-17,63.0
1476333463082849953,'Hagley Hideaway' 5 min walk to Hagley Park South.,89797771,Kimmy,Christchurch City,Riccarton Ward,-43.5373358,172.6093632,Entire home/apt,173.0,1.0,13,2026-04-25,1.73,1,246,13,,2026-5,2026-09-17,145.0
1414861460368484319,Quiet Apartment in Garden Motel by Hagley Park#1,679694023,Max,Christchurch City,Riccarton Ward,-43.52706791847199,172.60722400708738,Entire home/apt,310.0,1.0,2,2026-04-08,0.27,2,208,2,,2026-5,2026-09-17,162.0
1548904075099698728,Addington 2BR with Patio & Parking | Near Hagley,202585247,Ohana,Christchurch City,Spreydon Ward,-43.5417536,172.6118673,Entire home/apt,232.0,1.0,59,2026-07-30,6.48,155,97,59,,2026-5,2026-09-17,49.0
1164877606258479421,Stylish 3-Bedroom Home in Prime City with Garage,551181197,Paula Kat Charlotte,Christchurch City,Fendalton Ward,-43.521363,172.6216895,Entire home/apt,390.0,1.0,23,2026-08-09,0.86,177,257,5,,2026-5,2026-09-17,39.0
1045273739890816252,Comfortable Stay With Affordable Price.,550753812,Manpreet,Christchurch City,Heathcote Ward,-43.549515739465,172.6517293229699,Private room,71.0,1.0,87,2026-04-25,2.74,1,89,28,,2026-5,2026-09-17,145.0
1426565769027617686,New Townhouse - Walk to your Coffee and shops,22183001,Rachael,Christchurch City,Innes Ward,-43.50702960736995,172.63236530649417,Entire home/apt,363.0,1.0,37,2026-07-26,2.99,1,234,36,,2026-5,2026-09-17,53.0
23378565,Oasis near city center,173433365,Kerry,Christchurch City,Central Ward,-43.52778,172.66296,Private room,84.0,2.0,195,2026-05-04,1.89,2,238,17,,2026-5,2026-09-17,136.0
10342831,"Self-Contained Studio 
| 10 min to City + Parking",53230965,Ailsa,Christchurch City,Cashmere Ward,-43.56417,172.65503,Entire home/apt,88.0,1.0,641,2026-08-06,5.0,1,263,76,,2026-5,2026-09-17,42.0
43004427,Superior Studio (Upper Floor) - Kauri Motel,302631641,Kauri,Christchurch City,Riccarton Ward,-43.529789,172.597031,Private room,174.0,1.0,0,,,4,346,0,,2026-5,2026-09-17,
1649589196496182748,Riccarton Family Stay Near Mall & Uni,482671075,Care Property Stays,Christchurch City,Riccarton Ward,-43.5342005,172.5976359,Entire home/apt,354.0,1.0,9,2026-08-02,2.18,184,246,9,,2026-5,2026-09-17,46.0
1097487,Heritage Magic in Merivale,4993285,Paulette,Christchurch City,Fendalton Ward,-43.51149,172.6254,Private room,189.0,1.0,230,2025-03-03,1.98,1,194,0,,2026-5,2026-09-17,563.0
713337408265816459,3 bedroom townhouse Opposite Hagley Park,74811135,Maggie,Christchurch City,Riccarton Ward,-43.53382,172.60985,Entire home/apt,294.0,1.0,261,2026-07-11,5.48,46,128,31,,2026-5,2026-09-17,68.0
3363429,A Perfect Stay - Last Minute Specials 3br &Garage,16967897,Joan,Christchurch City,Riccarton Ward,-43.52992630004883,172.60997009277344,Entire home/apt,239.0,2.0,399,2026-07-11,2.73,1,35,57,,2026-5,2026-09-17,68.0
21717082,Addington-10min/Rail/Wolfbrook Arena/Races/Room A,157981094,Carla,Christchurch City,Spreydon Ward,-43.54193,172.60707,Private room,123.0,1.0,254,2026-04-05,2.41,2,268,15,,2026-5,2026-09-17,165.0
1225489971042916547,Apartment with great Views -Near Christchurch City,170103780,Nadia,Christchurch City,Cashmere Ward,-43.56541,172.64997,Entire home/apt,125.0,1.0,101,2026-07-11,4.5,1,312,59,,2026-5,2026-09-17,68.0
1716148995601959025,Luxury Merivale Townhouse | 3 Bed |Walk Everywhere,220869824,Belinda,Christchurch City,Central Ward,-43.51735,172.62689,Entire home/apt,518.0,2.0,0,,,4,304,0,,2026-5,2026-09-17,
17224719,Freshly Renovated Downstairs Studio Unit #6,50694865,Hotel,Christchurch City,Fendalton Ward,-43.520267,172.626251,Entire home/apt,231.0,1.0,90,2023-03-31,0.78,11,283,0,,2026-5,2026-09-17,1266.0
24757121,Brockworth Cottage,186391483,John,Christchurch City,Riccarton Ward,-43.535,172.60973,Entire home/apt,255.0,2.0,33,2025-12-31,0.35,1,298,1,,2026-5,2026-09-17,260.0
1241362289050096704,"Location, stunning new townhouse",45172785,The MAC Property Team,Christchurch City,Central Ward,-43.51684849999999,172.6359575,Entire home/apt,252.0,1.0,135,2026-07-25,5.94,46,275,70,,2026-5,2026-09-17,54.0
1642399790241660308,"Self-contained modern studio, independent access",41662155,Claire,Christchurch City,Fendalton Ward,-43.51911,172.622,Entire home/apt,231.0,3.0,0,,,1,324,0,,2026-5,2026-09-17,
31362788,Home with Beautiful Garden,8622846,Evelyn,Christchurch City,Heathcote Ward,-43.55387,172.66285,Entire home/apt,240.0,1.0,140,2025-04-04,1.53,1,245,0,,2026-5,2026-09-17,531.0
1672793430882895761,Central Family Townhouse | Baby Friendly + Parking,482671075,Care Property Stays,Christchurch City,Central Ward,-43.5183296,172.6463621,Entire home/apt,254.0,1.0,7,2026-07-14,2.1,184,242,7,,2026-5,2026-09-17,65.0
1658386845705920820,The Studio Merivale Christchurch City.,30338987,Nicola,Christchurch City,Fendalton Ward,-43.51509,172.62428,Entire home/apt,161.0,1.0,4,2026-07-05,1.0,4,113,4,,2026-5,2026-09-17,74.0
18725148,Happy house with dog housemate,115396571,Stuart,Christchurch City,Papanui Ward,-43.4713,172.62645,Private room,54.0,3.0,4,2026-03-07,0.05,1,159,1,,2026-5,2026-09-17,194.0
1109671055886192842,Lovely in Linwood: 2BR Beauty with free Carpark,551181197,Paula Kat Charlotte,Christchurch City,Central Ward,-43.52738919999999,172.6630978,Entire home/apt,211.0,1.0,48,2026-07-24,1.69,177,251,35,,2026-5,2026-09-17,55.0
11326368,Recently Renovated Two Bedroom Unit near the Park,50694865,Hotel,Christchurch City,Fendalton Ward,-43.520267,172.626251,Entire home/apt,339.0,1.0,120,2023-02-04,0.94,11,337,0,,2026-5,2026-09-17,1321.0
1197544462751685467,CBD Luxury Parkside Living 2 Bedroom With Parking,49642171,Lily-SimplyHost,Christchurch City,Fendalton Ward,-43.5205342,172.6220731,Entire home/apt,248.0,1.0,10,2026-04-28,0.44,97,338,5,,2026-5,2026-09-17,142.0
795807242501503262,"Near to City, 2 Single Size Beds, Clean & Tidy",451174187,Hou Keet,Christchurch City,Heathcote Ward,-43.55059,172.65046,Private room,50.0,1.0,151,2026-07-04,3.46,3,173,22,,2026-5,2026-09-17,75.0
988622484050176415,Beautiful and clean Home,242127843,Jamerson,Christchurch City,Papanui Ward,-43.47037,172.62931,Private room,574.0,1.0,0,,,1,269,0,,2026-5,2026-09-17,
1524349872114356652,温馨小屋,326582112,Olivia,Christchurch City,Spreydon Ward,-43.54535,172.61364,Private room,95.0,1.0,6,2026-01-26,0.6,2,361,6,,2026-5,2026-09-17,234.0
1475145295048768393,"Modern King Studio | Netflix, Disney+ & Parking",573757538,Prince,Christchurch City,Riccarton Ward,-43.537756236760906,172.60171143736576,Entire home/apt,120.0,1.0,5,2025-12-22,0.4,7,362,4,,2026-5,2026-09-17,269.0
28210667,Stylish private townhouse. Free parking for 2 cars,201714794,Steve,Christchurch City,Central Ward,-43.51598,172.63206,Entire home/apt,124.0,2.0,442,2026-08-08,4.6,2,225,83,,2026-5,2026-09-17,40.0
51094543,Prime Location Cosy Warm Free Off Street Park,45768555,Hasslefree Accommodation,Christchurch City,Spreydon Ward,-43.54406,172.60803,Entire home/apt,260.0,1.0,176,2026-07-02,2.87,65,271,30,,2026-5,2026-09-17,77.0
830238950782558696,Addington City Base | 2BR | Free Parking,202585247,Ohana,Christchurch City,Spreydon Ward,-43.54470999999999,172.6090661,Entire home/apt,230.0,1.0,291,2026-07-30,7.24,155,50,70,,2026-5,2026-09-17,49.0
1472161217701891393,Merivale Court Family Suit(2bedr)-Unit 4,707858717,Stay At Christchurch Ltd,Christchurch City,Fendalton Ward,-43.51604056114709,172.62541014961516,Entire home/apt,225.0,1.0,1,2025-09-19,0.09,14,363,1,,2026-5,2026-09-17,363.0
13926671,Cute apartment in great location,38806771,Martin,Christchurch City,Spreydon Ward,-43.54343,172.6181,Entire home/apt,169.0,6.0,92,2026-06-27,0.76,1,164,8,,2026-5,2026-09-17,82.0
25036583,Hagley Park Townhouse,173106384,Tom,Christchurch City,Riccarton Ward,-43.528357740777174,172.61179970185245,Entire home/apt,285.0,2.0,77,2026-08-11,2.04,1,151,25,,2026-5,2026-09-17,37.0
631447305841657944,Central Secure Double Garage 5 Bedroom Apartment,43226526,Janine,Christchurch City,Linwood Ward,-43.53722,172.66202,Entire home/apt,314.0,2.0,25,2026-04-27,0.49,4,361,6,,2026-5,2026-09-17,143.0
1574155509655285399,Sherborne St | Secure Townhouse with Double Garage,482671075,Care Property Stays,Christchurch City,Innes Ward,-43.51509,172.63794,Entire home/apt,209.0,1.0,25,2026-07-31,3.21,184,8,25,,2026-5,2026-09-17,48.0
1070913847634979117,4mins walk to Westfield Riccarton Mall RM02,180085404,Urban Accommodation In Christchurch City,Christchurch City,Fendalton Ward,-43.52691,172.60212,Private room,93.0,1.0,12,2025-07-16,0.39,4,12,0,,2026-5,2026-09-17,428.0
1094494782018915363,Family Retreat by Hagley Park & CBD,180772694,Andrew,Christchurch City,Central Ward,-43.52262,172.62026,Entire home/apt,447.0,1.0,181,2026-08-10,6.08,2,280,81,,2026-5,2026-09-17,38.0
28107628,"Sydenham Villa, 20 min city on foot +Parking",24205506,"Mayie, Judi And Karen At Bookahome",Christchurch City,Heathcote Ward,-43.54844,172.63988,Entire home/apt,328.0,2.0,85,2026-04-24,0.89,81,322,6,,2026-5,2026-09-17,146.0
1409768578149808525,Motel Studio Room,675770822,Mengfei,Christchurch City,Linwood Ward,-43.541121873202584,172.66437252594372,Entire home/apt,160.0,1.0,0,,,2,364,0,,2026-5,2026-09-17,
1531664726347545836,Central living,667950876,Vinnie Sharma,Christchurch City,Spreydon Ward,-43.544013194773186,172.61318953158496,Entire home/apt,260.0,3.0,0,,,1,289,0,,2026-5,2026-09-17,
675571824847066088,Elegant 2-Level Penthouse with Panoramic Views,682808597,Devon,Christchurch City,Fendalton Ward,-43.52106,172.62068,Entire home/apt,550.0,1.0,202,2026-08-11,4.21,28,208,59,,2026-5,2026-09-17,37.0
43012810,"Suite As, Hotel Carlton Mill",50694865,Hotel,Christchurch City,Fendalton Ward,-43.520267,172.626251,Entire home/apt,265.0,1.0,10,2024-02-15,0.14,11,351,0,,2026-5,2026-09-17,945.0
1580746285140619179,Quiet and peaceful luxury at a low price,32636421,Karyn,Christchurch City,Cashmere Ward,-43.56707,172.64747,Private room,126.0,1.0,1,2026-01-17,0.14,3,360,1,,2026-5,2026-09-17,243.0
1165417281416812417,Charming 3-Bedroom Home Near Christchurch City,551181197,Paula Kat Charlotte,Christchurch City,Heathcote Ward,-43.55165969999999,172.6373925,Entire home/apt,297.0,1.0,57,2026-07-25,2.12,177,256,21,,2026-5,2026-09-17,54.0
36619350,One Bedroom Family Unit,266905655,Hari,Christchurch City,Central Ward,-43.52051,172.64185,Entire home/apt,172.0,1.0,55,2026-02-10,0.69,5,359,6,,2026-5,2026-09-17,219.0
1577389596430670846,Affordable Private Sleep-Out Room #1 Own Entrance,251685150,Reshabh,Christchurch City,Heathcote Ward,-43.54852,172.64317,Private room,77.0,1.0,2,2026-05-29,0.34,2,295,2,,2026-5,2026-09-17,111.0
1472838319513041189,Merivale Court Family Suit(2bedr)-Unit 1,707858717,Stay At Christchurch Ltd,Christchurch City,Fendalton Ward,-43.51760938023054,172.625527635809,Entire home/apt,232.0,1.0,1,2026-03-14,0.19,14,348,1,,2026-5,2026-09-17,187.0
1651852981384080581,Room in Spreydon,188622217,Seonaid,Christchurch City,Spreydon Ward,-43.55213,172.60727,Private room,70.0,2.0,1,2026-05-16,0.33,1,87,1,,2026-5,2026-09-17,124.0
1131397420524641317,"Perfect Position, Hagley Park",102653021,Barbara,Christchurch City,Riccarton Ward,-43.53077,172.60981,Entire home/apt,310.0,1.0,97,2026-08-01,3.55,1,176,41,,2026-5,2026-09-17,47.0
842416641756183877,Beckenham studio on tree lined street,299816018,Philippa,Christchurch City,Cashmere Ward,-43.5592,172.64262,Entire home/apt,200.0,1.0,71,2026-07-07,1.71,1,175,16,,2026-5,2026-09-17,72.0
1629974580932669121,Stunning Private Room at Hagley Park,302772664,Holly,Christchurch City,Riccarton Ward,-43.5355398723915,172.61192821395574,Private room,127.0,1.0,6,2026-04-25,1.11,3,360,6,,2026-5,2026-09-17,145.0
622628452869454032,"Big House- families and friends, close to stadium",15218301,Kate,Christchurch City,Central Ward,-43.52626,172.6673,Entire home/apt,283.0,1.0,48,2026-07-11,0.94,1,83,7,,2026-5,2026-09-17,68.0
1119986858515136250,"Private House, Calm, Private| BBQ |15 min from CDB",118401311,Analia,Christchurch City,Linwood Ward,-43.53928,172.66732,Entire home/apt,163.0,2.0,8,2025-01-05,0.28,1,175,0,,2026-5,2026-09-17,620.0
51892118,Tui Triple - sole use for your group,1743811,Kelly,Christchurch City,Spreydon Ward,-43.55041,172.60932,Private room,43.0,5.0,49,2026-07-21,0.95,4,137,16,,2026-5,2026-09-17,58.0
1314957216987592905,Quiet 2BR •Walk to CBD •Parking •Pet-Friendly Yard,84279395,Pearl,Christchurch City,Central Ward,-43.51920856102826,172.6421210711966,Entire home/apt,177.0,1.0,30,2026-08-09,1.5,2,139,22,,2026-5,2026-09-17,39.0
1675047921791584783,Comfortable Private En-suite near OneNZ Stadium,186765414,Radhika,Christchurch City,Linwood Ward,-43.54419,172.66901,Private room,79.0,1.0,17,2026-08-11,6.37,1,205,17,,2026-5,2026-09-17,37.0
15449789,City Townhouse,70878697,Joanna,Christchurch City,Central Ward,-43.51865,172.63628,Entire home/apt,146.0,20.0,92,2026-01-18,0.77,2,269,2,,2026-5,2026-09-17,242.0
1248955778437216351,Cosy & Stylish 2BR Near CBD,49642171,Lily-SimplyHost,Christchurch City,Linwood Ward,-43.53903704787669,172.66405702447943,Entire home/apt,267.0,1.0,51,2026-06-19,2.32,97,277,15,,2026-5,2026-09-17,90.0
1424953242864005738,"City Retreat on Armagh
#5– Quiet, Bright, Perfect",696473453,Punyadeep Singh,Christchurch City,Central Ward,-43.527968028284754,172.66291257156303,Entire home/apt,223.0,1.0,6,2026-07-15,0.8,3,318,6,,2026-5,2026-09-17,64.0
1690301400578135240,Spacious Bath Street Two Bedroom Retreat,331763232,Managed By Williams,Christchurch City,Central Ward,-43.539526931035134,172.6351760892636,Entire home/apt,216.0,1.0,3,2026-07-17,1.64,165,328,3,,2026-5,2026-09-17,62.0
21194575,Cozy Tidy  Close to town and Amenities  .,153075592,Behrooz,Christchurch City,Innes Ward,-43.51167,172.6359,Private room,83.0,2.0,13,2023-11-17,0.19,1,9,0,,2026-5,2026-09-17,1035.0
1675860205928304422,Convenient Apartment Near Christchurch CBD,331763232,Managed By Williams,Christchurch City,Central Ward,-43.5390361,172.6348595,Entire home/apt,185.0,1.0,0,,,165,338,0,,2026-5,2026-09-17,
1609055532464983451,Stadium & Port Hills View 1BR Apartment | Balcony,551181197,Paula Kat Charlotte,Christchurch City,Central Ward,-43.5318421,172.6398551,Entire home/apt,246.0,1.0,15,2026-08-02,2.41,177,255,15,,2026-5,2026-09-17,46.0
1521983701324287951,"Sleep, Dine, Explore – 2BR CBD Gem + parking",49642171,Lily-SimplyHost,Christchurch City,Central Ward,-43.54698,172.62698,Entire home/apt,400.0,1.0,11,2026-04-26,1.07,97,215,11,,2026-5,2026-09-17,144.0
979883991204878647,Gloucester Street Gem- 1 Bed 1 Bath,482671075,Care Property Stays,Christchurch City,Central Ward,-43.52957170000001,172.6449223,Entire home/apt,176.0,1.0,116,2026-07-18,3.28,184,268,17,,2026-5,2026-09-17,61.0
1537919151789818127,Stylish Modern Townhouse in the heart of City(CBD),725038827,Mia,Christchurch City,Central Ward,-43.5285901,172.643906,Entire home/apt,214.0,1.0,50,2026-08-08,7.94,1,233,50,,2026-5,2026-09-17,40.0
1299045571486563883,Chic Urban Nook – Bath Street Apartment,331763232,Managed By Williams,Christchurch City,Central Ward,-43.5392668,172.6349548,Entire home/apt,185.0,1.0,14,2026-01-21,0.67,165,213,3,,2026-5,2026-09-17,239.0
1653344627361835060,From Stadium to Spa in Minutes - Best Location,482671075,Care Property Stays,Christchurch City,Central Ward,-43.5318057,172.6438321,Entire home/apt,247.0,1.0,19,2026-08-05,4.45,184,212,19,,2026-5,2026-09-17,43.0
1471394049803001357,Downtown Haven - Christchurch Holiday Apartment,145244100,Bachcare,Christchurch City,Central Ward,-43.53095670124307,172.6377423245437,Entire home/apt,,2.0,8,2026-07-05,0.72,1231,353,8,,2026-5,2026-09-17,74.0
1538092530831598207,"Cityside Comfort!  Modern 2BR, 2BA with Parking",202585247,Ohana,Christchurch City,Central Ward,-43.5354807,172.6353976,Entire home/apt,251.0,1.0,46,2026-07-29,4.79,155,85,46,,2026-5,2026-09-17,50.0
1312535061685137105,"Superb Modern Warm - 2 bedroom- Smart 49""TV",45768555,Hasslefree Accommodation,Christchurch City,Central Ward,-43.5379343,172.638452,Entire home/apt,295.0,1.0,22,2026-06-22,1.13,65,322,8,,2026-5,2026-09-17,87.0
1213794020732030326,Tuam Street Enclave - 1 Bedroom APT,202585247,Ohana,Christchurch City,Central Ward,-43.535478,172.6351439,Entire home/apt,207.0,1.0,105,2026-07-30,4.33,155,144,49,,2026-5,2026-09-17,49.0
1507030651332268655,Modern 4BR CBD Retreat: Townhouse + Studio,551181197,Paula Kat Charlotte,Christchurch City,Central Ward,-43.5360738,172.6350495,Entire home/apt,412.0,1.0,6,2026-08-09,1.36,177,196,6,,2026-5,2026-09-17,39.0
1566411094412127129,Modern Suite on St Asaph Street with Parking,551181197,Paula Kat Charlotte,Christchurch City,Central Ward,-43.5365477,172.6384152,Entire home/apt,192.0,1.0,11,2026-06-30,1.3,177,251,11,,2026-5,2026-09-17,79.0
1593962979090742568,Central City Stay • Private Courtyard • Parking,551181197,Paula Kat Charlotte,Christchurch City,Central Ward,-43.5340835,172.6417548,Entire home/apt,233.0,2.0,6,2026-04-20,0.83,177,297,6,,2026-5,2026-09-17,150.0
1296543297720263718,Charming Studio with desk space near South City,551181197,Paula Kat Charlotte,Christchurch City,Central Ward,-43.5392668,172.6349548,Entire home/apt,189.0,1.0,29,2026-05-07,1.39,177,254,8,,2026-5,2026-09-17,133.0
1540295546129093635,Cosy Loft 3.5 km city 8.5 km Airport free parking,725873253,Tania,Christchurch City,Innes Ward,-43.49834,172.64029,Entire home/apt,111.0,1.0,98,2026-08-08,10.5,1,11,98,,2026-5,2026-09-17,40.0
22252261,Christchurch 4bdrm close to Hagley Park -Riccarton,76237120,Deb,Christchurch City,Riccarton Ward,-43.53122251169707,172.6098010316491,Entire home/apt,212.0,2.0,216,2026-08-02,2.1,2,76,39,,2026-5,2026-09-17,46.0
1244670974560938034,Single room 1,569937036,Jagpreet,Christchurch City,Spreydon Ward,-43.5659638,172.6033603,Private room,50.0,1.0,13,2025-04-05,0.59,1,70,0,,2026-5,2026-09-17,530.0
1339520870575114730,Private Kitchenette Garden-View Room,374772956,Minh,Christchurch City,Central Ward,-43.52694066426764,172.66850377076764,Private room,89.0,1.0,33,2026-07-04,4.16,2,179,33,,2026-5,2026-09-17,75.0
1066823401454630151,5 Minute Walk to Arena & Stadium,368515906,Jed,Christchurch City,Spreydon Ward,-43.54701,172.60299,Entire home/apt,243.0,1.0,84,2026-07-12,2.69,4,271,26,,2026-5,2026-09-17,67.0
1562888425180501420,Contemporary 2BR Stay Near Te Kaha,331763232,Managed By Williams,Christchurch City,Central Ward,-43.5315808,172.6404335,Entire home/apt,254.0,1.0,12,2026-07-25,1.77,165,147,12,,2026-5,2026-09-17,54.0
1695909241554209142,Contemporary City Stay with Wellness Access,331763232,Managed By Williams,Christchurch City,Central Ward,-43.53925,172.63533,Entire home/apt,179.0,1.0,0,,,165,364,0,,2026-5,2026-09-17,
1292263759916427397,Superior Twin Ensuite in City Centre,573074023,Drifter,Christchurch City,Central Ward,-43.53533040020803,172.63967613178244,Private room,200.0,1.0,1,2025-06-30,0.07,13,319,0,,2026-5,2026-09-17,444.0
1324911611984710448,Peaceful Inner-City Studio – Bath Street,331763232,Managed By Williams,Christchurch City,Central Ward,-43.5392668,172.6349548,Entire home/apt,173.0,1.0,15,2026-04-26,0.8,165,237,5,,2026-5,2026-09-17,144.0
1569077422751711734,Modern St Asaph Stay | SALT District Favourite,119518284,Sarah,Christchurch City,Central Ward,-43.5367198,172.6383433,Entire home/apt,209.0,1.0,21,2026-08-12,2.78,1,342,21,,2026-5,2026-09-17,36.0
1562937752371639875,Modern CBD Studio w/ King Bed - Walk to Market,551181197,Paula Kat Charlotte,Christchurch City,Central Ward,-43.536187,172.6353027,Entire home/apt,191.0,1.0,7,2026-05-23,0.83,177,178,7,,2026-5,2026-09-17,117.0
35468902,Orari - Room 9,258827985,Ashton,Christchurch City,Central Ward,-43.53005,172.63042,Hotel room,349.0,1.0,0,,,10,188,0,,2026-5,2026-09-17,
1613244748588721402,Luxe Central City Escape | 2 Bedroom with Ensuites,258645169,Grant,Christchurch City,Central Ward,-43.53170883500754,172.64050623743435,Entire home/apt,285.0,1.0,10,2026-08-01,2.5,1,62,10,,2026-5,2026-09-17,47.0
48945694,Experience all the entertainment Christchurch has,377176109,Paula,Christchurch City,Central Ward,-43.52963,172.6451,Entire home/apt,157.0,1.0,318,2026-07-18,5.64,2,237,46,,2026-5,2026-09-17,61.0
46014929,Modern Stylish Townhouse in the Heart of Chch CBD,41985497,Ben Law,Christchurch City,Central Ward,-43.52845,172.64639,Entire home/apt,199.0,1.0,351,2026-07-25,4.99,1,205,66,,2026-5,2026-09-17,54.0
1369724059102209662,Merivale Executive Stays- 2 Bedroom Apt,153948924,Alisa Kate,Christchurch City,Fendalton Ward,-43.5112909,172.624165,Entire home/apt,425.0,2.0,26,2026-07-13,1.51,1,90,16,,2026-5,2026-09-17,66.0
11623658,Comfortable Sunny unit,60973927,Alice,Christchurch City,Heathcote Ward,-43.55609,172.64138,Entire home/apt,213.0,1.0,2,2025-10-12,0.04,1,333,1,,2026-5,2026-09-17,340.0
38607319,Self Contained Studio,294784495,Grant & Ana,Christchurch City,Heathcote Ward,-43.55847,172.67101,Entire home/apt,100.0,2.0,150,2026-07-20,1.79,1,261,22,,2026-5,2026-09-17,59.0
1074110761010947779,Renovated City Retreat - with secure carpark,24205506,"Mayie, Judi And Karen At Bookahome",Christchurch City,Central Ward,-43.52827,172.647,Entire home/apt,249.0,2.0,25,2026-08-10,0.83,81,301,17,,2026-5,2026-09-17,38.0
1544618050761652842,"* Walk to TownHall, Casino, Te Pae, Free Car park",43367626,Sharon,Christchurch City,Central Ward,-43.52658,172.63448,Entire home/apt,295.0,2.0,16,2026-07-30,1.78,18,60,16,,2026-5,2026-09-17,49.0
1419118668789539639,Central Stay 1 bed Studio,482671075,Care Property Stays,Christchurch City,Central Ward,-43.5386106,172.6315744,Entire home/apt,147.0,1.0,7,2026-02-07,0.46,184,217,2,,2026-5,2026-09-17,222.0
1109167736311080581,Stylish Urban Escape – Wilmer Street Apartment,331763232,Managed By Williams,Christchurch City,Central Ward,-43.53917,172.63206,Entire home/apt,199.0,1.0,57,2026-07-12,1.93,165,213,27,,2026-5,2026-09-17,67.0
1159803570880144295,"Central Studio – Modern, Quiet & Private",23278101,Jason,Christchurch City,Central Ward,-43.5247316,172.6355987,Entire home/apt,219.0,1.0,122,2026-08-12,4.51,19,321,49,,2026-5,2026-09-17,36.0
1527115290469996529,Kiwiana Gem | Stylish Stay with Parking,551181197,Paula Kat Charlotte,Christchurch City,Central Ward,-43.5296292,172.650212,Entire home/apt,220.0,1.0,32,2026-08-08,3.21,177,265,32,,2026-5,2026-09-17,40.0
1583700545812483276,Central City Hideaway | Family & Work Friendly,551181197,Paula Kat Charlotte,Christchurch City,Central Ward,-43.5302,172.64159,Entire home/apt,242.0,1.0,7,2026-07-25,0.93,177,162,7,,2026-5,2026-09-17,54.0
1230956187963973491,Modern 2BR Apartment in Central Wilmer Street,331763232,Managed By Williams,Christchurch City,Central Ward,-43.5389655,172.6315994,Entire home/apt,274.0,1.0,35,2026-05-26,1.53,165,140,18,,2026-5,2026-09-17,114.0
1530104327850338131,Share bed in long term stay backpackers hostel,41527093,Karen,Christchurch City,Central Ward,-43.52863,172.648,Shared room,32.0,7.0,1,2025-12-20,0.13,4,150,1,,2026-5,2026-09-17,271.0
1138603690374549622,Luxury Without Limits,551181197,Paula Kat Charlotte,Christchurch City,Central Ward,-43.5311439,172.6459705,Entire home/apt,199.0,1.0,60,2026-07-30,2.15,177,264,36,,2026-5,2026-09-17,49.0
964059875139283048,Avon Haven City Escape - 1 bed 1 bath,482671075,Care Property Stays,Christchurch City,Central Ward,-43.5267886,172.639983,Entire home/apt,164.0,1.0,138,2026-07-06,3.85,184,253,30,,2026-5,2026-09-17,73.0
1685134552560105846,Peaceful City Apartment | Parking+Near Hagley Park,482671075,Care Property Stays,Christchurch City,Central Ward,-43.5215039,172.6349595,Entire home/apt,212.0,1.0,5,2026-07-24,1.74,184,247,5,,2026-5,2026-09-17,55.0
14358140,"Five Star luxury for one, in the City Centre",88024294,Constantin,Christchurch City,Central Ward,-43.53095,172.62868,Private room,298.0,1.0,134,2025-02-15,1.1,2,355,0,,2026-5,2026-09-17,579.0
1492591036106747748,City Escape 2B2B in Central CHCH,378938952,Joseph,Christchurch City,Central Ward,-43.5261118,172.6474369,Entire home/apt,161.0,2.0,33,2026-07-25,3.02,2,319,33,,2026-5,2026-09-17,54.0
35468895,Orari - Room 5,258827985,Ashton,Christchurch City,Central Ward,-43.53001,172.63001,Hotel room,250.0,1.0,1,2022-07-14,0.02,10,211,0,,2026-5,2026-09-17,1526.0
1723530971743387111,Ideal Townhouse City Base - Stadium Walk + Carpark,482671075,Care Property Stays,Christchurch City,Central Ward,-43.5291944,172.6433306,Entire home/apt,288.0,1.0,4,2026-08-06,3.43,184,255,4,,2026-5,2026-09-17,42.0
1313964638821189599,City Escape on Hereford - last minute deals,24205506,"Mayie, Judi And Karen At Bookahome",Christchurch City,Central Ward,-43.53264388716416,172.64155449170622,Entire home/apt,230.0,2.0,47,2026-06-23,2.4,81,251,21,,2026-5,2026-09-17,86.0
1542390892382563109,Best Location in city centre—free parking,584558161,Tiaki BnB,Christchurch City,Central Ward,-43.5261852,172.6313704,Entire home/apt,289.0,1.0,33,2026-08-01,4.42,8,296,33,,2026-5,2026-09-17,47.0
1008908987109400598,"Garden View 2BR Near CBD | Yard, Parking + Laundry",202585247,Ohana,Christchurch City,Central Ward,-43.53347082189339,172.65796045767212,Entire home/apt,225.0,1.0,195,2026-07-24,5.72,155,126,63,,2026-5,2026-09-17,55.0
27680096,Self contained flat in the heart of Christchurch,257452840,Malcolm,Christchurch City,Central Ward,-43.52895,172.63076,Entire home/apt,240.0,5.0,115,2026-04-30,1.18,1,89,11,,2026-5,2026-09-17,140.0
50625936,Awesome new townhouse with KING Bed on Armagh,86216394,Min,Christchurch City,Central Ward,-43.52768,172.64505,Entire home/apt,181.0,1.0,328,2026-07-22,5.28,42,151,50,,2026-5,2026-09-17,57.0
1237440453465323595,"Top Floor Oasis | Pool, Gym + Parking",682808597,Devon,Christchurch City,Central Ward,-43.52113,172.63264,Entire home/apt,290.0,1.0,64,2026-08-08,2.83,28,255,43,,2026-5,2026-09-17,40.0
942948315090882485,The Cozy Cocoon 1 bed 1 bath apartment,482671075,Care Property Stays,Christchurch City,Central Ward,-43.5231077,172.6362107,Entire home/apt,176.0,1.0,145,2026-08-02,3.93,184,40,39,,2026-5,2026-09-17,46.0
1131342717156058677,Luxury Living: Christchurch City Gem,482671075,Care Property Stays,Christchurch City,Central Ward,-43.5338328,172.6488824,Entire home/apt,223.0,1.0,38,2026-08-04,1.33,184,269,6,,2026-5,2026-09-17,44.0
42162101,Studio Apartment - walk to the City Centre,50016718,Sarah,Christchurch City,Central Ward,-43.52982,172.65678,Entire home/apt,150.0,1.0,9,2020-05-03,0.11,1,21,0,,2026-5,2026-09-17,2328.0
1683713887352890823,A Stay You’ll Actually Want to Come Back To,510730797,Kate,Christchurch City,Central Ward,-43.5223761,172.6378697,Entire home/apt,259.0,2.0,0,,,20,284,0,,2026-5,2026-09-17,
1532890059970857758,Game Day Getaway | 2BR Townhouse + Parking,551181197,Paula Kat Charlotte,Christchurch City,Central Ward,-43.5296292,172.650212,Entire home/apt,262.0,1.0,16,2026-07-19,1.66,177,259,16,,2026-5,2026-09-17,60.0
1709766634414326200,Comfortable City Fringe Townhouse With Carpark,482671075,Care Property Stays,Christchurch City,Central Ward,-43.521041,172.6515626,Entire home/apt,242.0,1.0,4,2026-07-19,2.18,184,248,4,,2026-5,2026-09-17,60.0
1666319711428719916,Bright Christchurch Apartment with Private Patio,202585247,Ohana,Christchurch City,Central Ward,-43.52633,172.63909,Entire home/apt,188.0,1.0,6,2026-06-11,1.89,155,113,6,,2026-5,2026-09-17,98.0
1111081691056695200,3 Minutes walk to Riverside Market 4bed4bath,560354463,Fang,Christchurch City,Central Ward,-43.535646,172.631838,Entire home/apt,369.0,1.0,90,2026-07-26,3.48,3,85,27,,2026-5,2026-09-17,53.0
1138046334240884980,Superior Queen Ensuite with Balcony,573074023,Drifter,Christchurch City,Central Ward,-43.53469,172.63809,Private room,187.0,1.0,3,2024-11-18,0.13,13,308,0,,2026-5,2026-09-17,668.0
748654842441848858,City Centre Apartment on Gloucester,42796710,Josh,Christchurch City,Central Ward,-43.529498607324925,172.6450191065669,Entire home/apt,230.0,1.0,351,2026-08-08,7.64,2,248,59,,2026-5,2026-09-17,40.0
1442370359813460747,Town House Haven in St Albans,370396116,Hannah,Christchurch City,Central Ward,-43.51642,172.6418,Entire home/apt,323.0,1.0,44,2026-08-01,3.63,1,178,44,,2026-5,2026-09-17,47.0
17415321,"Stylish, Comfortable Clock Tower View Apartment",2185000,Jo,Christchurch City,Central Ward,-43.52403,172.63203,Entire home/apt,289.0,1.0,667,2026-08-03,5.82,5,239,70,,2026-5,2026-09-17,45.0
1340402376678290109,Comfort 2-BR at Cambridge Tce,211195948,Jenny,Christchurch City,Central Ward,-43.533504320301496,172.6287128652501,Entire home/apt,228.0,1.0,122,2026-07-26,6.67,19,160,85,,2026-5,2026-09-17,53.0
1204791721703121332,Unique Stadium View in St Asaph 2 bed 2 bath,551181197,Paula Kat Charlotte,Christchurch City,Central Ward,-43.53633,172.64837,Entire home/apt,250.0,1.0,19,2026-07-13,0.92,177,262,12,,2026-5,2026-09-17,66.0
1601068904566817239,The Pinnacle of City Living 2 Beds 2 Bths Parking,45768555,Hasslefree Accommodation,Christchurch City,Central Ward,-43.53024,172.64183,Entire home/apt,352.0,1.0,6,2026-07-25,1.06,65,335,6,,2026-5,2026-09-17,54.0
1521435327088179357,Spacious 3-Bedroom Townhouse – Steps from the CBD,510730797,Kate,Christchurch City,Central Ward,-43.53162940000001,172.6488071,Entire home/apt,439.0,1.0,3,2026-07-11,0.81,20,279,3,,2026-5,2026-09-17,68.0
887218982616365848,3 Bedroom 2 Bathroom Hagley Parkside Perch,482671075,Care Property Stays,Christchurch City,Central Ward,-43.5371353,172.6249013,Entire home/apt,264.0,1.0,194,2026-07-31,4.93,184,231,48,,2026-5,2026-09-17,48.0
1445314159029754630,Sunlit 1BR in Christchurch CBD,331763232,Managed By Williams,Christchurch City,Central Ward,-43.529025,172.6411599,Entire home/apt,204.0,1.0,42,2026-07-17,3.0,165,91,37,,2026-5,2026-09-17,62.0
1459196060226731107,Modern Central City Apartment With Lock Up Garage,659502893,Tina,Christchurch City,Central Ward,-43.526235,172.63677,Entire home/apt,245.0,1.0,8,2026-07-06,0.75,4,94,8,,2026-5,2026-09-17,73.0
878463453561086648,Modern 2 bed Hagley Park Riverside Market,482671075,Care Property Stays,Christchurch City,Central Ward,-43.5373725,172.6253013,Entire home/apt,233.0,1.0,93,2026-08-01,2.42,184,233,26,,2026-5,2026-09-17,47.0
1618693460588994477,Room for Everyone | Family Stay + Garage,510730797,Kate,Christchurch City,Central Ward,-43.5221886,172.6373907,Entire home/apt,323.0,1.0,10,2026-07-25,1.85,20,244,10,,2026-5,2026-09-17,54.0
613999490335901252,Carnmore Hotel Christchurch,456230960,Yuri,Christchurch City,Central Ward,-43.52517,172.6357,Private room,207.0,1.0,5,2024-12-27,0.1,1,352,0,,2026-5,2026-09-17,629.0
1618684955116829127,Effortless City Living | 2BR + EV,510730797,Kate,Christchurch City,Central Ward,-43.52207689999999,172.6371453,Entire home/apt,349.0,1.0,10,2026-07-18,1.65,20,266,10,,2026-5,2026-09-17,61.0
1631519985915719183,Ginny’s Central City Room,323668361,Ben,Christchurch City,Central Ward,-43.524653304377125,172.639162838459,Private room,203.0,1.0,0,,,1,363,0,,2026-5,2026-09-17,
1611829710062690866,Christchurch Pet-Friendly Apt w/ Patio & Free Park,422253722,Nicole,Christchurch City,Central Ward,-43.52140777837728,172.64142329512407,Entire home/apt,211.0,2.0,8,2026-07-05,1.9,1,136,8,,2026-5,2026-09-17,74.0
1475762472974823988,Central Studio With Free Private Parking,86643389,Samuel,Christchurch City,Central Ward,-43.524518,172.6424594,Entire home/apt,185.0,1.0,142,2026-08-10,11.74,2,152,142,,2026-5,2026-09-17,38.0
37606799,Little Gem in Christchurch Central - Arts Precinct,9113778,Vita,Christchurch City,Central Ward,-43.52633,172.64021,Entire home/apt,255.0,1.0,80,2026-07-06,0.94,1,90,2,,2026-5,2026-09-17,73.0
1624323197449051003,Charming 2-Bedroom Rose Cottage with Parking,482671075,Care Property Stays,Christchurch City,Central Ward,-43.5233087,172.6362476,Entire home/apt,269.0,1.0,2,2026-06-14,0.42,184,227,2,,2026-5,2026-09-17,95.0
1222169060917137882,Stylish LUX Homes 4 Bed  CBD Walk to Cafes Latimer,482671075,Care Property Stays,Christchurch City,Central Ward,-43.5312859,172.6450051,Entire home/apt,420.0,1.0,42,2026-06-01,1.94,184,167,20,,2026-5,2026-09-17,108.0
1682210389521449936,"Walk to Stadium, Chch CBD | Sauna, Plunge, Spa",701519744,Krutik,Christchurch City,Central Ward,-43.5394156,172.6343646,Entire home/apt,192.0,1.0,0,,,1,256,0,,2026-5,2026-09-17,
52864114,Stylish Ensuite Loft in Prime City Location,38050706,Harry,Christchurch City,Central Ward,-43.52632,172.63052,Private room,137.0,1.0,119,2026-04-27,2.84,1,38,19,,2026-5,2026-09-17,143.0
1237450011632404092,Spacious 4BR Central Apartment w/ Pool & Parking,682808597,Devon,Christchurch City,Central Ward,-43.52259,172.63296,Entire home/apt,340.0,1.0,147,2026-08-11,6.31,28,193,83,,2026-5,2026-09-17,37.0
984502987860533781,Style Location New Sunny 2Bdrms Free Park,45768555,Hasslefree Accommodation,Christchurch City,Central Ward,-43.5210709,172.6513667,Entire home/apt,257.0,1.0,35,2026-07-11,1.0,65,319,1,,2026-5,2026-09-17,68.0
1369918808123730804,Hereford Haven 2BR w Parking | Near CBD & Stadium,202585247,Ohana,Christchurch City,Central Ward,-43.5317354,172.6516513,Entire home/apt,254.0,1.0,91,2026-07-23,5.38,155,135,64,,2026-5,2026-09-17,56.0
34342858,"Art, Espresso & Events – Live Like a Local in Chch",67401884,Angela,Christchurch City,Central Ward,-43.52681350708008,172.63978576660156,Entire home/apt,165.0,1.0,403,2026-08-11,4.72,3,322,67,,2026-5,2026-09-17,37.0
1226408080670713829,"Spring special CBD, free parking",45768555,Hasslefree Accommodation,Christchurch City,Central Ward,-43.5321685,172.6422461,Entire home/apt,322.0,1.0,38,2026-07-11,1.63,65,297,11,,2026-5,2026-09-17,68.0
1429318633599582036,Inner City Studio Retreat,331763232,Managed By Williams,Christchurch City,Central Ward,-43.5370766,172.6478334,Entire home/apt,178.0,1.0,20,2026-07-27,1.48,165,156,18,,2026-5,2026-09-17,52.0
1600952172522805131,"City Lights, Stadium Nights & Free Parking",23278101,Jason,Christchurch City,Central Ward,-43.524713,172.6436329,Entire home/apt,294.0,1.0,39,2026-07-19,6.19,19,308,39,,2026-5,2026-09-17,60.0
1343748772899999213,Touch of Class 2Bdrm free Park CBD,45768555,Hasslefree Accommodation,Christchurch City,Central Ward,-43.53172134122224,172.6439482148887,Entire home/apt,387.0,1.0,33,2026-07-10,1.76,65,288,27,,2026-5,2026-09-17,69.0
589915796391327773,"Heritage Cottage, Retro Touch, walk to CBD",24205506,"Mayie, Judi And Karen At Bookahome",Christchurch City,Central Ward,-43.52249,172.6441,Entire home/apt,224.0,2.0,103,2026-07-18,1.95,81,89,35,,2026-5,2026-09-17,61.0
1190870229069769844,Comfy 3 Bedroom in CBD-Free parking,584558161,Tiaki BnB,Christchurch City,Central Ward,-43.52537,172.63177,Entire home/apt,306.0,1.0,42,2026-08-01,1.65,8,143,28,,2026-5,2026-09-17,47.0
967843133073777514,"Tuam Street delight, 4 bed 4 bath with Carpark",482671075,Care Property Stays,Christchurch City,Central Ward,-43.535568,172.6318853,Entire home/apt,437.0,1.0,138,2026-08-01,3.87,184,241,34,,2026-5,2026-09-17,47.0
1533468025767879849,‘Over the Moon’ - 2bdm 2bath | Steps from Stadium,270948333,Crystal,Christchurch City,Central Ward,-43.5293863,172.6451665,Entire home/apt,296.0,1.0,28,2026-05-27,3.47,1,6,28,,2026-5,2026-09-17,113.0
1055261341909149545,Executive Ground Floor Apartment in Merivale,682808597,Devon,Christchurch City,Central Ward,-43.52249,172.62243,Entire home/apt,360.0,1.0,107,2026-08-04,3.47,28,247,49,,2026-5,2026-09-17,44.0
35468559,Orari - Room 3,258827985,Ashton,Christchurch City,Central Ward,-43.53,172.63007,Hotel room,249.0,1.0,9,2024-12-28,0.11,10,210,0,,2026-5,2026-09-17,628.0
1527969257384487888,Charming Home | Parking & Washer | Central City,202585247,Ohana,Christchurch City,Central Ward,-43.5293532,172.6499086,Entire home/apt,230.0,1.0,80,2026-07-22,8.0,155,126,80,,2026-5,2026-09-17,57.0
1629474928411107637,Opposite Stadium 2BR CBD with Parking,24205506,"Mayie, Judi And Karen At Bookahome",Christchurch City,Central Ward,-43.5340324,172.6425015,Entire home/apt,224.0,2.0,13,2026-07-25,2.34,81,354,13,,2026-5,2026-09-17,54.0
1441601439802117701,"2BR Apartment, OGB, Central, Pool and Parking",551181197,Paula Kat Charlotte,Christchurch City,Central Ward,-43.5313863,172.6382629,Entire home/apt,309.0,1.0,26,2026-07-17,1.86,177,193,19,,2026-5,2026-09-17,62.0
1731018076749355988,1BR Apartment in CBD • Free Parking • Work Desk,70400245,Shaun,Christchurch City,Central Ward,-43.535675,172.6355541,Entire home/apt,219.0,1.0,5,2026-08-10,5.0,1,157,5,,2026-5,2026-09-17,38.0
1614284477245434114,Central City Townhouse with Balcony,331763232,Managed By Williams,Christchurch City,Central Ward,-43.5310546,172.6403442,Entire home/apt,293.0,1.0,15,2026-07-12,2.41,165,310,15,,2026-5,2026-09-17,67.0
858199393286050410,Designer's Pad In Central City,202585247,Ohana,Christchurch City,Central Ward,-43.535478,172.6351439,Entire home/apt,282.0,1.0,274,2026-07-21,6.69,155,116,86,,2026-5,2026-09-17,58.0
1156686128249402978,Central 2-BR Townhouse w/ Free Carpark,482671075,Care Property Stays,Christchurch City,Central Ward,-43.53406,172.6417,Entire home/apt,271.0,1.0,68,2026-08-09,2.54,184,254,25,,2026-5,2026-09-17,39.0
1206894117184975072,Modern Stylish City Apartment,24205506,"Mayie, Judi And Karen At Bookahome",Christchurch City,Central Ward,-43.5307798,172.6410375,Entire home/apt,298.0,2.0,9,2026-05-04,0.36,81,297,2,,2026-5,2026-09-17,136.0
1292510629739359819,Urban Oasis Central Christchurch - parking,256933781,Kelly,Christchurch City,Central Ward,-43.523963,172.6429593,Entire home/apt,326.0,1.0,41,2026-07-30,2.02,1,20,24,,2026-5,2026-09-17,49.0
51175766,Charming Sunny Warm 10 Mins CBD Book Now,45768555,Hasslefree Accommodation,Christchurch City,Central Ward,-43.52527,172.63978,Entire home/apt,210.0,1.0,138,2026-08-03,2.25,65,325,20,,2026-5,2026-09-17,45.0
1106680347989809823,Upper Studio Perfection: 8 Wilmer St. Gem,551181197,Paula Kat Charlotte,Christchurch City,Central Ward,-43.5384944,172.6313989,Entire home/apt,146.0,1.0,129,2026-06-27,4.37,177,245,59,,2026-5,2026-09-17,82.0
1409901741513057723,Luxury corner 2BR Townhouse w/parking!,178745066,Keisha,Christchurch City,Central Ward,-43.52629960000001,172.6400802,Entire home/apt,303.0,1.0,62,2026-08-08,4.06,4,332,53,,2026-5,2026-09-17,40.0
33368496,G-House 3BR CBD with Free Parking/基督城市中心独栋3房带车位,248111275,Winnie,Christchurch City,Central Ward,-43.52997,172.64598,Entire home/apt,371.0,2.0,92,2026-04-26,1.03,2,90,4,,2026-5,2026-09-17,144.0
1487337514545087645,Cozy Studio with Backyard in Wilmer Street,331763232,Managed By Williams,Christchurch City,Central Ward,-43.5386158,172.6313747,Entire home/apt,179.0,1.0,13,2026-07-12,1.15,165,150,13,,2026-5,2026-09-17,67.0
1661227312374863764,Salisbury Garden | 2BR with Parking | CBD,202585247,Ohana,Christchurch City,Central Ward,-43.524554911300925,172.63559323308132,Entire home/apt,190.0,2.0,3,2026-06-01,0.86,155,84,3,,2026-5,2026-09-17,108.0
1562887830416540371,Freshly Built Apartment Near Te Kaha Stadium,331763232,Managed By Williams,Christchurch City,Central Ward,-43.5312971,172.6399379,Entire home/apt,202.0,1.0,9,2026-07-07,1.43,165,122,9,,2026-5,2026-09-17,72.0
1582283637668242044,Central City Stay| Ideal for Work Trips & Friends,551181197,Paula Kat Charlotte,Christchurch City,Central Ward,-43.53079,172.63962,Entire home/apt,256.0,1.0,17,2026-08-04,2.25,177,169,17,,2026-5,2026-09-17,44.0
813259682015692602,Deluxe Central Retreat with Super King Bed,482671075,Care Property Stays,Christchurch City,Central Ward,-43.5372287,172.6410557,Entire home/apt,222.0,1.0,220,2026-08-06,5.12,184,239,36,,2026-5,2026-09-17,42.0
1138047112247394300,Family Loft Suite in City Centre,573074023,Drifter,Christchurch City,Central Ward,-43.53345,172.63942,Private room,231.0,1.0,1,2024-09-16,0.04,13,322,0,,2026-5,2026-09-17,731.0
1288668073969548216,Urban Studio Escape Central City,551181197,Paula Kat Charlotte,Christchurch City,Central Ward,-43.5392668,172.6349548,Entire home/apt,169.0,1.0,25,2026-08-08,1.18,177,257,7,,2026-5,2026-09-17,40.0
1635303481124188323,Serene Getaway - 2BR on Manchester Street,331763232,Managed By Williams,Christchurch City,Central Ward,-43.5314292,172.6397171,Entire home/apt,287.0,1.0,5,2026-07-17,1.02,165,316,5,,2026-5,2026-09-17,62.0
1704811200667172389,The Welles Residence – Central City Suite l 1 bdrm,49642171,Lily-SimplyHost,Christchurch City,Central Ward,-43.5370608,172.6384266,Entire home/apt,218.0,1.0,4,2026-07-31,2.5,97,347,4,,2026-5,2026-09-17,48.0
1644614814882469929,Event Base Perfection + Balcony & Parking,482671075,Care Property Stays,Christchurch City,Central Ward,-43.5341003,172.6423406,Entire home/apt,259.0,1.0,7,2026-07-04,1.52,184,243,7,,2026-5,2026-09-17,75.0
1460428683612586709,Bright Studio with Balcony on Bath Street,331763232,Managed By Williams,Christchurch City,Central Ward,-43.5392668,172.6349548,Entire home/apt,180.0,1.0,19,2026-06-14,1.7,165,169,19,,2026-5,2026-09-17,95.0
1562067795551775344,"Posh on Peterborough
3 Bed + 3 Bath",666456183,Helen,Christchurch City,Central Ward,-43.52565,172.63589,Entire home/apt,713.0,1.0,2,2026-07-05,0.26,2,37,2,,2026-5,2026-09-17,74.0
1419141231675245572,A charming house in Montreal,213361214,Sheun,Christchurch City,Central Ward,-43.54613372641938,172.62929009045126,Private room,115.0,1.0,10,2026-02-28,0.66,2,363,8,,2026-5,2026-09-17,201.0
1562888435583630644,Spacious 3BR Townhouse - Majestic on Manchester St,331763232,Managed By Williams,Christchurch City,Central Ward,-43.5315965,172.6399442,Entire home/apt,400.0,1.0,22,2026-07-17,3.14,165,154,22,,2026-5,2026-09-17,62.0
1339335937159641823,CBD stylish Brand New Sunny 2Bdrm 2Bth Sleeps 5,405696330,Sasha,Christchurch City,Central Ward,-43.5366847,172.6407056,Entire home/apt,311.0,1.0,19,2026-05-16,1.04,1,216,13,,2026-5,2026-09-17,124.0
1688161927234605140,City Stay by Casino,707858717,Stay At Christchurch Ltd,Christchurch City,Central Ward,-43.52127,172.63422,Entire home/apt,288.0,1.0,2,2026-07-16,1.46,14,360,2,,2026-5,2026-09-17,63.0
1048306470874845097,Contemporary 2BR Apartment on St Asaph Street,331763232,Managed By Williams,Christchurch City,Central Ward,-43.5361789,172.6353027,Entire home/apt,211.0,1.0,92,2026-07-16,2.86,165,229,35,,2026-5,2026-09-17,63.0
1161213044338512029,Bright & Airy on Tuam - 2 Beds Apartment,202585247,Ohana,Christchurch City,Central Ward,-43.535478,172.6351439,Entire home/apt,237.0,1.0,232,2026-08-05,8.57,155,104,113,,2026-5,2026-09-17,43.0
1738820857404285679,Heart of CBD |Tuam Gem - Walk to Stadium + Parking,482671075,Care Property Stays,Christchurch City,Central Ward,-43.535478,172.6351439,Entire home/apt,311.0,1.0,0,,,184,262,0,,2026-5,2026-09-17,
1474308004139540702,City Central Hideout | Modern Comfort in CBD,73418733,Ha,Christchurch City,Central Ward,-43.52426626600159,172.64192584902048,Entire home/apt,171.0,1.0,29,2026-07-27,2.35,1,243,28,,2026-5,2026-09-17,52.0
1661937300203623405,Boutique on Melrose #2,55032802,Jeremy,Christchurch City,Central Ward,-43.5225574748803,172.64449106844037,Entire home/apt,208.0,3.0,2,2026-08-01,0.79,3,321,2,,2026-5,2026-09-17,47.0
1464142248963565554,Apartment on Short,96129652,Su,Christchurch City,Linwood Ward,-43.5422137,172.6599591,Entire home/apt,229.0,1.0,35,2026-07-15,2.79,4,156,33,,2026-5,2026-09-17,64.0
840246168412697350,Modren 3BR in CBD. Walk to Parakiore + Hagley Park,461462003,Aimee,Christchurch City,Central Ward,-43.5375386,172.6252073,Entire home/apt,230.0,2.0,157,2026-08-01,3.78,2,73,6,,2026-5,2026-09-17,47.0
899685749912725370,Central 1Bed1Sofa Bed on Salisbury st,501222894,Marilyn,Christchurch City,Central Ward,-43.52302,172.64262,Entire home/apt,283.0,1.0,106,2026-07-26,2.72,5,350,20,,2026-5,2026-09-17,53.0
1680093793631709648,Central Studio + Carpark | Walk to One Stadium,743874637,Fawziyah,Christchurch City,Central Ward,-43.52462705143762,172.64240001845477,Entire home/apt,140.0,1.0,4,2026-07-25,2.26,1,328,4,,2026-5,2026-09-17,54.0
1613621573168408499,"All the Space, None of the Stress | 2Bed + Parking",510730797,Kate,Christchurch City,Central Ward,-43.52327,172.6374,Entire home/apt,247.0,1.0,11,2026-07-24,1.85,20,254,11,,2026-5,2026-09-17,55.0
1661295382697814161,Cozy Apartment in central city Queen Bed+Sofa Bed,247412819,Parm,Christchurch City,Central Ward,-43.529984816567776,172.62859292645817,Entire home/apt,111.0,2.0,4,2026-07-15,1.01,1,238,4,,2026-5,2026-09-17,64.0
53299205,Luxury 2BR CBD Apartment Walk to Convention Centre,189822451,Shaun,Christchurch City,Central Ward,-43.5276975,172.631221,Entire home/apt,267.0,1.0,307,2026-07-14,5.44,3,71,36,,2026-5,2026-09-17,65.0
43281284,Central City Brand New 3 bed room n free parking,181322080,Isabella,Christchurch City,Central Ward,-43.52351,172.64143,Entire home/apt,509.0,1.0,21,2025-10-25,0.28,1,338,1,,2026-5,2026-09-17,327.0
1460615188809441079,Large 3 BR Townhouse in CBD Perfect for Groups,573419952,Bruce,Christchurch City,Central Ward,-43.53237,172.64842,Entire home/apt,460.0,1.0,31,2026-07-25,2.56,8,236,31,,2026-5,2026-09-17,54.0
1430996059674967830,Modern Madras Apartment,21389379,Christine,Christchurch City,Central Ward,-43.52548083827186,172.64219045608755,Entire home/apt,223.0,2.0,13,2026-05-17,1.4,5,298,13,,2026-5,2026-09-17,123.0
1600279307920035871,Boutique Sophisticated One Bedroom Hideaway,45768555,Hasslefree Accommodation,Christchurch City,Central Ward,-43.5226917,172.6430901,Entire home/apt,315.0,1.0,4,2026-07-04,0.66,65,362,4,,2026-5,2026-09-17,75.0
1624376040883747598,City Townhouse | 2BR + Yard | Walk to Riverside,202585247,Ohana,Christchurch City,Central Ward,-43.53299,172.64781,Entire home/apt,270.0,1.0,9,2026-07-24,1.72,155,109,9,,2026-5,2026-09-17,55.0
1498308794340310057,Beach Escape,104152343,Kari,Christchurch City,Coastal Ward,-43.479689,172.7204739,Entire home/apt,188.0,1.0,21,2026-04-28,2.23,1,201,21,,2026-5,2026-09-17,142.0
1665497603097165932,Affordable 3 Bed - 10 mins from Malls & Beaches,232984704,Nancy,Christchurch City,Burwood Ward,-43.51853,172.69851,Entire home/apt,291.0,2.0,3,2026-07-10,0.81,2,318,3,,2026-5,2026-09-17,69.0
1617178755302265688,Sunny modern family beach house at Le Bons Bay,17478464,Kloe,Christchurch City,Banks Peninsula Ward,-43.74118,173.0926,Entire home/apt,318.0,1.0,1,2026-07-11,0.86,1,314,1,,2026-5,2026-09-17,68.0
1644030409022775122,Peaceful Upstairs Bedroom,213670004,Hannah,Christchurch City,Burwood Ward,-43.50947,172.67479,Private room,65.0,1.0,2,2026-07-31,0.53,1,182,2,,2026-5,2026-09-17,48.0
1669856416310366671,Bantry Lodge Cottage,203402187,Elizabeth,Christchurch City,Banks Peninsula Ward,-43.78018,172.906,Entire home/apt,230.0,1.0,6,2026-07-23,2.0,1,351,6,,2026-5,2026-09-17,56.0
49278182,Gipsy cabin on the Wildside of Banks Peninsula,193551136,Kevin,Christchurch City,Banks Peninsula Ward,-43.86751,173.00637,Private room,336.0,1.0,7,2025-02-22,0.11,2,179,0,,2026-5,2026-09-17,572.0
17817425,Rocky Peak Farmstay,121804689,Charlotte,Christchurch City,Banks Peninsula Ward,-43.74381,172.85396,Entire home/apt,331.0,1.0,335,2026-08-10,2.96,1,190,82,,2026-5,2026-09-17,38.0
985258046554234923,"Beachside Townhouse,  2 Bedrooms 2-3 beds, 2 bath",537639282,Judith,Christchurch City,Coastal Ward,-43.509601,172.731309,Entire home/apt,372.0,1.0,26,2025-12-27,0.77,6,116,4,,2026-5,2026-09-17,264.0
1514345702532451279,Libeau Lane View,567821287,Amy,Christchurch City,Banks Peninsula Ward,-43.80323,172.97422,Entire home/apt,396.0,2.0,11,2026-04-27,1.12,1,322,11,,2026-5,2026-09-17,143.0
43423250,Stunning Views Await! Family Retreat in Akaroa,24205506,"Mayie, Judi And Karen At Bookahome",Christchurch City,Banks Peninsula Ward,-43.81033,172.97036,Entire home/apt,468.0,2.0,70,2026-07-11,0.95,81,264,10,,2026-5,2026-09-17,68.0
1256874646319966460,Centrally located townhouse in the heart of Akaroa,99981707,Jo,Christchurch City,Banks Peninsula Ward,-43.809989771825855,172.96239014714956,Entire home/apt,390.0,2.0,42,2026-07-10,1.91,1,319,21,,2026-5,2026-09-17,69.0
822754037586828380,Maison en Noyer - Akaroa Holiday Home,145244100,Bachcare,Christchurch City,Banks Peninsula Ward,-43.81092,172.96493,Entire home/apt,,2.0,4,2024-10-21,0.12,1231,365,0,,2026-5,2026-09-17,696.0
1720774453790715206,Fully accessible private room/own entrance (4),1719214057073079410,Gerard,Christchurch City,Banks Peninsula Ward,-43.603314656841505,172.72222360225288,Private room,136.0,1.0,0,,,3,356,0,,2026-5,2026-09-17,
39559014,Backpacker Twin,98758734,North South Holiday Park,Christchurch City,Harewood Ward,-43.4694,172.57005,Private room,78.0,1.0,7,2023-02-15,0.1,20,318,0,,2026-5,2026-09-17,1310.0
1535657400729435570,Nice 'n Light,246412092,Jane,Christchurch City,Papanui Ward,-43.4964247,172.6135776,Private room,95.0,1.0,16,2026-07-04,1.74,1,312,16,,2026-5,2026-09-17,75.0
1446702375930359298,"Spacious Christchurch Home, Sleeps 8, Free Parking",702137718,Francis Rich,Christchurch City,Linwood Ward,-43.52381,172.68875,Entire home/apt,295.0,1.0,46,2026-04-26,3.39,1,157,36,,2026-5,2026-09-17,144.0
1547362060404299176,"Lighthouse, outdoor bath star gaze, airport,12 min",243815240,Peter,Christchurch City,Harewood Ward,-43.46886,172.60667,Entire home/apt,181.0,2.0,23,2026-08-08,3.11,1,145,23,,2026-5,2026-09-17,40.0
901774605342282142,Room in Christchurch,131216378,Adam,Christchurch City,Cashmere Ward,-43.57764,172.64637,Private room,70.0,2.0,38,2025-12-17,0.98,3,12,1,,2026-5,2026-09-17,274.0
1274968494415668798,single room 10 mins nearby the airport,77196518,Jill,Christchurch City,Hornby Ward,-43.533122767505326,172.52288854231324,Private room,54.0,1.0,41,2026-08-06,1.92,5,22,17,,2026-5,2026-09-17,42.0
858414304417682604,Beachside Haven 1 bed 1 bath,482671075,Care Property Stays,Christchurch City,Coastal Ward,-43.5036249,172.7293298,Entire home/apt,164.0,1.0,135,2026-07-22,3.31,184,227,46,,2026-5,2026-09-17,57.0
1594510276247399734,Calm & Cozy - Peaceful Garden Room in Russley,107396614,Patrícia Inêz,Christchurch City,Waimairi Ward,-43.52021924200214,172.54149435764222,Private room,82.0,1.0,7,2026-07-10,1.12,1,175,7,,2026-5,2026-09-17,69.0
1558917809662869152,Cosy room with garden view,380020623,Parisa,Christchurch City,Harewood Ward,-43.47779,172.58223,Private room,112.0,1.0,0,,,2,337,0,,2026-5,2026-09-17,
1080137662914237741,Sweet Dream Room for a couple close to CBD,228628407,Gabriella,Christchurch City,Central Ward,-43.5184188,172.6496774,Private room,135.0,1.0,33,2026-04-26,1.08,2,364,10,,2026-5,2026-09-17,144.0
22571185,Spa Bath Studio,44728588,Anita Marie,Christchurch City,Papanui Ward,-43.48509,172.61774,Hotel room,195.0,1.0,4,2024-07-26,0.04,6,354,0,,2026-5,2026-09-17,783.0
1374841819334304379,Karearea Cottage - Rural Retreat Purau,145244100,Bachcare,Christchurch City,Banks Peninsula Ward,-43.64996312580655,172.7567024761734,Entire home/apt,,2.0,3,2026-05-13,0.21,1231,365,2,,2026-5,2026-09-17,127.0
1055403304575538316,Hillside Rural Haven,552831298,Penny,Christchurch City,Cashmere Ward,-43.57855,172.62232,Entire home/apt,212.0,2.0,24,2026-02-26,0.79,1,88,7,,2026-5,2026-09-17,203.0
5738538,Akaroa Coastal Studio,26183903,Jenny And John,Christchurch City,Banks Peninsula Ward,-43.82883,172.94328,Private room,189.0,1.0,735,2026-08-03,5.41,1,285,79,,2026-5,2026-09-17,45.0
1392415565357429486,"Harbourview bush retreat, Akaroa",286172717,Tonia,Christchurch City,Banks Peninsula Ward,-43.80025,172.97291,Entire home/apt,364.0,2.0,24,2026-04-12,2.46,1,146,24,,2026-5,2026-09-17,158.0
51328709,An idyllic 2 bedroom A-frame,415705836,Jessica,Christchurch City,Banks Peninsula Ward,-43.62026,172.64912,Entire home/apt,248.0,2.0,30,2025-02-11,0.5,1,89,0,,2026-5,2026-09-17,583.0
1522038305398958822,Hidden Halswell Gem,170302078,Jill,Christchurch City,Halswell Ward,-43.58985701586261,172.57148006942813,Entire home/apt,351.0,2.0,3,2025-12-31,0.36,1,62,3,,2026-5,2026-09-17,260.0
1004252,Governors Bay Waterfront Retreat,5523780,Rosie,Christchurch City,Banks Peninsula Ward,-43.61889,172.65314,Entire home/apt,160.0,2.0,228,2026-04-26,1.41,1,265,11,,2026-5,2026-09-17,144.0
1577918268788979755,"2 BR Cottage 4 Beds, 1 min walk to Harbour & Shops",20665858,Adam,Christchurch City,Banks Peninsula Ward,-43.8100273,172.9616807,Entire home/apt,,1.0,24,2026-07-16,3.13,23,122,24,,2026-5,2026-09-17,63.0
1615001923622725106,Devaansh Villa,743502189,Valesh Dadi,Christchurch City,Burwood Ward,-43.51214680420912,172.66713024158187,Entire home/apt,129.0,1.0,61,2026-08-12,10.46,1,194,61,,2026-5,2026-09-17,36.0
1052313220438263444,Two Bedroom Family Spa Apartment,179297759,Peng,Christchurch City,Riccarton Ward,-43.5384412,172.5789749,Entire home/apt,249.0,1.0,11,2026-03-19,0.34,19,258,6,,2026-5,2026-09-17,182.0
1173611019604342470,Alpha Motel Top Spa-Bath Studio,179297759,Peng,Christchurch City,Riccarton Ward,-43.5385502,172.5789156,Entire home/apt,173.0,1.0,6,2026-07-08,0.33,19,267,5,,2026-5,2026-09-17,71.0
761716894181729970,Fyffe One Bedroom Unit,58116308,Rod,Christchurch City,Riccarton Ward,-43.52925,172.58825,Private room,180.0,1.0,0,,,4,313,0,,2026-5,2026-09-17,
44417907,A Taste of Kiwi close to Event Centres,164323766,Joel,Christchurch City,Spreydon Ward,-43.54884,172.59496,Entire home/apt,233.0,2.0,101,2026-04-22,1.41,2,267,11,,2026-5,2026-09-17,148.0
1661256402182795680,Down the Garden Path,90166113,Patricia,Christchurch City,Innes Ward,-43.51005899446818,172.63230847519662,Entire home/apt,116.0,1.0,0,,,1,364,0,,2026-5,2026-09-17,
1003892148612102019,CBD Contemporary Comfort Townhouse 2BR 2.5Bath,542186568,Sharon,Christchurch City,Heathcote Ward,-43.5513297,172.6365371,Entire home/apt,210.0,1.0,174,2026-08-05,5.07,7,106,74,,2026-5,2026-09-17,43.0
1619475283988406741,The Nest,40170594,Leonie,Christchurch City,Cashmere Ward,-43.55811,172.63107,Private room,135.0,1.0,0,,,2,353,0,,2026-5,2026-09-17,
1424997130182085619,Stylish Spot in Addington – Heart of Christchurch,696473453,Punyadeep Singh,Christchurch City,Spreydon Ward,-43.54279540390941,172.61422897334856,Entire home/apt,288.0,1.0,0,,,3,270,0,,2026-5,2026-09-17,
1606213123244049956,䁔心屋,326582112,Olivia,Christchurch City,Spreydon Ward,-43.5441,172.61478,Private room,110.0,1.0,0,,,2,361,0,,2026-5,2026-09-17,
1557559975497728241,Modern Family-Friendly Home Near St Albans Park,551181197,Paula Kat Charlotte,Christchurch City,Innes Ward,-43.5110619,172.6409247,Entire home/apt,218.0,1.0,12,2026-08-08,1.51,177,263,12,,2026-5,2026-09-17,40.0
759029814457248725,Free Secure Park CBD Location 2 Bdrms 5 mins CBD,45768555,Hasslefree Accommodation,Christchurch City,Central Ward,-43.52781,172.64633,Entire home/apt,285.0,1.0,52,2026-07-07,1.15,65,298,12,,2026-5,2026-09-17,72.0
1487478813883357909,Spacious Modern City Centre Townhouse with CarPark,227218043,Rebecca,Christchurch City,Central Ward,-43.53370960627598,172.64144640415907,Entire home/apt,212.0,1.0,103,2026-08-07,9.22,1,118,103,,2026-5,2026-09-17,41.0
1697481444220111077,City Central Studio Retreat with Parking,54786858,Harmeet,Christchurch City,Central Ward,-43.53156910279806,172.64736402162166,Entire home/apt,95.0,1.0,0,,,5,354,0,,2026-5,2026-09-17,
1566221035372148264,New Central Christchurch Apartment | Walk to CBD,731795588,Sigrid,Christchurch City,Central Ward,-43.5392412,172.6347688,Entire home/apt,150.0,1.0,0,,,2,305,0,,2026-5,2026-09-17,
1518447965970007675,Luxurious 3-Bedroom Designer Townhouse With Garage,551181197,Paula Kat Charlotte,Christchurch City,Central Ward,-43.5296292,172.650212,Entire home/apt,370.0,1.0,27,2026-06-07,2.6,177,258,27,,2026-5,2026-09-17,102.0
1647313723260451989,Chic Studio | Christchurch Central | W/D & AC,560354463,Fang,Christchurch City,Central Ward,-43.53664,172.64812,Entire home/apt,159.0,1.0,18,2026-07-31,3.91,3,215,18,,2026-5,2026-09-17,48.0
1393967561326691570,"Heart of Garden City – 3BR, 3BA, Parking",49642171,Lily-SimplyHost,Christchurch City,Central Ward,-43.5259716,172.6308046,Entire home/apt,208.0,1.0,8,2026-08-01,0.9,97,89,8,,2026-5,2026-09-17,47.0
1163935496568721896,"Central City. Entire House2 Bedroom, Free Carpark",78652671,Brad,Christchurch City,Central Ward,-43.52334,172.63227,Entire home/apt,256.0,1.0,31,2026-02-06,1.18,1,246,7,,2026-5,2026-09-17,223.0
1006094537333121521,Walk to CBD&One NZ Stadium | Pet Friendly Twnhouse,501222894,Marilyn,Christchurch City,Central Ward,-43.52862981545251,172.64624319970608,Entire home/apt,276.0,1.0,98,2026-07-12,2.89,5,355,20,,2026-5,2026-09-17,67.0
1432176429738387502,Modern and Contemporary 3BR Home,331763232,Managed By Williams,Christchurch City,Central Ward,-43.5333919133148,172.6497471705079,Entire home/apt,340.0,1.0,23,2026-07-16,1.69,165,120,19,,2026-5,2026-09-17,63.0
1459260808358804872,New townhouse minute walk to CBD,365360819,Chao,Christchurch City,Central Ward,-43.5232434,172.6420544,Entire home/apt,240.0,1.0,2,2026-01-24,0.27,8,170,2,,2026-5,2026-09-17,236.0
780880701214690922,Heart of Christchurch City Studio*New Bathroom,74811135,Maggie,Christchurch City,Central Ward,-43.53154,172.6469,Private room,193.0,1.0,155,2026-04-26,3.48,46,252,18,,2026-5,2026-09-17,144.0
41534043,4BR City Escape | Family-Friendly + Parking,24205506,"Mayie, Judi And Karen At Bookahome",Christchurch City,Central Ward,-43.52178,172.64264,Entire home/apt,416.0,2.0,164,2026-07-19,2.07,81,261,6,,2026-5,2026-09-17,60.0
1739450056067558891,Comfy Gloucester Townhouse | EV Charger & Parking,482671075,Care Property Stays,Christchurch City,Central Ward,-43.5300049,172.65168,Entire home/apt,275.0,1.0,0,,,184,86,0,,2026-5,2026-09-17,
612412168196334272,Central Apt | Walk Te Pae + Parking,40726446,Sarah,Christchurch City,Central Ward,-43.530663,172.63855,Entire home/apt,219.0,1.0,240,2026-06-06,4.59,4,166,12,,2026-5,2026-09-17,103.0
1476567986306044104,Pacific Horizon • Luxury Sky Suite • 19th Floor,24205506,"Mayie, Judi And Karen At Bookahome",Christchurch City,Central Ward,-43.53003349999999,172.6391504,Entire home/apt,745.0,2.0,28,2026-07-15,2.39,81,289,28,,2026-5,2026-09-17,64.0
1555306759505089405,Christchurch cottage - Family friendly stay,71217852,Katherine,Christchurch City,Spreydon Ward,-43.5480624071552,172.62133982462558,Entire home/apt,165.0,2.0,27,2026-08-09,3.42,1,23,27,,2026-5,2026-09-17,39.0
1513286025720615349,Discover a Brand New Apartment in Vibrant CHCH,74811135,Maggie,Christchurch City,Spreydon Ward,-43.55114,172.61819,Entire home/apt,253.0,1.0,29,2026-03-27,2.82,46,166,29,,2026-5,2026-09-17,174.0
1327762382777493350,Grand 6BR Escape Steps from Christchurch’s Best,482671075,Care Property Stays,Christchurch City,Central Ward,-43.53346,172.6496,Entire home/apt,596.0,1.0,44,2026-08-08,2.55,184,191,35,,2026-5,2026-09-17,40.0
1168539638008981220,Twin Room Ensuite Accessible,565751605,Haka House Hostel Christchurch,Christchurch City,Central Ward,-43.53218733495357,172.62985511758413,Private room,126.0,1.0,0,,,10,233,0,,2026-5,2026-09-17,
1576220847137474746,Yondersea,36563950,John,Christchurch City,Banks Peninsula Ward,-43.8240977,172.9031566,Entire home/apt,,2.0,2,2026-04-04,0.27,1,0,2,,2026-5,2026-09-17,166.0
887967358669099475,Inner-city Top Floor Apartment - Spectacular Views,24205506,"Mayie, Judi And Karen At Bookahome",Christchurch City,Central Ward,-43.5314756,172.6433048,Entire home/apt,306.0,2.0,107,2026-08-09,2.7,81,85,36,,2026-5,2026-09-17,39.0
1317160612264348275,Single Level Retreat 1 bed 1 bath with Balcony,551181197,Paula Kat Charlotte,Christchurch City,Central Ward,-43.53272035334777,172.64067985911484,Entire home/apt,214.0,1.0,27,2026-05-16,1.37,177,4,13,,2026-5,2026-09-17,124.0
1168542628847897540,Haka House-Entire 6 Bed Dorm Ens,565751605,Haka House Hostel Christchurch,Christchurch City,Central Ward,-43.532143015442706,172.62985405889307,Private room,318.0,1.0,0,,,10,272,0,,2026-5,2026-09-17,
1168549076903871641,Haka House - Entire 6 Bed Dorm,565751605,Haka House Hostel Christchurch,Christchurch City,Central Ward,-43.53218,172.62986,Private room,473.0,1.0,1,2025-01-20,0.05,10,186,0,,2026-5,2026-09-17,605.0
1168540827508543105,Haka House-Entire 8 Bed Dorm Ens,565751605,Haka House Hostel Christchurch,Christchurch City,Central Ward,-43.53219,172.62984,Private room,791.0,1.0,0,,,10,187,0,,2026-5,2026-09-17,
1302446051184679683,Stylish & Spacious: 2BR Wilmer Street Apartment,331763232,Managed By Williams,Christchurch City,Central Ward,-43.5389655,172.6315994,Entire home/apt,,1.0,23,2026-06-20,1.15,165,31,13,,2026-5,2026-09-17,89.0
1506282844032649702,Riverside Apartment - Christchurch City Centre,182132264,Sarah,Christchurch City,Central Ward,-43.53369418246798,172.6309329254032,Entire home/apt,235.0,1.0,33,2026-08-09,4.42,1,228,33,,2026-5,2026-09-17,39.0
1622275911674719236,Closest AirBnB Christchurch Airport! 12 min to CBD,423593732,Matthew,Christchurch City,Waimairi Ward,-43.496587469123064,172.55559729615632,Entire home/apt,410.0,1.0,6,2026-07-08,1.02,2,85,6,,2026-5,2026-09-17,71.0
1225844540208606760,Cosy Central Addington 3bed Home,69908412,Alica,Christchurch City,Spreydon Ward,-43.54272,172.6141,Entire home/apt,,2.0,33,2025-10-05,1.46,1,0,6,,2026-5,2026-09-17,347.0
1709677704489932789,Relaxing Stay in Wigram,74811135,Maggie,Christchurch City,Halswell Ward,-43.55711093862949,172.53973200531044,Entire home/apt,,1.0,0,,,46,0,0,,2026-5,2026-09-17,
1728086552891517745,Nest - Solo,1727139995287568266,Matthew,Christchurch City,Innes Ward,-43.50249,172.65751,Private room,,3.0,0,,,5,0,0,,2026-5,2026-09-17,
13382619,"Peaceful, Private Oasis near Sumner Beach",66285637,Rose,Christchurch City,Heathcote Ward,-43.58153380742747,172.757066660864,Private room,,2.0,28,2026-01-09,0.25,1,0,2,,2026-5,2026-09-17,251.0
1612026635969759420,King street room close to cbd!,88551731,Callum,Christchurch City,Heathcote Ward,-43.5512093,172.6394093,Private room,,1.0,1,2026-02-16,0.17,1,0,1,,2026-5,2026-09-17,213.0
22675910,Major Vista,10355302,Dene,Christchurch City,Heathcote Ward,-43.5671872,172.7162891,Entire home/apt,,2.0,11,2026-03-07,1.42,1,0,11,,2026-5,2026-09-17,194.0
1259017415770731119,Lovely 2BR Home close to Center,542186568,Sharon,Christchurch City,Central Ward,-43.5302545,172.6582687,Entire home/apt,,1.0,62,2026-02-18,2.85,7,0,25,,2026-5,2026-09-17,211.0
1565676565630142997,Modern 3-Bed CBD Townhouse | Stadium + Parking.,49642171,Lily-SimplyHost,Christchurch City,Central Ward,-43.5340777,172.6414874,Entire home/apt,454.0,1.0,35,2026-07-25,4.1,97,352,35,,2026-5,2026-09-17,54.0
43630949,Manaaki Mai Hut Retreat - Purau Lyttelton Harbour,29935802,Paul,Christchurch City,Banks Peninsula Ward,-43.66171,172.76892,Private room,,1.0,95,2024-06-22,1.28,1,0,0,,2026-5,2026-09-17,817.0
1290048864630918594,Charming Private Room,109595285,Matt & Ana,Christchurch City,Central Ward,-43.52850706620084,172.6480071564737,Private room,,2.0,20,2025-12-19,0.98,1,0,5,,2026-5,2026-09-17,272.0
1016491599676246392,Discover a Brand New Apartment in Vibrant CHCH,74811135,Maggie,Christchurch City,Central Ward,-43.53034,172.65507,Entire home/apt,,1.0,33,2026-05-04,1.03,46,0,11,,2026-5,2026-09-17,136.0
1019714444450541840,Find Your Modern Oasis in the Heart of City,74811135,Maggie,Christchurch City,Central Ward,-43.52934,172.65521,Entire home/apt,,1.0,64,2026-07-13,1.93,46,0,22,,2026-5,2026-09-17,66.0
1012866483314569831,Unwind in Stylish New Accom in Bustling CHCH,74811135,Maggie,Christchurch City,Central Ward,-43.52938,172.65528,Entire home/apt,,1.0,36,2026-01-31,1.08,46,0,5,,2026-5,2026-09-17,229.0
1202819189338210991,Chemin Wonder - Akaroa Holiday Home,145244100,Bachcare,Christchurch City,Banks Peninsula Ward,-43.80127,172.97291,Entire home/apt,,2.0,0,,,1231,365,0,,2026-5,2026-09-17,
1683953451598548231,基督城现代超大套房｜近机场与Avonhead Mall｜独立出入｜私密办公健身空间,170865743,Fang,Christchurch City,Waimairi Ward,-43.51395,172.5605,Entire home/apt,155.0,3.0,0,,,4,252,0,,2026-5,2026-09-17,
1713238807001819991,Traveller’s Abode in Christchurch,106302036,Michelle,Christchurch City,Waimairi Ward,-43.51771,172.55759,Private room,59.0,1.0,0,,,1,363,0,,2026-5,2026-09-17,
1055942315332859716,Budget Room  Centrally located,96129652,Su,Christchurch City,Fendalton Ward,-43.50348128155772,172.58698046207428,Private room,,2.0,146,2025-11-30,4.57,4,0,9,,2026-5,2026-09-17,291.0
1063907321961952573,City Fringe Townhouse,40836361,Emma,Christchurch City,Central Ward,-43.5172275,172.6393579,Entire home/apt,,2.0,13,2026-04-27,0.42,1,0,4,,2026-5,2026-09-17,143.0
1360226095262465238,Large self-contained studio,59688721,Colleen & Shelley,Christchurch City,Coastal Ward,-43.55033954525878,172.74858449289397,Entire home/apt,152.0,2.0,0,,,3,75,0,,2026-5,2026-09-17,
1475183821070092370,Sunlit Home with Outdoor Living + Spa,266459140,Philippa,Christchurch City,Heathcote Ward,-43.57648552233884,172.7621501460327,Entire home/apt,705.0,4.0,1,2026-01-25,0.15,1,37,1,,2026-5,2026-09-17,235.0
1114878834152306129,Diamond Harbour Hideaway Flat,528721467,Cathy,Christchurch City,Banks Peninsula Ward,-43.63152,172.74329,Entire home/apt,501.0,7.0,0,,,2,269,0,,2026-5,2026-09-17,
975028604049794810,The New Stables with a view,535920595,Craig,Christchurch City,Banks Peninsula Ward,-43.7581,172.94823,Entire home/apt,311.0,2.0,36,2026-04-26,1.14,1,89,12,,2026-5,2026-09-17,144.0
23204560,Retro Hut,158251762,Fiona Grace,Christchurch City,Banks Peninsula Ward,-43.71427,172.89668,Entire home/apt,133.0,1.0,298,2026-07-13,2.88,2,270,25,,2026-5,2026-09-17,66.0
1092474204773748684,Sunny Home Near Westfield And Hagley Park,179011681,Michelle,Christchurch City,Riccarton Ward,-43.53097,172.60448,Entire home/apt,,2.0,46,2026-01-24,1.82,1,0,5,,2026-5,2026-09-17,236.0
1598384816024637031,"Sunny, warm and modern centrally located house",116289400,Dee,Christchurch City,Fendalton Ward,-43.50727,172.61976,Entire home/apt,457.0,5.0,0,,,1,61,0,,2026-5,2026-09-17,
1114989703521374395,Riccarton 里卡顿单间,508290494,Jackie,Christchurch City,Riccarton Ward,-43.53059124777598,172.58757255971432,Private room,67.0,3.0,0,,,2,87,0,,2026-5,2026-09-17,
1489546755421431673,The Captain's House,6382453,Roy,Christchurch City,Banks Peninsula Ward,-43.80954,172.97053,Private room,159.0,1.0,9,2026-07-10,0.92,1,15,9,,2026-5,2026-09-17,69.0
1513121652682670928,A family friendly happy home in Hoon Hay.,51094709,Leaoa,Christchurch City,Spreydon Ward,-43.56351444993383,172.58694444336922,Entire home/apt,172.0,5.0,0,,,1,365,0,,2026-5,2026-09-17,
874749048351092337,Sea Air and Sandy Beach Beautiful 1 bed 1 bath,482671075,Care Property Stays,Christchurch City,Coastal Ward,-43.5036249,172.7293298,Entire home/apt,185.0,1.0,129,2026-07-10,3.21,184,253,30,,2026-5,2026-09-17,69.0
39559002,Backpacker,98758734,North South Holiday Park,Christchurch City,Harewood Ward,-43.47125,172.56996,Entire home/apt,75.0,1.0,16,2025-07-22,0.2,20,315,0,,2026-5,2026-09-17,422.0
8493225,Studio Unit,44728588,Anita Marie,Christchurch City,Papanui Ward,-43.48535,172.61728,Hotel room,182.0,1.0,5,2024-11-08,0.04,6,348,0,,2026-5,2026-09-17,678.0
1103832683069723274,Merivale Gem: 2BR Townhouse Oasis,551181197,Paula Kat Charlotte,Christchurch City,Fendalton Ward,-43.5129634,172.625209,Entire home/apt,239.0,1.0,65,2026-08-06,2.21,177,229,23,,2026-5,2026-09-17,42.0
30998948,"Room to spread out · fenced lawn, pets welcome",24205506,"Mayie, Judi And Karen At Bookahome",Christchurch City,Papanui Ward,-43.50148,172.62932,Entire home/apt,321.0,2.0,112,2026-05-15,1.23,81,293,7,,2026-5,2026-09-17,125.0
782115460688714215,Location Plus Free Off St Park Handy Hospital,45768555,Hasslefree Accommodation,Christchurch City,Riccarton Ward,-43.5287189,172.6108395,Entire home/apt,262.0,1.0,135,2026-08-08,3.05,65,305,38,,2026-5,2026-09-17,40.0
51215241,New Townhouse in private complex with EV charger,86216394,Min,Christchurch City,Spreydon Ward,-43.5449,172.60915,Entire home/apt,222.0,1.0,192,2026-08-01,3.14,42,198,23,,2026-5,2026-09-17,47.0
1039291772189383226,Stylish~Central~Gated free car park,537318846,Jemima,Christchurch City,Central Ward,-43.51635,172.63747,Entire home/apt,193.0,1.0,197,2026-08-09,6.42,5,38,109,,2026-5,2026-09-17,39.0
1345929901454188707,Hagley Park Grand Townhouse l 3 bdrms plus garage,49642171,Lily-SimplyHost,Christchurch City,Spreydon Ward,-43.54204588026427,172.61210799244404,Entire home/apt,236.0,1.0,4,2026-06-22,0.25,97,299,3,,2026-5,2026-09-17,87.0
52660277,Family Room@Samhil Motor Lodge,425993439,Raj,Christchurch City,Riccarton Ward,-43.52776,172.61058,Private room,175.0,1.0,3,2024-11-23,0.1,4,342,0,,2026-5,2026-09-17,663.0
1541010582482534643,Modern City Haven CHCH,41436055,Casey,Christchurch City,Central Ward,-43.518167735817286,172.63434659689665,Entire home/apt,440.0,1.0,4,2026-06-16,0.53,1,142,4,,2026-5,2026-09-17,93.0
1337349703674320075,Room with a View,32636421,Karyn,Christchurch City,Cashmere Ward,-43.56643,172.64814,Private room,128.0,2.0,2,2025-02-22,0.11,3,362,0,,2026-5,2026-09-17,572.0
1145453620381548180,Charming City Cottage,574811217,Chet,Christchurch City,Heathcote Ward,-43.54851360418315,172.6406417414546,Entire home/apt,343.0,2.0,4,2025-09-19,0.22,1,333,1,,2026-5,2026-09-17,363.0
1226313744008101573,Stylish Central City townhouse Next to Little High,551181197,Paula Kat Charlotte,Christchurch City,Central Ward,-43.5366847,172.6407056,Entire home/apt,606.0,1.0,55,2026-07-13,2.33,177,214,33,,2026-5,2026-09-17,66.0
1330290769226446104,"Luxury 2BR Near ARA, Stadium & CBD – Parking",49642171,Lily-SimplyHost,Christchurch City,Linwood Ward,-43.53874223316468,172.65950393301003,Entire home/apt,242.0,1.0,20,2026-08-02,1.07,97,298,15,,2026-5,2026-09-17,46.0
1396146959393760019,Character Meets Comfort 2 Bedroom City Townhouse,482671075,Care Property Stays,Christchurch City,Central Ward,-43.52457,172.63493,Entire home/apt,210.0,1.0,24,2026-04-05,1.49,184,88,12,,2026-5,2026-09-17,165.0
665376658321129986,Central City in quiet private complex,468061198,Susan,Christchurch City,Central Ward,-43.52903,172.64107,Entire home/apt,179.0,1.0,220,2026-08-10,4.98,1,241,79,,2026-5,2026-09-17,38.0
885008300585910921,Family Home w/ Garage & EV - Walk to Hagley Park,482671075,Care Property Stays,Christchurch City,Spreydon Ward,-43.54286829999999,172.6127631,Entire home/apt,199.0,1.0,157,2026-08-09,3.95,184,248,29,,2026-5,2026-09-17,39.0
1533759337513296791,Townhouse in central Christchurch,724433368,David,Christchurch City,Central Ward,-43.51593,172.64524,Entire home/apt,181.0,1.0,29,2026-08-01,2.97,1,49,29,,2026-5,2026-09-17,47.0
1050047867112702983,Chic 2-Bed Townhouse in Heart of Christchurch,49642171,Lily-SimplyHost,Christchurch City,Spreydon Ward,-43.5514,172.616,Entire home/apt,265.0,1.0,49,2026-07-02,1.56,97,326,18,,2026-5,2026-09-17,77.0
1294545597621314780,Berry Delight - Christchurch Holiday Home,145244100,Bachcare,Christchurch City,Central Ward,-43.516352033294446,172.63231541497586,Entire home/apt,,2.0,6,2026-03-12,0.33,1231,364,4,,2026-5,2026-09-17,189.0
553056370657590460,Copper Beech Cottage,219787553,Hayley,Christchurch City,Heathcote Ward,-43.56019,172.66271,Entire home/apt,156.0,1.0,465,2026-07-19,8.82,1,235,106,,2026-5,2026-09-17,60.0
1251879748055141122,Simply City Zen,54012179,Bob,Christchurch City,Innes Ward,-43.51053267800998,172.63775752409785,Entire home/apt,343.0,2.0,6,2026-02-25,0.29,6,53,3,,2026-5,2026-09-17,204.0
21756241,Elevated home with hill views,157580521,Mary Ann,Christchurch City,Heathcote Ward,-43.55957,172.6702,Private room,80.0,1.0,173,2026-05-01,1.68,1,318,23,,2026-5,2026-09-17,139.0
25737967,Central City Escape – in the Heart of Christchurch,24205506,"Mayie, Judi And Karen At Bookahome",Christchurch City,Central Ward,-43.52353,172.63615,Entire home/apt,413.0,2.0,30,2026-02-28,0.32,81,157,2,,2026-5,2026-09-17,201.0
655274653812851381,Premium Location 2beds2bath on Madras,86216394,Min,Christchurch City,Central Ward,-43.52409,172.64274,Entire home/apt,213.0,1.0,135,2026-08-05,2.7,42,122,33,,2026-5,2026-09-17,43.0
1438791003548877720,"Classical, with space, new (CNZhouse)",55183024,Clark,Christchurch City,Central Ward,-43.52775370000001,172.6497157,Entire home/apt,386.0,1.0,107,2026-07-15,7.52,2,155,95,,2026-5,2026-09-17,64.0
1583660480531635317,Unit in Manchester Square — New Stadium,86216394,Min,Christchurch City,Central Ward,-43.5311992,172.6399008,Entire home/apt,187.0,1.0,26,2026-08-01,3.56,42,169,26,,2026-5,2026-09-17,47.0
31676281,The house is the back section,223206379,Janya,Christchurch City,Riccarton Ward,-43.53134,172.58614,Private room,137.0,1.0,0,,,2,365,0,,2026-5,2026-09-17,
1322755832994856228,2 Bedroom Unit,98758734,North South Holiday Park,Christchurch City,Harewood Ward,-43.47059,172.57067,Entire home/apt,231.0,1.0,4,2026-05-28,0.28,20,273,3,,2026-5,2026-09-17,112.0
23166665,Central City Comfort and Style off street parking,82911111,Jo,Christchurch City,Innes Ward,-43.5056,172.64269,Private room,160.0,2.0,67,2025-02-16,0.65,1,164,0,,2026-5,2026-09-17,578.0
1316029600867050741,Christchurch Home away from home,160737406,Steve,Christchurch City,Innes Ward,-43.49923136134971,172.64541180551075,Entire home/apt,701.0,1.0,14,2026-04-05,0.71,1,41,8,,2026-5,2026-09-17,165.0
36618523,Deluxe Studio Unit,266905655,Hari,Christchurch City,Central Ward,-43.5205078125,172.641845703125,Entire home/apt,132.0,1.0,19,2025-11-29,0.4,5,359,4,,2026-5,2026-09-17,292.0
1638014430077968054,"Stylish Standalone – 2 Bed, 2 Bath + parking",72991949,Garry,Christchurch City,Spreydon Ward,-43.54317568459431,172.60931614138437,Entire home/apt,235.0,1.0,20,2026-07-15,3.9,1,340,20,,2026-5,2026-09-17,64.0
1595401923189346496,Stunning new built private room ONLY,302772664,Holly,Christchurch City,Riccarton Ward,-43.53444,172.61174,Private room,125.0,1.0,6,2026-04-12,1.01,3,361,6,,2026-5,2026-09-17,158.0
52623958,Studio Quad Room at Samhil Motor Lodge,425993439,Raj,Christchurch City,Riccarton Ward,-43.52948,172.60972,Private room,179.0,1.0,0,,,4,354,0,,2026-5,2026-09-17,
1211070132323635531,Eco Spa-bath Studio,179297759,Peng,Christchurch City,Riccarton Ward,-43.5384365,172.5789529,Private room,152.0,1.0,9,2025-12-19,0.37,19,365,1,,2026-5,2026-09-17,272.0
1380778169721723983,"Private, peaceful studio with bonus car park!",551181197,Paula Kat Charlotte,Christchurch City,Central Ward,-43.537251,172.6477124,Entire home/apt,202.0,1.0,104,2026-08-05,6.25,177,255,91,,2026-5,2026-09-17,43.0
1484616348792082172,Merivale Haven,189973587,Charlotte And Chad,Christchurch City,Fendalton Ward,-43.51866901404076,172.6195439407312,Entire home/apt,,5.0,0,,,3,83,0,,2026-5,2026-09-17,
1270600741927323037,Alpha Eco Trip Two-Bedroom House,179297759,Peng,Christchurch City,Riccarton Ward,-43.5385502,172.5789156,Entire home/apt,250.0,1.0,0,,,19,362,0,,2026-5,2026-09-17,
1505481437814885140,Cozy Private Room in Spacious Home – Near City,284171267,Sarwat,Christchurch City,Innes Ward,-43.48762,172.64995,Private room,99.0,1.0,1,2026-02-05,0.16,1,365,1,,2026-5,2026-09-17,224.0
1180644296361585075,Beachfront 2BR Retreat with Stunning Views,551181197,Paula Kat Charlotte,Christchurch City,Coastal Ward,-43.5037783,172.7294049,Entire home/apt,217.0,1.0,60,2026-07-31,2.4,177,235,30,,2026-5,2026-09-17,48.0
1046476609476571582,New Brighton Beach Explore - King Bed and sofa bed,482671075,Care Property Stays,Christchurch City,Coastal Ward,-43.5088598,172.7312954,Entire home/apt,176.0,1.0,105,2026-07-26,3.3,184,253,38,,2026-5,2026-09-17,53.0
910544264293228230,NewBrightonRetreat-Private Apartment in Sunny Home,166425951,Leanne,Christchurch City,Coastal Ward,-43.49992,172.72795,Entire home/apt,238.0,2.0,30,2026-02-13,0.79,1,219,1,,2026-5,2026-09-17,216.0
848037931188252579,Beachfront Bach - retro at the beach,24205506,"Mayie, Judi And Karen At Bookahome",Christchurch City,Coastal Ward,-43.52052,172.73548,Entire home/apt,279.0,2.0,20,2026-04-17,0.53,81,270,8,,2026-5,2026-09-17,153.0
1234185272223359099,Bedroom by the Beach,274571372,Bailey,Christchurch City,Coastal Ward,-43.49278,172.72161,Private room,67.0,2.0,9,2026-04-08,0.42,1,88,4,,2026-5,2026-09-17,162.0
1669261222585817162,Beachfront Stay with Balcony & Ocean Views,331763232,Managed By Williams,Christchurch City,Coastal Ward,-43.4949398,172.726053,Entire home/apt,224.0,1.0,1,2026-05-16,0.33,165,357,1,,2026-5,2026-09-17,124.0
1669098336073939278,Coastal Living Two Bedroom Marine Parade,331763232,Managed By Williams,Christchurch City,Coastal Ward,-43.4949398,172.726053,Entire home/apt,283.0,1.0,4,2026-07-09,1.58,165,334,4,,2026-5,2026-09-17,70.0
1314690886886387749,Stay at Puhara - Parklands Escape,24205506,"Mayie, Judi And Karen At Bookahome",Christchurch City,Burwood Ward,-43.47734,172.6912,Entire home/apt,265.0,2.0,17,2026-03-24,0.87,81,328,12,,2026-5,2026-09-17,177.0
53202341,Jasmine Country Cottages  Cosy Retreat,243537175,Caroline And Mike,Christchurch City,Banks Peninsula Ward,-43.75464,172.81694,Private room,170.0,1.0,117,2026-06-23,2.02,1,113,25,,2026-5,2026-09-17,86.0
1675666667674492555,Hidden Oasis in North New Brighton,312742834,Daniel,Christchurch City,Coastal Ward,-43.49058,172.71362,Entire home/apt,240.0,1.0,14,2026-07-28,5.45,3,316,14,,2026-5,2026-09-17,51.0
1630804591861903105,Family Beach House – Walk to the Sand in Minutes,167016015,Leona,Christchurch City,Coastal Ward,-43.50916,172.72198,Entire home/apt,167.0,28.0,0,,,1,168,0,,2026-5,2026-09-17,
1551337635391018180,Comfortable Home Near Burwood Hospital & Forest,728468614,Andrea,Christchurch City,Coastal Ward,-43.47332,172.70414,Entire home/apt,216.0,1.0,12,2026-08-10,1.77,1,116,12,,2026-5,2026-09-17,38.0
1721269577532130459,Kombi Cabin,98758734,North South Holiday Park,Christchurch City,Harewood Ward,-43.4710011,172.570093,Private room,124.0,1.0,1,2026-07-08,0.79,20,363,1,,2026-5,2026-09-17,71.0
1649640159244981584,The Sunlit Canvas: Bright Modern Home,158734148,Edith,Christchurch City,Halswell Ward,-43.5625405,172.5449444,Entire home/apt,253.0,1.0,29,2026-07-25,6.69,1,105,29,,2026-5,2026-09-17,54.0
1652566296426564032,Cozy 3BR Home in Hornby | Games Room | Sleeps 6-7,21349630,Katie,Christchurch City,Hornby Ward,-43.54407,172.52891,Entire home/apt,323.0,1.0,23,2026-08-06,5.19,2,304,23,,2026-5,2026-09-17,42.0
1669478624720369872,Always welcome with peace,1669450341412374365,John,Christchurch City,Halswell Ward,-43.54700225844028,172.54574958993035,Private room,160.0,1.0,0,,,1,90,0,,2026-5,2026-09-17,
1324236721063217484,A modern house in Christchurch,669953274,Nguyen Hoang,Christchurch City,Halswell Ward,-43.55401,172.56075,Entire home/apt,233.0,1.0,1,2025-01-06,0.05,1,349,0,,2026-5,2026-09-17,619.0
41539901,The Little House,149919672,Gareth & Jamie,Christchurch City,Papanui Ward,-43.4756136,172.6115366,Entire home/apt,153.0,1.0,76,2026-08-09,5.1,1,121,64,,2026-5,2026-09-17,39.0
36002264,Access Apartment wheel chair friendly,127329302,Jay,Christchurch City,Riccarton Ward,-43.5298,172.58123,Private room,133.0,1.0,4,2022-12-26,0.05,6,339,0,,2026-5,2026-09-17,1361.0
24561883,Home on Hoani,50163342,Susie,Christchurch City,Papanui Ward,-43.49364,172.60034,Entire home/apt,244.0,2.0,94,2026-07-13,0.94,2,116,16,,2026-5,2026-09-17,66.0
1332009082898522448,Ōraka Homestead,62210393,Andrew,Christchurch City,Innes Ward,-43.5063758835739,172.65849427722307,Private room,70.0,2.0,22,2026-05-31,1.16,1,110,9,,2026-5,2026-09-17,109.0
1536362844669014902,Comfortable Stay in Halswell Close to Shops & Park,704912203,Shatrughan,Christchurch City,Halswell Ward,-43.59401,172.56608,Entire home/apt,270.0,1.0,21,2026-07-30,2.41,1,61,21,,2026-5,2026-09-17,49.0
1628731814816043450,"Boutique Apartment,5 Minutes to Hagley Park & City",682808597,Devon,Christchurch City,Central Ward,-43.51961,172.6467,Entire home/apt,210.0,1.0,24,2026-07-22,4.47,28,287,24,,2026-5,2026-09-17,57.0
1329885812953424387,Sumner Sunsetter,345682413,Jayne,Christchurch City,Heathcote Ward,-43.57221,172.7548148,Private room,207.0,1.0,3,2025-09-12,0.17,1,361,1,,2026-5,2026-09-17,370.0
1016332072105932096,"Room 2 with Double Bed
Breakfast Included.",490039964,Tony,Christchurch City,Halswell Ward,-43.58814,172.56502,Private room,100.0,1.0,68,2026-04-03,2.05,2,260,15,,2026-5,2026-09-17,167.0
1059027196631020917,Magic on Maffeys,184737876,Leanne,Christchurch City,Heathcote Ward,-43.5592418,172.7235657,Entire home/apt,505.0,30.0,0,,,1,111,0,,2026-5,2026-09-17,
1644659628507661786,Shubham's Home,752267691,Shubham Deep,Christchurch City,Halswell Ward,-43.55430632696452,172.56348632276058,Private room,75.0,1.0,0,,,1,363,0,,2026-5,2026-09-17,
1713526113963854415,Peaceful City Fringe Escape with Carpark,482671075,Care Property Stays,Christchurch City,Central Ward,-43.5185635,172.6485402,Entire home/apt,300.0,1.0,8,2026-08-01,5.0,184,256,8,,2026-5,2026-09-17,47.0
1342946465975261854,Self Contained Unit: 10mins from CBD/ EV Charger,24205506,"Mayie, Judi And Karen At Bookahome",Christchurch City,Fendalton Ward,-43.51194737647095,172.60284757964183,Entire home/apt,143.0,3.0,19,2026-07-21,1.41,81,88,16,,2026-5,2026-09-17,58.0
864042199874166799,"5 minutes from CBD Parking, Pet / Child Friendly,",69733783,John,Christchurch City,Central Ward,-43.52557,172.66239,Entire home/apt,178.0,3.0,89,2026-07-27,2.56,1,83,30,,2026-5,2026-09-17,52.0
50508377,Stellar Central City Apartment -  Hagley Park,5353886,Trish And Mark,Christchurch City,Spreydon Ward,-43.54037,172.61873,Entire home/apt,218.0,2.0,110,2026-03-09,1.88,2,254,1,,2026-5,2026-09-17,192.0
1743348624732856490,Nice sunny place in Redwood and Golden retriever,129071297,Renata,Christchurch City,Papanui Ward,-43.47941,172.62308,Private room,86.0,1.0,0,,,1,295,0,,2026-5,2026-09-17,
28923326,Brand New 2BR Home - Close to Everything,147777927,Venu,Christchurch City,Linwood Ward,-43.53239,172.67073,Entire home/apt,182.0,1.0,89,2026-07-15,3.07,4,153,10,,2026-5,2026-09-17,64.0
45915103,Te Whare Rimu -  a mix of character and comfort,112208935,Gareth Sven,Christchurch City,Spreydon Ward,-43.55195,172.61422,Entire home/apt,246.0,3.0,4,2025-01-10,0.06,1,358,0,,2026-5,2026-09-17,615.0
43914625,"One Bedroom Apartment, Hotel Carlton Mill",50694865,Hotel,Christchurch City,Fendalton Ward,-43.52079,172.62698,Entire home/apt,288.0,1.0,6,2023-04-08,0.09,11,333,0,,2026-5,2026-09-17,1258.0
1480848901532479249,Home Away From Home On One Level & Internal Garage,95602720,June,Christchurch City,Riccarton Ward,-43.52969,172.57827,Entire home/apt,217.0,3.0,12,2026-05-06,1.31,1,57,12,,2026-5,2026-09-17,134.0
1635737121224804909,Elegant Family Home,749962649,Navin,Christchurch City,Halswell Ward,-43.56138688811351,172.5558852776885,Entire home/apt,394.0,1.0,0,,,1,313,0,,2026-5,2026-09-17,
41960124,Fyffe Two Bedroom Family Unit,58116308,Rod,Christchurch City,Riccarton Ward,-43.5292,172.58831,Entire home/apt,253.0,1.0,11,2026-02-28,0.15,4,313,2,,2026-5,2026-09-17,201.0
1644485122279229931,Brand New Modern 2BR Home U7,74811135,Maggie,Christchurch City,Riccarton Ward,-43.5355579,172.6047783,Entire home/apt,331.0,1.0,9,2026-07-15,1.84,46,77,9,,2026-5,2026-09-17,64.0
1299592624480554260,Sanctuary in St Albans: Chic 2-Bedroom Retreat,551181197,Paula Kat Charlotte,Christchurch City,Fendalton Ward,-43.5129634,172.625209,Entire home/apt,223.0,1.0,42,2026-08-01,2.37,177,255,31,,2026-5,2026-09-17,47.0
2723640,Tranquillity with city views at The Bothy,13938410,Jen,Christchurch City,Cashmere Ward,-43.5716,172.63094,Entire home/apt,204.0,1.0,206,2026-04-27,1.39,15,356,5,,2026-5,2026-09-17,143.0
1483930198538559615,5 mins walk 2 WolfbrookArena 2 BR onsite parking,365360819,Chao,Christchurch City,Spreydon Ward,-43.54393,172.60862,Entire home/apt,220.0,1.0,10,2026-08-08,0.94,8,20,10,,2026-5,2026-09-17,40.0
1393883947547156756,"Home away from home, near CBD",938000,Kit,Christchurch City,Cashmere Ward,-43.55921737773134,172.64969928807213,Entire home/apt,155.0,1.0,36,2026-07-04,2.35,2,355,33,,2026-5,2026-09-17,75.0
774899308218976868,30m² Tiny Home w/Parking | 5 min to One NZ Stadium,131734373,Alicia,Christchurch City,Linwood Ward,-43.54946,172.6722883,Entire home/apt,134.0,1.0,99,2026-07-15,2.21,10,298,16,,2026-5,2026-09-17,64.0
20833847,"Bedroom with own Bath, 2Km from CBD/OneNZ Stadium",148639945,Coco,Christchurch City,Heathcote Ward,-43.54802,172.64331,Private room,70.0,3.0,100,2026-07-26,0.94,1,56,21,,2026-5,2026-09-17,53.0
1749856648529607526,The Wild Fern by Aotearoa Escapes,71584301,Iliya,Christchurch City,Innes Ward,-43.51487382325387,172.64664780794217,Entire home/apt,380.0,1.0,0,,,11,358,0,,2026-5,2026-09-17,
1426597518333269703,Four bed domitory,140854309,Manpreet,Christchurch City,Spreydon Ward,-43.5509,172.59809,Shared room,50.0,1.0,5,2026-02-10,0.35,3,362,3,,2026-5,2026-09-17,219.0
18466951,"HOME AWAY FROM HOME
ARENA#STADIUM#TRANZALPINE#CITY",125315385,Leeanne And David,Christchurch City,Spreydon Ward,-43.54962,172.60355,Entire home/apt,147.0,1.0,704,2026-08-04,6.23,1,256,78,,2026-5,2026-09-17,44.0
1197584219124813921,New Central Retreat: Includes Luxury King Beds,44139597,Canterbury Property Management,Christchurch City,Heathcote Ward,-43.54907,172.64038,Entire home/apt,296.0,1.0,43,2026-06-14,2.29,6,221,28,,2026-5,2026-09-17,95.0
670957260205909363,Tranquil Oasis in the Central City,94703282,Jojo,Christchurch City,Innes Ward,-43.51423,172.6392,Private room,175.0,1.0,58,2026-02-28,1.86,2,261,18,,2026-5,2026-09-17,201.0
1740121279467632840,Spacious 3BR Family Home | Free Parking,43367626,Sharon,Christchurch City,Spreydon Ward,-43.55495579999999,172.6192402,Entire home/apt,309.0,1.0,0,,,18,157,0,,2026-5,2026-09-17,
704556549743355312,The Dream Townhouse,202585247,Ohana,Christchurch City,Central Ward,-43.51838,172.64728,Entire home/apt,215.0,1.0,235,2026-08-09,4.93,155,152,48,,2026-5,2026-09-17,39.0
1590709818991360574,Room near Hagley Park,61637206,Cathy,Christchurch City,Riccarton Ward,-43.53408,172.61184,Private room,93.0,1.0,30,2026-07-16,4.74,1,47,30,,2026-5,2026-09-17,63.0
1472173331819377197,Merivale Court Family Suit(2bedr)-Unit 5,707858717,Stay At Christchurch Ltd,Christchurch City,Fendalton Ward,-43.51697091214538,172.62538896706596,Entire home/apt,248.0,1.0,3,2025-12-27,0.3,14,363,3,,2026-5,2026-09-17,264.0
10910045,Room with a View to the Mountains,32636421,Karyn,Christchurch City,Cashmere Ward,-43.56814,172.64783,Private room,149.0,2.0,15,2026-03-02,0.13,3,364,2,,2026-5,2026-09-17,199.0
1603865825013332594,Convenient 4BR Home Opposite Hagley Park,74811135,Maggie,Christchurch City,Central Ward,-43.53386,172.61246,Entire home/apt,449.0,1.0,16,2026-07-15,2.76,46,239,16,,2026-5,2026-09-17,64.0
1616463256398056772,Merivale Lane Sanctuary,146693943,Andrea,Christchurch City,Fendalton Ward,-43.51569,172.62271,Entire home/apt,319.0,1.0,21,2026-08-08,3.42,2,230,21,,2026-5,2026-09-17,40.0
1269204637183950590,Charming Home in Prime Location,167831291,Joanne,Christchurch City,Innes Ward,-43.50337,172.63194,Entire home/apt,558.0,5.0,5,2026-01-19,0.26,1,69,2,,2026-5,2026-09-17,241.0
53190702,"Stylish close to city, 2 bedroom house, 1 carpark",97694138,Stacey,Christchurch City,Spreydon Ward,-43.54561,172.61926,Entire home/apt,244.0,2.0,165,2026-08-09,2.92,2,306,54,,2026-5,2026-09-17,39.0
713148516723368363,Family friendly - 10 min drive to Chch city centre,482671075,Care Property Stays,Christchurch City,Innes Ward,-43.50228,172.64507,Entire home/apt,217.0,1.0,106,2026-01-05,2.3,184,241,11,,2026-5,2026-09-17,255.0
1748873598147115142,Spacious 3 Bedroom Townhouse | Near CBD w/ Garage,482671075,Care Property Stays,Christchurch City,Innes Ward,-43.5088892,172.632628,Entire home/apt,249.0,1.0,0,,,184,254,0,,2026-5,2026-09-17,
1041614486694611256,Start your Family Holiday here,550006618,James,Christchurch City,Central Ward,-43.5187446,172.6453485,Entire home/apt,262.0,2.0,42,2026-07-14,1.31,1,286,17,,2026-5,2026-09-17,65.0
53976929,"Self contained Tiny House, an urban retreat",170246455,Monique,Christchurch City,Spreydon Ward,-43.55439,172.60052,Entire home/apt,149.0,2.0,77,2026-06-03,1.37,1,171,13,,2026-5,2026-09-17,106.0
1325229124787480640,Charming 2-Bedroom Townhouse,431375358,Jag,Christchurch City,Linwood Ward,-43.53889,172.66188,Entire home/apt,202.0,1.0,78,2026-07-16,4.02,1,156,57,,2026-5,2026-09-17,63.0
1196781162145307337,"Drifter Bunkhouse Ensuite, Sleeps 8",573074023,Drifter,Christchurch City,Central Ward,-43.53328,172.63999,Private room,359.0,1.0,0,,,13,341,0,,2026-5,2026-09-17,
1012592927913058060,Long Cottage Mews Townhouse,306797561,Michael,Christchurch City,Fendalton Ward,-43.5139817,172.6228297,Entire home/apt,240.0,1.0,31,2026-07-11,1.2,1,309,20,,2026-5,2026-09-17,68.0
46775597,Standard Studio - Kauri Motel,302631641,Kauri,Christchurch City,Riccarton Ward,-43.529858,172.596909,Private room,166.0,1.0,0,,,4,348,0,,2026-5,2026-09-17,
1370081812745549740,"Urban Comfort 3BR with Garage, Guest Favourite",551181197,Paula Kat Charlotte,Christchurch City,Central Ward,-43.51636962582822,172.63732326410877,Entire home/apt,379.0,1.0,86,2026-08-06,5.11,177,180,57,,2026-5,2026-09-17,42.0
1550919601995845471,"Room available in modern, comfortable, sunny home!",283002963,Anna,Christchurch City,Spreydon Ward,-43.54954,172.62363,Private room,108.0,1.0,24,2026-05-30,2.66,1,286,24,,2026-5,2026-09-17,110.0
1013291664951793211,Peaceful & Quiet with dedicated wk area & Netflix,315795787,David,Christchurch City,Cashmere Ward,-43.5622931,172.617894,Private room,92.0,1.0,63,2026-07-27,1.86,1,364,18,,2026-5,2026-09-17,52.0
880173979573913977,Lincoln road modern townhouse,211195948,Jenny,Christchurch City,Spreydon Ward,-43.5433,172.61288,Entire home/apt,215.0,1.0,204,2026-07-16,5.16,19,218,64,,2026-5,2026-09-17,63.0
13632399,Private Queen Room Near City Centre,4606077,Tawny,Christchurch City,Innes Ward,-43.51567,172.64604,Private room,112.0,2.0,110,2026-04-26,0.89,2,270,7,,2026-5,2026-09-17,144.0
790951969034658492,CBD Entertainer – 2-Bed Townhouse by Little High,49642171,Lily-SimplyHost,Christchurch City,Central Ward,-43.5370029,172.6405072,Entire home/apt,229.0,1.0,142,2026-07-27,3.25,97,212,13,,2026-5,2026-09-17,52.0
1662670426897164408,"Room to Breathe, Space to Stay, 3BR, 3 Bath",510730797,Kate,Christchurch City,Central Ward,-43.52170842859378,172.63805680530794,Entire home/apt,352.0,2.0,5,2026-07-15,1.3,20,276,5,,2026-5,2026-09-17,64.0
1675859268258490167,Spacious 2BR City Stay Near Christchurch CBD,331763232,Managed By Williams,Christchurch City,Central Ward,-43.5392412,172.6347688,Entire home/apt,226.0,1.0,1,2026-06-02,0.41,165,352,1,,2026-5,2026-09-17,107.0
39373822,Centrally Located Apartment in Christchurch,87176738,Fiona,Christchurch City,Central Ward,-43.52402,172.63867,Entire home/apt,122.0,3.0,90,2026-08-03,1.09,1,54,19,,2026-5,2026-09-17,45.0
805453119675747858,Designer beauty townhouse on Peacock with garage,86216394,Min,Christchurch City,Central Ward,-43.5219421,172.6326196,Entire home/apt,236.0,1.0,105,2026-08-01,2.44,42,153,33,,2026-5,2026-09-17,47.0
1380742275186119628,City Haven 1BR Near Ara Institute and CBD,551181197,Paula Kat Charlotte,Christchurch City,Central Ward,-43.5371788,172.6478091,Entire home/apt,166.0,1.0,14,2026-01-15,0.84,177,258,9,,2026-5,2026-09-17,245.0
1504973673174970140,Te Kaha Canvas · Central 3BR/3BA Townhouse+Parking,570168648,Joanna,Christchurch City,Central Ward,-43.5321753,172.6478101,Entire home/apt,331.0,1.0,38,2026-08-12,3.89,4,255,38,,2026-5,2026-09-17,36.0
1506346430153615474,Executive CBD Townhouse - Stadium + Playground,551181197,Paula Kat Charlotte,Christchurch City,Central Ward,-43.5226917,172.6430901,Entire home/apt,194.0,1.0,11,2026-07-15,1.02,177,240,11,,2026-5,2026-09-17,64.0
1506003045994232697,Spacious City Studio Apartment With Lock Up Garage,659502893,Tina,Christchurch City,Central Ward,-43.5262548,172.6367827,Entire home/apt,254.0,1.0,6,2026-04-25,0.66,4,100,6,,2026-5,2026-09-17,145.0
1462843271211417466,CBD Stay Apartment| Parking+Walk to One NZ Stadium,482671075,Care Property Stays,Christchurch City,Central Ward,-43.5340324,172.6425015,Entire home/apt,176.0,1.0,58,2026-08-06,4.5,184,215,55,,2026-5,2026-09-17,42.0
1298825819572982521,Quiet Hillside Escape with Spectacular Views,57221522,Rufus,Christchurch City,Cashmere Ward,-43.56334,172.66344,Entire home/apt,411.0,2.0,9,2026-07-12,0.45,1,30,3,,2026-5,2026-09-17,67.0
1108136987547601642,Explore from 8 Wilmer: Upper Level Cozy Studio,551181197,Paula Kat Charlotte,Christchurch City,Central Ward,-43.5384944,172.6313989,Entire home/apt,156.0,1.0,25,2026-08-07,0.85,177,255,12,,2026-5,2026-09-17,41.0
861759917102264921,Indulge in Christchurch Hagley Park 2 bed 2 bath,482671075,Care Property Stays,Christchurch City,Central Ward,-43.5373716,172.6252993,Entire home/apt,243.0,1.0,47,2026-04-03,1.15,184,255,5,,2026-5,2026-09-17,167.0
1566172656152875455,Brand New Apartment & Close to One Stadium (203),731795588,Sigrid,Christchurch City,Central Ward,-43.5391205,172.6344073,Entire home/apt,150.0,2.0,2,2026-07-22,1.46,2,287,2,,2026-5,2026-09-17,57.0
1380020110511846540,"City - Comfort, Private & Parking- long stay deals",24205506,"Mayie, Judi And Karen At Bookahome",Christchurch City,Central Ward,-43.52299159538557,172.62794850716614,Entire home/apt,234.0,2.0,29,2026-08-09,1.75,81,99,24,,2026-5,2026-09-17,39.0
1555497617443916855,301 bealey ave apartment city centre,729436932,Jatin,Christchurch City,Central Ward,-43.52131195463341,172.63852228866892,Entire home/apt,695.0,1.0,2,2025-11-30,0.22,2,364,2,,2026-5,2026-09-17,291.0
54268343,NEW Home Away from Home on Salisbury,86216394,Min,Christchurch City,Central Ward,-43.52477,172.64196,Entire home/apt,183.0,1.0,143,2026-08-04,2.58,42,185,29,,2026-5,2026-09-17,44.0
1237444599827361900,"Modern City Apartment w/ Pool, Gym, Free Parking",682808597,Devon,Christchurch City,Central Ward,-43.52251,172.63278,Entire home/apt,260.0,1.0,65,2026-08-10,2.84,28,268,35,,2026-5,2026-09-17,38.0
1021562330211882047,Quirky | Double | 10 minutes walk One NZ Stadium,532142019,Tracy,Christchurch City,Central Ward,-43.5327996,172.6595895,Private room,87.0,1.0,10,2026-02-10,0.3,6,89,1,,2026-5,2026-09-17,219.0
8846958,Central Christchurch Cottage,11083016,James,Christchurch City,Central Ward,-43.53261,172.649,Entire home/apt,186.0,2.0,181,2026-07-04,1.39,5,265,21,,2026-5,2026-09-17,75.0
544272321884946997,Cozy Rattan Escape | Winter Warmth in Central CHC,86216394,Min,Christchurch City,Central Ward,-43.53148,172.64991,Entire home/apt,196.0,1.0,169,2026-07-31,3.09,42,217,39,,2026-5,2026-09-17,48.0
872547136630455957,City Escape – 1BR Apartment with Free Carpark,23278101,Jason,Christchurch City,Central Ward,-43.524851,172.6359997,Entire home/apt,220.0,1.0,234,2026-08-02,5.82,19,306,80,,2026-5,2026-09-17,46.0
1656788716198818566,King beds | Elevated Comfort | City Centre,692927299,Louise,Christchurch City,Central Ward,-43.5333043,172.6495622,Entire home/apt,365.0,1.0,6,2026-05-31,1.51,4,148,6,,2026-5,2026-09-17,109.0
926449034030595139,New Beautiful City Centre Townhouse,523186247,Dan,Christchurch City,Central Ward,-43.535568,172.6318853,Entire home/apt,272.0,1.0,73,2026-07-31,1.99,2,61,12,,2026-5,2026-09-17,48.0
1559903312748353738,2-Bedroom w/ Carpark. Overlooks Central East Frame,482671075,Care Property Stays,Christchurch City,Central Ward,-43.53018,172.64105,Entire home/apt,297.0,1.0,18,2026-08-09,2.07,184,202,18,,2026-5,2026-09-17,39.0
1333602753248012518,Step Into Comfort: Studio on Bath street,482671075,Care Property Stays,Christchurch City,Central Ward,-43.5392668,172.6349548,Entire home/apt,201.0,1.0,39,2026-06-18,2.21,184,236,24,,2026-5,2026-09-17,91.0
946680553324838342,Private room with a garden view,494010048,Mansi,Christchurch City,Spreydon Ward,-43.557898208125295,172.58945614099505,Private room,83.0,1.0,15,2026-04-30,0.86,1,350,13,,2026-5,2026-09-17,140.0
883656380689453598,Perfect for family stays,43398377,Graham,Christchurch City,Halswell Ward,-43.5741,172.54124,Entire home/apt,411.0,2.0,30,2026-04-05,0.84,3,331,9,,2026-5,2026-09-17,165.0
1359042873049714360,Temporary room available,679056810,Saravanan,Christchurch City,Hornby Ward,-43.535975734874135,172.5479840803218,Private room,93.0,1.0,1,2025-02-22,0.06,1,364,0,,2026-5,2026-09-17,572.0
36159874,West lake holiday home,166260467,Jenny,Christchurch City,Halswell Ward,-43.56683,172.5591,Private room,97.0,1.0,13,2025-11-01,0.15,1,364,1,,2026-5,2026-09-17,320.0
1503252509888247929,Large en-suite bedroom in family friendly home.,160780,Mary,Christchurch City,Riccarton Ward,-43.53243,172.59164,Private room,155.0,2.0,10,2026-02-20,1.02,2,129,10,,2026-5,2026-09-17,209.0
11535067,Delightful Sleep-out in Bryndwr,60851743,Marianne & John,Christchurch City,Fendalton Ward,-43.50298,172.5856,Entire home/apt,140.0,1.0,481,2026-06-08,3.78,1,350,54,,2026-5,2026-09-17,101.0
746771667732305581,City Retreat by Hagley Park – Guest Favourite,49642171,Lily-SimplyHost,Christchurch City,Riccarton Ward,-43.52852182323718,172.6113217111145,Entire home/apt,266.0,1.0,220,2026-04-16,4.83,97,223,25,,2026-5,2026-09-17,154.0
27267634,Restful in Riccarton - Christchurch,145244100,Bachcare,Christchurch City,Riccarton Ward,-43.53357,172.60372,Entire home/apt,564.0,2.0,75,2026-07-12,0.78,1231,362,7,,2026-5,2026-09-17,67.0
1579303932255218188,Luxury 2-Bedroom Retreat in the Heart of Merivale,75112372,Tori,Christchurch City,Fendalton Ward,-43.50815588939392,172.62486565858126,Entire home/apt,141.0,3.0,1,2026-05-22,0.35,2,349,1,,2026-5,2026-09-17,118.0
1657598171557846915,FS Home stay,727145306,Pawan,Christchurch City,Linwood Ward,-43.54192687434329,172.6637862668823,Private room,50.0,1.0,1,2026-04-19,0.25,2,338,1,,2026-5,2026-09-17,151.0
777740994793512769,Chic City apartment. Free parking for 2 cars,201714794,Steve,Christchurch City,Fendalton Ward,-43.51526,172.6319,Entire home/apt,125.0,2.0,210,2026-08-06,4.81,2,41,68,,2026-5,2026-09-17,42.0
1734547042361623902,Modern 3BR Addington Home|Parking + Great Location,521392559,Jasneet Singh,Christchurch City,Spreydon Ward,-43.545243,172.6064248,Entire home/apt,344.0,1.0,0,,,2,351,0,,2026-5,2026-09-17,
1664653814710587906,spacious villa warm and secure,756967453,Christopher,Christchurch City,Central Ward,-43.51711,172.64086,Entire home/apt,260.0,1.0,0,,,1,364,0,,2026-5,2026-09-17,
1428777329747183894,"Monochrome House | CBD, Firepit, Free Parking",439038269,Serena,Christchurch City,Central Ward,-43.52828147877686,172.64498980370485,Entire home/apt,308.0,2.0,40,2026-06-17,2.7,7,299,28,,2026-5,2026-09-17,92.0
1611140810138558822,Banks cottage |6 Sleeps | Free Parking,499801408,Anu,Christchurch City,Central Ward,-43.52354419788345,172.63639102809773,Entire home/apt,320.0,1.0,17,2026-08-07,2.68,2,127,17,,2026-5,2026-09-17,41.0
1366422964718569354,Relaxed and private,539460618,Detroit,Christchurch City,Central Ward,-43.53428647703665,172.65818005972827,Private room,134.0,1.0,0,,,1,83,0,,2026-5,2026-09-17,
29655117,Central Riccarton. Warm and modern,223206379,Janya,Christchurch City,Riccarton Ward,-43.53606,172.60521,Private room,234.0,1.0,0,,,2,179,0,,2026-5,2026-09-17,
1132955006565809708,Cosy Modern Home: New Build in Christchurch.,132529848,Meikee,Christchurch City,Innes Ward,-43.5103995,172.6401727,Entire home/apt,315.0,1.0,106,2026-07-23,4.2,2,102,49,,2026-5,2026-09-17,56.0
1207387696580316624,Studio - own bathroom (not ensuite),283575420,Tina,Christchurch City,Innes Ward,-43.50541,172.63837,Entire home/apt,88.0,1.0,158,2026-07-25,6.36,1,323,69,,2026-5,2026-09-17,54.0
40202935,Apartment on Hagley Park,15177022,Hollie Dearden,Christchurch City,Central Ward,-43.53932189941406,172.6201171875,Entire home/apt,417.0,1.0,5,2026-04-18,0.06,1,72,3,,2026-5,2026-09-17,152.0
786283622664084276,Addington Delight - Christchurch Holiday Home,145244100,Bachcare,Christchurch City,Spreydon Ward,-43.54227,172.61467,Entire home/apt,,2.0,2,2026-07-10,0.05,1231,364,1,,2026-5,2026-09-17,69.0
996507298338669668,Rapaki Studio,82613694,Sonya Ann,Christchurch City,Heathcote Ward,-43.56754907450675,172.66537097111856,Entire home/apt,310.0,2.0,86,2026-07-24,2.73,1,186,45,,2026-5,2026-09-17,55.0
25267981,"CBD Fringe Spacious  Family, Group& Business Ready",190903503,Nan,Christchurch City,Heathcote Ward,-43.5516803,172.638343,Entire home/apt,341.0,1.0,23,2026-08-09,3.19,2,255,23,,2026-5,2026-09-17,39.0
46628244,Beautiful house and very near to CBD,293931140,Mani,Christchurch City,Heathcote Ward,-43.55307,172.64637,Private room,47.0,1.0,1,2020-12-03,0.01,1,353,0,,2026-5,2026-09-17,2114.0
1310056374614115337,Modern Living in 1800's Hotel,140854309,Manpreet,Christchurch City,Spreydon Ward,-43.5518,172.5975,Shared room,102.0,1.0,4,2025-09-26,0.2,3,353,1,,2026-5,2026-09-17,356.0
52624191,Studio Queen Room at Samhil Motor Lodge,425993439,Raj,Christchurch City,Riccarton Ward,-43.52717,172.61091,Private room,145.0,1.0,11,2026-03-08,0.26,4,356,8,,2026-5,2026-09-17,193.0
1607154278498675358,MSQ apartment near by Te Kaha Stadium,742566012,Jiyoung,Christchurch City,Central Ward,-43.53027,172.64089,Entire home/apt,210.0,1.0,4,2026-05-07,0.65,1,93,4,,2026-5,2026-09-17,133.0
1663717404350402131,Ensuite Room Close to the City Centre and Stadium,751715149,Hazel,Christchurch City,Central Ward,-43.522067121356855,172.64214278381368,Private room,109.0,1.0,3,2026-07-19,1.15,3,235,3,,2026-5,2026-09-17,60.0
1731082666917540179,Family Interconnecting Rooms by Tram Free Parking,1699581441776159126,Cathedral Tram Gem,Christchurch City,Central Ward,-43.530652,172.6389069,Entire home/apt,288.0,1.0,0,,,3,192,0,,2026-5,2026-09-17,
1690881750063243051,Separate container house. Come with kitchen bathro,170569536,Selvi,Christchurch City,Burwood Ward,-43.5191684,172.7036481,Entire home/apt,103.0,1.0,0,,,1,90,0,,2026-5,2026-09-17,
1177862229996309544,Apartment As Home,583177769,Angela,Christchurch City,Innes Ward,-43.514,172.63729,Entire home/apt,230.0,1.0,1,2025-01-08,0.05,1,317,0,,2026-5,2026-09-17,617.0
1555492511177055649,301 bealey ave motel in city centre free parking,729436932,Jatin,Christchurch City,Central Ward,-43.52078056158844,172.63838533312082,Entire home/apt,685.0,1.0,0,,,2,364,0,,2026-5,2026-09-17,
803146604947649710,Ensuite for long term,495791733,Sukhwinder,Christchurch City,Heathcote Ward,-43.54958,172.64856,Private room,154.0,7.0,0,,,1,364,0,,2026-5,2026-09-17,
888641030989220709,"Ocean Is Just Around The Corner, Sky+Sport,Netflix",514180659,Lux Property Care,Christchurch City,Coastal Ward,-43.503886,172.728598,Entire home/apt,219.0,1.0,184,2026-07-28,4.65,3,301,37,,2026-5,2026-09-17,51.0
1156153354680620039,Nice tidy house.,577449487,Gurbir,Christchurch City,Coastal Ward,-43.47257,172.69397,Private room,,1.0,0,,,1,269,0,,2026-5,2026-09-17,
1585165704995774806,Hidden Sanctuary in North New Brighton.,312742834,Daniel,Christchurch City,Coastal Ward,-43.49194,172.7136,Entire home/apt,174.0,1.0,25,2026-04-20,3.28,3,235,25,,2026-5,2026-09-17,150.0
1153869038043926146,Luxury accommodation in paradise,91237751,Sharon,Christchurch City,Banks Peninsula Ward,-43.7317702,172.6968253,Private room,280.0,1.0,1,2026-02-12,0.16,1,49,1,,2026-5,2026-09-17,217.0
1648099788988303274,Home away from home.,436537622,Nell,Christchurch City,Hornby Ward,-43.5307253,172.5238477,Entire home/apt,,1.0,0,,,1,364,0,,2026-5,2026-09-17,
41895107,★ Beautiful New Home | Close to Airport & City ★,331287587,Jason,Christchurch City,Hornby Ward,-43.52201,172.5277,Entire home/apt,250.0,10.0,3,2020-03-19,0.04,1,170,0,,2026-5,2026-09-17,2373.0
1748117612706896453,Cozy family room in the middle of Hornby town,518438154,Manoji,Christchurch City,Hornby Ward,-43.5429507,172.5323734,Private room,49.0,1.0,0,,,1,362,0,,2026-5,2026-09-17,
704627124544150486,Family-Friendly 3BR | Games Room & Patio,202585247,Ohana,Christchurch City,Riccarton Ward,-43.5362827,172.5920477,Entire home/apt,259.0,1.0,352,2026-07-19,7.33,155,153,79,,2026-5,2026-09-17,60.0
1040202047132050220,Stylish ~Gated free car park~King bed~Central,537318846,Jemima,Christchurch City,Innes Ward,-43.51545,172.63793,Entire home/apt,199.0,1.0,189,2026-08-07,6.14,5,28,98,,2026-5,2026-09-17,41.0
824239319070122326,Christchurch CBD townhouse,211195948,Jenny,Christchurch City,Central Ward,-43.53198,172.66438,Entire home/apt,214.0,1.0,94,2026-04-27,2.21,19,158,19,,2026-5,2026-09-17,143.0
1474920272418603312,Merivale Court Studio-Unit 6,707858717,Stay At Christchurch Ltd,Christchurch City,Fendalton Ward,-43.51765784514209,172.62553876414287,Entire home/apt,129.0,1.0,2,2025-08-15,0.16,14,358,1,,2026-5,2026-09-17,398.0
1472811184841883924,Merivale Court Studio(without kitchen)-Unit 9,707858717,Stay At Christchurch Ltd,Christchurch City,Fendalton Ward,-43.51684,172.62569,Entire home/apt,129.0,1.0,1,2026-06-09,0.45,14,362,1,,2026-5,2026-09-17,100.0
1040165894333073209,Gated free car park~Central~2 Bathroom,537318846,Jemima,Christchurch City,Central Ward,-43.51671,172.63641,Entire home/apt,243.0,1.0,248,2026-07-18,8.03,5,59,98,,2026-5,2026-09-17,61.0
840345082269963311,Walk to Te Kaha | Chic Single Room near CBD & ARA,242784215,Arshi,Christchurch City,Linwood Ward,-43.53875,172.66446,Private room,55.0,1.0,66,2026-08-11,1.72,1,292,24,,2026-5,2026-09-17,37.0
1230319285197741185,* Steps from the Arena – Modern Addington Stay,43367626,Sharon,Christchurch City,Spreydon Ward,-43.54622056342077,172.60682545602322,Entire home/apt,216.0,1.0,22,2026-05-08,0.98,18,103,9,,2026-5,2026-09-17,132.0
1411389893854650098,One Bedroom Twin Studio,266905655,Hari,Christchurch City,Central Ward,-43.52001,172.64076,Private room,163.0,1.0,2,2026-03-11,0.26,5,364,2,,2026-5,2026-09-17,190.0
36618561,Twin Studio Unit,266905655,Hari,Christchurch City,Central Ward,-43.52061,172.64188,Entire home/apt,147.0,1.0,53,2026-05-07,0.66,5,360,14,,2026-5,2026-09-17,133.0
41029782,Beautiful tidy flat with walking distance to CBD,302171127,Maryam,Christchurch City,Innes Ward,-43.51521,172.63878,Private room,86.0,1.0,73,2024-03-13,0.9,1,102,0,,2026-5,2026-09-17,918.0
1573710689700346553,it's a home surrounding with lot of amenities.,732323895,Dhiren,Christchurch City,Cashmere Ward,-43.56454620379006,172.62726818207906,Entire home/apt,354.0,1.0,2,2026-02-28,0.35,1,315,2,,2026-5,2026-09-17,201.0
52660229,Studio Twin Room at Samhil Motor Lodge,425993439,Raj,Christchurch City,Riccarton Ward,-43.52902,172.61073,Private room,147.0,1.0,7,2025-10-21,0.21,4,335,1,,2026-5,2026-09-17,331.0
40783715,Peace on Birdwood,316632883,Theadora,Christchurch City,Cashmere Ward,-43.56947,172.64111,Entire home/apt,147.0,2.0,122,2026-06-27,1.52,1,200,7,,2026-5,2026-09-17,82.0
1689752830149331959,Hagley Park Base | Parking + EV plug-in,24205506,"Mayie, Judi And Karen At Bookahome",Christchurch City,Riccarton Ward,-43.53034,172.61149,Entire home/apt,209.0,2.0,2,2026-06-04,0.79,81,176,2,,2026-5,2026-09-17,105.0
700866717931173791,Thomas Townhouse,24205506,"Mayie, Judi And Karen At Bookahome",Christchurch City,Spreydon Ward,-43.54901,172.60672,Entire home/apt,355.0,2.0,24,2026-03-22,0.52,81,288,11,,2026-5,2026-09-17,179.0
14518648,"Large double bdroom, near Hagley Pk",37461451,Phil & Jo,Christchurch City,Fendalton Ward,-43.52303,172.60494,Private room,691.0,1.0,4,2019-12-22,0.03,1,363,0,,2026-5,2026-09-17,2461.0
583685284216062835,King Room - Accessible,449624343,Lucy,Christchurch City,Riccarton Ward,-43.53136,172.58828,Private room,194.0,1.0,55,2024-07-01,1.09,5,361,0,,2026-5,2026-09-17,808.0
1474855491731026555,"""Urban Oasis on Riccarton Road""",195335705,Manav,Christchurch City,Riccarton Ward,-43.53001,172.57896,Entire home/apt,203.0,1.0,0,,,1,349,0,,2026-5,2026-09-17,
1103911656731458046,Single room 10 mins nearby the airport,77196518,Jill,Christchurch City,Hornby Ward,-43.53257,172.52296,Private room,53.0,1.0,47,2026-07-07,1.6,5,37,10,,2026-5,2026-09-17,72.0
1297571635448220634,Cozy bedroom piece and quite,378380785,Adorable House,Christchurch City,Halswell Ward,-43.57158312242351,172.54244054047504,Private room,57.0,1.0,52,2026-08-01,2.49,1,349,8,,2026-5,2026-09-17,47.0
11704236,Modern house close to city and parks,62214991,Zhen,Christchurch City,Fendalton Ward,-43.52177,172.60927,Private room,171.0,2.0,12,2025-02-22,0.1,1,88,0,,2026-5,2026-09-17,572.0
1679439552529336090,Chic In The City,8729210,Olivia,Christchurch City,Central Ward,-43.52282412617745,172.6313284292819,Entire home/apt,152.0,2.0,0,,,1,339,0,,2026-5,2026-09-17,
1288174813595484817,Amazing Central City Location: 3bd + 2bth,45172785,The MAC Property Team,Christchurch City,Central Ward,-43.5311938,172.6481437,Entire home/apt,290.0,1.0,138,2026-08-03,6.57,46,271,81,,2026-5,2026-09-17,45.0
1138045400125631751,Family Ensuite in City Centre,573074023,Drifter,Christchurch City,Central Ward,-43.53403,172.63958,Private room,198.0,1.0,4,2026-03-13,0.23,13,253,1,,2026-5,2026-09-17,188.0
1745891991100313430,Sunny Private Room in Friendly Christchurch Home,174104527,Jessie,Christchurch City,Spreydon Ward,-43.56241,172.61454,Private room,85.0,1.0,0,,,1,334,0,,2026-5,2026-09-17,
1502567548153500079,Family-Friendly 2-Bedroom Apartment & Parking,573757538,Prince,Christchurch City,Riccarton Ward,-43.53714,172.59993,Entire home/apt,230.0,1.0,0,,,7,355,0,,2026-5,2026-09-17,
1568436907738234006,Bliss at Madras - Christchurch Holiday Home,145244100,Bachcare,Christchurch City,Innes Ward,-43.51529570369837,172.64348798350352,Entire home/apt,,2.0,0,,,1231,364,0,,2026-5,2026-09-17,
1027864169621451664,Quiet Room in Christchurch,338919098,Josh,Christchurch City,Innes Ward,-43.4959,172.64196,Private room,89.0,1.0,4,2024-09-06,0.12,2,89,0,,2026-5,2026-09-17,741.0
1425749740686336012,Cozy Living in Unit 4 Armagh,696473453,Punyadeep Singh,Christchurch City,Central Ward,-43.529432980629416,172.66330297716968,Entire home/apt,329.0,1.0,3,2026-02-28,0.4,3,256,3,,2026-5,2026-09-17,201.0
1512530079622285921,Modern Comforts in a Brand New Apartment,74811135,Maggie,Christchurch City,Spreydon Ward,-43.55186059336572,172.61846851069686,Entire home/apt,193.0,1.0,18,2026-04-18,1.68,46,96,18,,2026-5,2026-09-17,152.0
39993113,Near New Charming Central Apartment,308350984,Elijah,Christchurch City,Central Ward,-43.52841,172.64482,Entire home/apt,151.0,1.0,409,2026-08-13,5.04,1,191,87,,2026-5,2026-09-17,35.0
1708420610654004436,Stylish CBD Apartment | Walk to One NZ Stadium,72194360,Breidi,Christchurch City,Central Ward,-43.5334631,172.6411791,Entire home/apt,248.0,2.0,2,2026-08-03,1.09,10,153,2,,2026-5,2026-09-17,45.0
1566572198070026975,French Inspired Retreat - Akaroa Upper Deck,24205506,"Mayie, Judi And Karen At Bookahome",Christchurch City,Banks Peninsula Ward,-43.81038864067729,172.96310658553492,Entire home/apt,,2.0,9,2026-04-22,1.25,81,0,9,,2026-5,2026-09-17,148.0
